,action_type,activity_comment,activity_id,activity_properties,assay_chembl_id,assay_description,assay_type,assay_variant_accession,assay_variant_mutation,bao_endpoint,bao_format,bao_label,canonical_smiles,data_validity_comment,data_validity_description,document_chembl_id,document_journal,document_year,ligand_efficiency,molecule_chembl_id,molecule_pref_name,parent_molecule_chembl_id,pchembl_value,potential_duplicate,qudt_units,record_id,relation,src_id,standard_flag,standard_relation,standard_text_value,standard_type,standard_units,standard_upper_value,standard_value,target_chembl_id,target_organism,target_pref_name,target_tax_id,text_value,toid,type,units,uo_units,upper_value,value,activity,pIC50
1716,,,14541482,[],CHEMBL3227447,Antimicrobial activity against methicillin-resistant Staphylococcus aureus ATCC BAA-44 assessed as inhibition of biofilm formation after 24 hrs by crystal violet staining-based microscopy,F,,,BAO_0000190,BAO_0000218,organism-based format,CCCCCc1ccc(C(=O)Nc2ccc3c(c2)nc(N)n3CCc2ccccn2)cc1.Cl,,,CHEMBL3217587,Medchemcomm,2012,,CHEMBL3218066,,CHEMBL3301758,5.05,0,http://www.openphacts.org/units/Nanomolar,2072410,=,1,1,=,,IC50,nM,,8900.0,CHEMBL352,Staphylococcus aureus,Staphylococcus aureus,1280,,,IC50,uM,UO_0000065,,8.9,8900.0,5.050609993355087
292,,,5190384,[],CHEMBL1663615,Antibiofilm activity in Salmonella Typhimurium ATCC 14028 assessed as inhibition of biofilm formation at 25 degC after 24 hrs,F,,,BAO_0000190,BAO_0000218,organism-based format,CCCCn1c(-c2ccc(Br)cc2)cnc1N,,,CHEMBL1649413,J Med Chem,2011,,CHEMBL1649828,,CHEMBL1649828,4.79,0,http://www.openphacts.org/units/Nanomolar,1322106,=,1,1,=,,IC50,nM,,16200.0,CHEMBL351,Salmonella enterica subsp. enterica serovar Typhimurium,Salmonella typhimurium,90371,,,IC50,uM,UO_0000065,,16.2,16200.0,4.790484985457369
3497,,,18570291,[],CHEMBL4220814,Antibiofilm activity against Escherichia coli TG1 after 24 hrs by crystal violet staining based assay,F,,,BAO_0000190,BAO_0000218,organism-based format,c1ccc(-c2cnc(NCCCCCNc3ncc(-c4ccccc4)[nH]3)[nH]2)cc1,,,CHEMBL4219072,Bioorg Med Chem,2018,,CHEMBL4227008,,CHEMBL4227008,5.28,0,http://www.openphacts.org/units/Nanomolar,3083440,=,1,1,=,,IC50,nM,,5200.0,CHEMBL354,Escherichia coli,Escherichia coli,562,,,IC50,uM,UO_0000065,,5.2,5200.0,5.2839966563652006
3554,,,18570348,[],CHEMBL4220815,Antibiofilm activity against Staphylococcus aureus SH1000 after 48 hrs by crystal violet staining based assay,F,,,BAO_0000190,BAO_0000218,organism-based format,Fc1ccc(-c2cnc(NCCCCCCNc3ncc(-c4ccc(F)cc4)[nH]3)[nH]2)cc1,,,CHEMBL4219072,Bioorg Med Chem,2018,,CHEMBL4226947,,CHEMBL4226947,5.05,0,http://www.openphacts.org/units/Nanomolar,3083445,=,1,1,=,,IC50,nM,,8900.0,CHEMBL352,Staphylococcus aureus,Staphylococcus aureus,1280,,,IC50,uM,UO_0000065,,8.9,8900.0,5.050609993355087
2839,,,17987945,[],CHEMBL3999629,Antibiofilm activity against Staphylococcus aureus MTCC 96 after 24 hrs by crystal violet staining based assay,F,,,BAO_0000190,BAO_0000019,assay format,O=C(O)c1cn(C2CC2)c2cc(N3CCNCC3)c(F)cc2c1=O,,,CHEMBL3997821,Bioorg Med Chem Lett,2017,,CHEMBL8,CIPROFLOXACIN,CHEMBL8,,0,http://www.openphacts.org/units/MicrogramPerMilliliter,2979994,=,1,1,=,,IC50,ug.mL-1,,0.6,CHEMBL352,Staphylococcus aureus,Staphylococcus aureus,1280,,,IC50,ug ml-1,UO_0000274,,0.6,1810.7905005930336,5.742131792479661
2091,,,15668838,[],CHEMBL3603703,Inhibition of biofilm formation in Staphylococcus aureus 8325-4 after 24 hrs by microtiter plate assay,F,,,BAO_0000188,BAO_0000218,organism-based format,COc1cc([C@H]2Oc3ccc([C@H]4Oc5cc(O)cc(O)c5C(=O)[C@@H]4O)cc3O[C@@H]2CO)ccc1O,,,CHEMBL3600361,J Nat Prod,2015,,CHEMBL592676,ISOSILYBIN A,CHEMBL592676,,0,http://www.openphacts.org/units/MicrogramPerMilliliter,2493553,=,1,1,=,,EC50,ug.mL-1,,32.0,CHEMBL352,Staphylococcus aureus,Staphylococcus aureus,1280,,,EC50,ug ml-1,UO_0000274,,32.0,66329.3542630083,4.178294230673542
1828,,,14739119,[],CHEMBL3296158,Antimicrobial activity against Staphylococcus aureus MTCC 96 assessed as inhibition of biofilm formation after 24 hrs by crystal violet staining-based assay,F,,,BAO_0000190,BAO_0000218,organism-based format,CCOC(=O)Cn1nc(-n2cc(COc3cc(C(F)(F)F)nc(N)n3)nn2)c2ccc(C(F)(F)F)nc21,,,CHEMBL3286384,Bioorg Med Chem Lett,2014,,CHEMBL3287778,,CHEMBL3287778,,0,http://www.openphacts.org/units/MicrogramPerMilliliter,2115198,=,1,1,=,,IC50,ug.mL-1,,3.9,CHEMBL352,Staphylococcus aureus,Staphylococcus aureus,1280,,,IC50,ug ml-1,UO_0000274,,3.9,7339.421917019365,5.134338145551981
1949,,,15125505,[],CHEMBL3381381,Anti-biofilm activity against Staphylococcus aureus MTCC 96 assessed as inhibition of biofilm formation incubated for 24 hrs by crystal violet staining based modified biofilm inhibition assay,F,,,BAO_0000190,BAO_0000218,organism-based format,CCCCCCC(C/C=C\CCCCCCCC(=O)OC)/N=C\c1c[nH]c2ccccc12,,,CHEMBL3351415,Bioorg Med Chem Lett,2014,,CHEMBL3360839,,CHEMBL3360839,5.14,0,http://www.openphacts.org/units/Nanomolar,2272911,=,1,1,=,,IC50,nM,,7300.0,CHEMBL352,Staphylococcus aureus,Staphylococcus aureus,1280,,,IC50,uM,UO_0000065,,7.3,7300.0,5.136677139879544
6210,,,22750698,"[{'comments': None, 'relation': '=', 'result_flag': 0, 'standard_relation': '=', 'standard_text_value': None, 'standard_type': 'TIME', 'standard_units': 'hr', 'standard_value': '24.0', 'text_value': None, 'type': 'Time', 'units': 'hrs', 'value': '24.0'}]",CHEMBL4699742,Antibiofilm activity against Mycobacterium smegmatis mc2 155 ATCC 700084 assessed as inhibition of biofilm formation measured after 24 hrs by crystal violet reporter assay,F,,,BAO_0000190,BAO_0000218,organism-based format,CCCn1cc(-c2ccnc(N)n2)c2cc(Br)ccc21,,,CHEMBL4699393,RSC Med Chem,2020,,CHEMBL4299899,,CHEMBL4299899,4.82,0,http://www.openphacts.org/units/Nanomolar,3530904,=,1,1,=,,IC50,nM,,15100.0,CHEMBL613088,Mycolicibacterium smegmatis,Mycolicibacterium smegmatis,1772,,,IC50,uM,UO_0000065,,15.1,15100.0,4.82102305270683
3399,,,18570193,[],CHEMBL4220812,Antibiofilm activity against Salmonella typhimurium ATCC 14028 after 24 hrs by crystal violet staining based assay,F,,,BAO_0000190,BAO_0000218,organism-based format,c1ccc(-c2cnc(NCCCNc3ncc(-c4ccccc4)[nH]3)[nH]2)cc1,,,CHEMBL4219072,Bioorg Med Chem,2018,,CHEMBL4226219,,CHEMBL4226219,5.24,0,http://www.openphacts.org/units/Nanomolar,3083442,=,1,1,=,,IC50,nM,,5700.0,CHEMBL351,Salmonella enterica subsp. enterica serovar Typhimurium,Salmonella typhimurium,90371,,,IC50,uM,UO_0000065,,5.7,5700.0,5.2441251443275085
2284,,,16418636,[],CHEMBL3748312,Antibiofilm activity against Staphylococcus aureus MTCC 96 after 24 hrs by crystal violet staining based method,F,,,BAO_0000190,BAO_0000218,organism-based format,CCCCCCCCC(CCCCCCCCC(=O)OC)SCC(=O)N[C@H](C(=O)OC)[C@@H](C)CC,,,CHEMBL3745670,Bioorg Med Chem Lett,2016,,CHEMBL3747292,,CHEMBL3747292,4.67,0,http://www.openphacts.org/units/Nanomolar,2741385,=,1,1,=,,IC50,nM,,21500.0,CHEMBL352,Staphylococcus aureus,Staphylococcus aureus,1280,,,IC50,uM,UO_0000065,,21.5,21500.0,4.667561540084395
948,,,10954619,[],CHEMBL2061045,Antibacterial activity against Escherichia coli K-12 ATCC 25404 assessed as inhibition of biofilm formation after 2 hrs by confocal laser microscopic analysis,F,,,BAO_0000190,BAO_0000218,organism-based format,COC(=O)c1cccc(-c2ccc(O[C@H]3O[C@H](CO)[C@@H](O)[C@H](O)[C@@H]3O)c(OC)c2)c1,,,CHEMBL2057137,J Med Chem,2012,,CHEMBL2058198,,CHEMBL2058198,6.05,0,http://www.openphacts.org/units/Nanomolar,1656068,=,1,1,=,,IC50,nM,,890.0,CHEMBL354,Escherichia coli,Escherichia coli,562,,,IC50,uM,UO_0000065,,0.89,890.0,6.050609993355087
3566,,,18570360,[],CHEMBL4220815,Antibiofilm activity against Staphylococcus aureus SH1000 after 48 hrs by crystal violet staining based assay,F,,,BAO_0000190,BAO_0000218,organism-based format,Brc1ccc(-c2cnc(NCCCCCCNc3ncc(-c4ccc(Br)cc4)[nH]3)[nH]2)cc1,,,CHEMBL4219072,Bioorg Med Chem,2018,,CHEMBL4226912,,CHEMBL4226912,4.27,0,http://www.openphacts.org/units/Nanomolar,3083457,=,1,1,=,,IC50,nM,,53300.0,CHEMBL352,Staphylococcus aureus,Staphylococcus aureus,1280,,,IC50,uM,UO_0000065,,53.3,53300.0,4.273272790973428
776,,,6306938,[],CHEMBL1815005,Antimicrobial activity against Salmonella Typhimurium ATCC 14028 assessed as inhibition of biofilm formation after 24 hrs by spectrophotometry,F,,,BAO_0000190,BAO_0000218,organism-based format,CCCCCCCCCCN1c2nccc[n+]2C[C@@]1(O)c1ccc(OC)cc1.[Br-],,,CHEMBL1811868,Bioorg Med Chem,2011,,CHEMBL1814204,,CHEMBL1852730,4.73,0,http://www.openphacts.org/units/Nanomolar,1448743,=,1,1,=,,IC50,nM,,18600.0,CHEMBL351,Salmonella enterica subsp. enterica serovar Typhimurium,Salmonella typhimurium,90371,,,IC50,uM,UO_0000065,,18.6,18600.0,4.730487055782084
3387,,,18570181,[],CHEMBL4220812,Antibiofilm activity against Salmonella typhimurium ATCC 14028 after 24 hrs by crystal violet staining based assay,F,,,BAO_0000190,BAO_0000218,organism-based format,Nc1ncc(-c2ccc(Cl)cc2)n1CCCn1c(-c2ccc(Cl)cc2)cnc1N,,,CHEMBL4219072,Bioorg Med Chem,2018,,CHEMBL4226088,,CHEMBL4226088,5.39,0,http://www.openphacts.org/units/Nanomolar,3083429,=,1,1,=,,IC50,nM,,4100.0,CHEMBL351,Salmonella enterica subsp. enterica serovar Typhimurium,Salmonella typhimurium,90371,,,IC50,uM,UO_0000065,,4.1,4100.0,5.3872161432802645
3576,,,18583813,[],CHEMBL4223116,Antibiofilm activity against Staphylococcus aureus MTCC 96 after 24 hrs by crystal violet staining-based assay,F,,,BAO_0000190,BAO_0000218,organism-based format,CN1CCN(C(=O)c2nc(-c3ccccc3)c3c(C(F)(F)F)cc(-c4ccccc4)nc3n2)CC1,,,CHEMBL4219190,Bioorg Med Chem Lett,2018,,CHEMBL4227935,,CHEMBL4227935,,0,http://www.openphacts.org/units/MicrogramPerMilliliter,3086029,=,1,1,=,,IC50,ug.mL-1,,5.4,CHEMBL352,Staphylococcus aureus,Staphylococcus aureus,1280,,,IC50,ug ml-1,UO_0000274,,5.4,11309.137364133276,4.946570520829162
3407,,,18570201,[],CHEMBL4220812,Antibiofilm activity against Salmonella typhimurium ATCC 14028 after 24 hrs by crystal violet staining based assay,F,,,BAO_0000190,BAO_0000218,organism-based format,Clc1ccc(-c2cnc(NCCCCCCCNc3ncc(-c4ccc(Cl)cc4)[nH]3)[nH]2)cc1,,,CHEMBL4219072,Bioorg Med Chem,2018,,CHEMBL4228217,,CHEMBL4228217,4.64,0,http://www.openphacts.org/units/Nanomolar,3083450,=,1,1,=,,IC50,nM,,23000.0,CHEMBL351,Salmonella enterica subsp. enterica serovar Typhimurium,Salmonella typhimurium,90371,,,IC50,uM,UO_0000065,,23.0,23000.0,4.638272163982407
4298,,,18982152,[],CHEMBL4339389,Antibiofilm activity against Staphylococcus aureus ATCC 25923 incubated for 24 hrs by crystal violet-staining based assay,F,,,BAO_0000179,BAO_0000218,organism-based format,Br.COc1ccc(OC)c(-c2cn3nc(-c4c[nH]c5ccccc45)sc3n2)c1,,,CHEMBL4339190,Eur J Med Chem,2019,,CHEMBL4435459,,CHEMBL4598064,,0,http://www.openphacts.org/units/Micromolar,3166576,=,1,0,=,,MBIC50,uM,,1.2,CHEMBL352,Staphylococcus aureus,Staphylococcus aureus,1280,,,MBIC50,uM,UO_0000064,,1.2,1200.0,5.920818753952376
2933,,,18119822,[],CHEMBL4026374,Antibiofilm activity against methicillin-resistant Staphylococcus aureus BAA-1770,F,,,BAO_0000190,BAO_0000019,assay format,CCCCCc1ccc(C(=O)NCCn2cc(CCCCCc3c[nH]c(NCc4ccc(CCCC)cc4)n3)nn2)cc1,,,CHEMBL4024742,J Med Chem,2017,,CHEMBL4103301,,CHEMBL4103301,4.8,0,http://www.openphacts.org/units/Nanomolar,3004689,=,1,1,=,,IC50,nM,,16000.0,CHEMBL352,Staphylococcus aureus,Staphylococcus aureus,1280,,,IC50,uM,UO_0000065,18.0,16.0,16000.0,4.795880017344075
3160,,,18470438,[],CHEMBL4182537,Anti-biofilm activity against Pseudoalteromonas ulvae TC14 assessed as inhibition of bacterial adhesion incubated for 15 hrs at 20 degC by Syto 61 dye based fluorimetric assay,F,,,BAO_0000188,BAO_0000218,organism-based format,COc1ccc(CCNC(=O)c2cn(-c3cccc(OC)c3)nn2)cc1,,,CHEMBL4177720,Bioorg Med Chem Lett,2018,,CHEMBL4208085,,CHEMBL4208085,4.94,0,http://www.openphacts.org/units/Nanomolar,3065753,=,1,1,=,,EC50,nM,,11400.0,CHEMBL4296595,Pseudoalteromonas ulvae,Pseudoalteromonas ulvae,107327,,,EC50,uM,UO_0000065,,11.4,11400.0,4.943095148663527
9407,,,25722626,"[{'comments': None, 'relation': '=', 'result_flag': 0, 'standard_relation': '=', 'standard_text_value': None, 'standard_type': 'DOSE_Lower', 'standard_units': 'microg/ml', 'standard_value': '1.56', 'text_value': None, 'type': 'DOSE_Lower', 'units': 'microg/ml', 'value': '1.56'}, {'comments': None, 'relation': '=', 'result_flag': 0, 'standard_relation': '=', 'standard_text_value': None, 'standard_type': 'DOSE_Upper', 'standard_units': 'microg/ml', 'standard_value': '100.0', 'text_value': None, 'type': 'DOSE_Upper', 'units': 'microg/ml', 'value': '100.0'}, {'comments': None, 'relation': '=', 'result_flag': 0, 'standard_relation': '=', 'standard_text_value': None, 'standard_type': 'TIME', 'standard_units': 'hr', 'standard_value': '24.0', 'text_value': None, 'type': 'TIME', 'units': 'hrs', 'value': '24.0'}]",CHEMBL5391157,Antibiofilm activity against methicillin-resistant Staphylococcus aureus ATCC 33591 assessed as inhibition of biofilm formation incubated for 24 hrs by crystal violet staining based analysis,F,,,BAO_0000179,BAO_0000218,organism-based format,CC1(C)C(c2cnc3c4ccc(Br)cc4nn3c2)=Nc2ccccc21,,,CHEMBL5390226,Bioorg Med Chem,2023,,CHEMBL5404867,,CHEMBL5404867,,0,http://www.openphacts.org/units/MicrogramPerMilliliter,4010186,=,1,0,=,,MBIC50,ug ml-1,,100.0,CHEMBL352,Staphylococcus aureus,Staphylococcus aureus,1280,,,MBIC50,ug ml-1,UO_0000274,,100.0,255576.6832280357,3.592478770260544
6274,,,22790163,"[{'comments': None, 'relation': '=', 'result_flag': 0, 'standard_relation': '=', 'standard_text_value': None, 'standard_type': 'TIME', 'standard_units': 'hr', 'standard_value': '24.0', 'text_value': None, 'type': 'Time', 'units': 'hrs', 'value': '24.0'}]",CHEMBL4709341,Antibiofilm activity against methicillin-resistant Staphylococcus aureus ATCC BAA-44 incubated for 24 hrs by crystal violet-staining based assay,F,,,BAO_0000190,BAO_0000218,organism-based format,COc1ccc(-c2[nH]c(N)nc2CCCCCc2cn(C/C(C)=C\c3ccccc3)nn2)cc1,,,CHEMBL4706534,Eur J Med Chem,2020,,CHEMBL4784852,,CHEMBL4784852,5.87,0,http://www.openphacts.org/units/Nanomolar,3538717,=,1,1,=,,IC50,nM,,1340.0,CHEMBL352,Staphylococcus aureus,Staphylococcus aureus,1280,,,IC50,uM,UO_0000065,,1.34,1340.0,5.872895201635192
1908,,,15087763,[],CHEMBL3388394,Inhibition of biofilm formation in methicillin-resistant Staphylococcus aureus MTCC 96 after 36 hr incubation by tissue culture plate method,F,,,BAO_0000190,BAO_0000218,organism-based format,O=C(O)CCC(=O)Nc1ccc(-c2nc3cc(Cl)ccc3[nH]2)cc1,,,CHEMBL3352166,Bioorg Med Chem,2014,,CHEMBL3344015,,CHEMBL3344015,4.27,0,http://www.openphacts.org/units/Nanomolar,2266628,=,1,1,=,,IC50,nM,,53200.0,CHEMBL352,Staphylococcus aureus,Staphylococcus aureus,1280,,,IC50,uM,UO_0000065,,53.2,53200.0,4.274088367704952
636,,,6304674,[],CHEMBL1815005,Antimicrobial activity against Salmonella Typhimurium ATCC 14028 assessed as inhibition of biofilm formation after 24 hrs by spectrophotometry,F,,,BAO_0000190,BAO_0000218,organism-based format,CCCCCCCCNc1ncc(-c2cccc(Br)c2)[nH]1,,,CHEMBL1811868,Bioorg Med Chem,2011,,CHEMBL1814366,,CHEMBL1814366,4.35,0,http://www.openphacts.org/units/Nanomolar,1448963,=,1,1,=,,IC50,nM,,44640.0,CHEMBL351,Salmonella enterica subsp. enterica serovar Typhimurium,Salmonella typhimurium,90371,,,IC50,uM,UO_0000065,,44.64,44640.0,4.350275814070478
681,,,6305673,[],CHEMBL1815005,Antimicrobial activity against Salmonella Typhimurium ATCC 14028 assessed as inhibition of biofilm formation after 24 hrs by spectrophotometry,F,,,BAO_0000190,BAO_0000218,organism-based format,O=[N+]([O-])c1ccc([C@]2(O)C[n+]3cccnc3N2Cc2ccccc2)cc1.[Br-],Outside typical range,"Values for this activity type are unusually large/small, so may not be accurate",CHEMBL1811868,Bioorg Med Chem,2011,,CHEMBL1814229,,CHEMBL1851764,,0,http://www.openphacts.org/units/Nanomolar,1448768,=,1,1,=,,IC50,nM,,174300.0,CHEMBL351,Salmonella enterica subsp. enterica serovar Typhimurium,Salmonella typhimurium,90371,,,IC50,uM,UO_0000065,,174.3,174300.0,3.7587026128900067
1721,,,14541487,[],CHEMBL3227447,Antimicrobial activity against methicillin-resistant Staphylococcus aureus ATCC BAA-44 assessed as inhibition of biofilm formation after 24 hrs by crystal violet staining-based microscopy,F,,,BAO_0000190,BAO_0000218,organism-based format,CCCCCc1ccc(C(=O)Nc2ccc3c(c2)nc(N)n3CCCCc2c[nH]c3ccccc23)cc1.Cl,,,CHEMBL3217587,Medchemcomm,2012,,CHEMBL3218071,,CHEMBL3301728,5.1,0,http://www.openphacts.org/units/Nanomolar,2072415,=,1,1,=,,IC50,nM,,7900.0,CHEMBL352,Staphylococcus aureus,Staphylococcus aureus,1280,,,IC50,uM,UO_0000065,,7.9,7900.0,5.102372908709558
1763,,,14667338,[],CHEMBL3268490,Antimicrobial activity against methicillin-resistant Staphylococcus aureus 25762 assessed as inhibition of biofilm formation after 48 hrs by crystal violet staining-based spectrophotometry,F,,,BAO_0000179,BAO_0000218,organism-based format,Cl.Nc1nc(-c2ccc(NC(=O)c3cc4ccccc4[nH]3)cc2)c[nH]1,,,CHEMBL3259692,Bioorg Med Chem Lett,2014,,CHEMBL3113253,,CHEMBL3139649,,0,http://www.openphacts.org/units/Micromolar,2099983,=,1,0,=,,MBIC50,uM,,90.0,CHEMBL352,Staphylococcus aureus,Staphylococcus aureus,1280,,,MBIC50,uM,UO_0000064,,90.0,90000.0,4.045757490560675
3586,,,18583880,[],CHEMBL4223116,Antibiofilm activity against Staphylococcus aureus MTCC 96 after 24 hrs by crystal violet staining-based assay,F,,,BAO_0000190,BAO_0000218,organism-based format,O=C(NCc1ccco1)c1nc(-c2ccccc2)c2c(C(F)(F)F)cc(-c3ccccc3)nc2n1,,,CHEMBL4219190,Bioorg Med Chem Lett,2018,,CHEMBL4227121,,CHEMBL4227121,,0,http://www.openphacts.org/units/MicrogramPerMilliliter,3086031,=,1,1,=,,IC50,ug.mL-1,,2.7,CHEMBL352,Staphylococcus aureus,Staphylococcus aureus,1280,,,IC50,ug ml-1,UO_0000274,,2.7,5690.895831313415,5.244819363838136
1666,,,14532268,[],CHEMBL3223733,Inhibition of biofilm formation in Staphylococcus aureus 29213 after 24 hrs by crystal violet staining-based assay,F,,,BAO_0000190,BAO_0000218,organism-based format,CCCCCc1ccc(C(=O)NCCn2cc(Cc3c[nH]c4ccccc34)nn2)cc1,,,CHEMBL3217512,Medchemcomm,2013,,CHEMBL3219474,,CHEMBL3219474,4.35,0,http://www.openphacts.org/units/Nanomolar,2074323,=,1,1,=,,IC50,nM,,44400.0,CHEMBL352,Staphylococcus aureus,Staphylococcus aureus,1280,,,IC50,uM,UO_0000065,,44.4,44400.0,4.35261702988538
885,,,8038767,[],CHEMBL1954979,Antibacterial activity against Staphylococcus aureus ATCC 6538P assessed as inhibition of biofilm formation after 24 hrs by crystal violet staining,F,,,BAO_0000188,BAO_0000218,organism-based format,Oc1ccc(-c2cc3ccccc3o2)c(O)c1,,,CHEMBL1949602,Bioorg Med Chem,2012,,CHEMBL1951615,,CHEMBL1951615,5.09,0,http://www.openphacts.org/units/Nanomolar,1579145,=,1,1,=,,EC50,nM,,8200.0,CHEMBL352,Staphylococcus aureus,Staphylococcus aureus,1280,,,EC50,uM,UO_0000065,,8.2,8200.0,5.086186147616284
271,,,5190363,[],CHEMBL1663615,Antibiofilm activity in Salmonella Typhimurium ATCC 14028 assessed as inhibition of biofilm formation at 25 degC after 24 hrs,F,,,BAO_0000190,BAO_0000218,organism-based format,CCCCCCCCCn1c(-c2ccc(Cl)cc2)cnc1N,,,CHEMBL1649413,J Med Chem,2011,,CHEMBL1649807,,CHEMBL1649807,5.4,0,http://www.openphacts.org/units/Nanomolar,1322085,=,1,1,=,,IC50,nM,,4000.0,CHEMBL351,Salmonella enterica subsp. enterica serovar Typhimurium,Salmonella typhimurium,90371,,,IC50,uM,UO_0000065,,4.0,4000.0,5.3979400086720375
8158,,,24898392,"[{'comments': None, 'relation': '=', 'result_flag': 0, 'standard_relation': '=', 'standard_text_value': None, 'standard_type': 'TIME', 'standard_units': 'hr', 'standard_value': '24.0', 'text_value': None, 'type': 'Time', 'units': 'hrs', 'value': '24.0'}]",CHEMBL5159908,Antibiofilm activity against Salmonella typhimurium ATCC 14028 assessed as biofilm dispersal effect incubated for 24 hrs by crystal violet staining based spectrophotometry,F,,,BAO_0000188,BAO_0000218,organism-based format,CN(Cc1ccsc1)CC1CCN(CCc2cccc(Br)c2)CC1,,,CHEMBL5154764,Eur J Med Chem,2022,,CHEMBL5204928,,CHEMBL5204928,4.08,0,http://www.openphacts.org/units/Nanomolar,3891399,=,1,1,=,,EC50,nM,,83000.0,CHEMBL351,Salmonella enterica subsp. enterica serovar Typhimurium,Salmonella typhimurium,90371,,,EC50,uM,UO_0000065,,83.0,83000.0,4.080921907623926
708,,,6305756,[],CHEMBL1815005,Antimicrobial activity against Salmonella Typhimurium ATCC 14028 assessed as inhibition of biofilm formation after 24 hrs by spectrophotometry,F,,,BAO_0000190,BAO_0000218,organism-based format,O[C@@]1(c2ccc(Cl)cc2)C[n+]2cccnc2N1C1CCCCCC1.[Br-],,,CHEMBL1811868,Bioorg Med Chem,2011,,CHEMBL1814222,,CHEMBL1851859,4.55,0,http://www.openphacts.org/units/Nanomolar,1448761,=,1,1,=,,IC50,nM,,27900.0,CHEMBL351,Salmonella enterica subsp. enterica serovar Typhimurium,Salmonella typhimurium,90371,,,IC50,uM,UO_0000065,,27.9,27900.0,4.554395796726403
4964,,,19107447,[],CHEMBL4369768,Antibiofilm activity against Mycobacterium smegmatis str. MC2 155 ATCC 700084 assessed as inhibition of biofilm formation incubated for 48 hrs by crystal violet reporter assay,F,,,BAO_0000190,BAO_0000218,organism-based format,CCCCCc1ccc(C(=O)Nc2ccc3c(c2)nc(N)n3CCCc2ccccc2)cc1,,,CHEMBL4368897,Medchemcomm,2019,,CHEMBL3304276,,CHEMBL3304276,5.46,0,http://www.openphacts.org/units/Nanomolar,3188126,=,1,1,=,,IC50,nM,,3500.0,CHEMBL613088,Mycolicibacterium smegmatis,Mycolicibacterium smegmatis,1772,,,IC50,uM,UO_0000065,,3.5,3500.0,5.455931955649724
4331,,,18982185,[],CHEMBL4339390,Antibiofilm activity against Staphylococcus aureus ATCC 6538 incubated for 24 hrs by crystal violet-staining based assay,F,,,BAO_0000179,BAO_0000218,organism-based format,Br.COc1ccc(OC)c(-c2cn3nc(-c4cn(C)c5ccccc45)sc3n2)c1,,,CHEMBL4339190,Eur J Med Chem,2019,,CHEMBL4571070,,CHEMBL4595786,,0,http://www.openphacts.org/units/Micromolar,3166580,=,1,0,=,,MBIC50,uM,,3.6,CHEMBL352,Staphylococcus aureus,Staphylococcus aureus,1280,,,MBIC50,uM,UO_0000064,,3.6,3600.0,5.443697499232712
3332,,,18552665,[],CHEMBL4199792,Inhibition of biofilm formation in methicillin-resistant Staphylococcus aureus ATCC 43300 after 24 hrs by crystal violet staining based method,F,,,BAO_0000190,BAO_0000218,organism-based format,CCCCn1cc(-c2ccnc(N)n2)c2cc(Br)ccc21.Cl,,,CHEMBL4196121,ACS Med Chem Lett,2018,,CHEMBL4211324,,CHEMBL4300099,4.42,0,http://www.openphacts.org/units/Nanomolar,3080279,=,1,1,=,,IC50,nM,,38100.0,CHEMBL352,Staphylococcus aureus,Staphylococcus aureus,1280,,,IC50,uM,UO_0000065,,38.1,38100.0,4.419075024324381
2283,,,16418635,[],CHEMBL3748312,Antibiofilm activity against Staphylococcus aureus MTCC 96 after 24 hrs by crystal violet staining based method,F,,,BAO_0000190,BAO_0000218,organism-based format,CCCCCCCCC(CCCCCCCCC(=O)OC)SCC(=O)N[C@@H](C)C(=O)OC,,,CHEMBL3745670,Bioorg Med Chem Lett,2016,,CHEMBL3747025,,CHEMBL3747025,5.03,0,http://www.openphacts.org/units/Nanomolar,2741384,=,1,1,=,,IC50,nM,,9300.0,CHEMBL352,Staphylococcus aureus,Staphylococcus aureus,1280,,,IC50,uM,UO_0000065,,9.3,9300.0,5.031517051446064
3394,,,18570188,[],CHEMBL4220812,Antibiofilm activity against Salmonella typhimurium ATCC 14028 after 24 hrs by crystal violet staining based assay,F,,,BAO_0000190,BAO_0000218,organism-based format,c1ccc(-c2cnc(NCCCCCCCCNc3ncc(-c4ccccc4)[nH]3)[nH]2)cc1,,,CHEMBL4219072,Bioorg Med Chem,2018,,CHEMBL4225897,,CHEMBL4225897,4.95,0,http://www.openphacts.org/units/Nanomolar,3083437,=,1,1,=,,IC50,nM,,11200.0,CHEMBL351,Salmonella enterica subsp. enterica serovar Typhimurium,Salmonella typhimurium,90371,,,IC50,uM,UO_0000065,,11.2,11200.0,4.950781977329818
6014,,,22444733,"[{'comments': None, 'relation': '=', 'result_flag': 0, 'standard_relation': '=', 'standard_text_value': None, 'standard_type': 'TIME', 'standard_units': 'hr', 'standard_value': '24.0', 'text_value': None, 'type': 'Time', 'units': 'hrs', 'value': '24.0'}]",CHEMBL4679319,Inhibition of biofilm formation in Staphylococcus aureus MTCC 92 incubated for 24 hrs by crystal violet staining based microtiter plate method,F,,,BAO_0000190,BAO_0000218,organism-based format,COc1ccc(-n2cc(COc3ccc(/C=N/Nc4nc(-c5cc6cc(Br)cc(OC)c6oc5=O)cs4)cc3)nn2)cc1,,,CHEMBL4673372,Bioorg Med Chem Lett,2021,,CHEMBL4741186,,CHEMBL4741186,4.92,0,http://www.openphacts.org/units/Nanomolar,3517644,=,1,1,=,,IC50,nM,,12000.0,CHEMBL352,Staphylococcus aureus,Staphylococcus aureus,1280,,,IC50,uM,UO_0000065,,12.0,12000.0,4.920818753952375
2463,,,16531905,[],CHEMBL3791791,Antibiofilm activity against Staphylococcus aureus MLS16 MTCC 2940 after 24 hrs by crystal violet staining based assay,F,,,BAO_0000190,BAO_0000218,organism-based format,COC(=O)CCCCCCCCCC[N+](C)(C1CCCCC1)C1CCCCC1.[Cl-],,,CHEMBL3784971,Bioorg Med Chem Lett,2016,,CHEMBL3785316,,CHEMBL3787743,,0,http://www.openphacts.org/units/MicrogramPerMilliliter,2768109,=,1,1,=,,IC50,ug.mL-1,,3.6,CHEMBL352,Staphylococcus aureus,Staphylococcus aureus,1280,,,IC50,ug ml-1,UO_0000274,,3.6,8369.815654810196,5.077284107237368
3484,,,18570278,[],CHEMBL4220814,Antibiofilm activity against Escherichia coli TG1 after 24 hrs by crystal violet staining based assay,F,,,BAO_0000190,BAO_0000218,organism-based format,Nc1ncc(-c2ccc(Cl)cc2)n1CCCCCn1c(-c2ccc(Cl)cc2)cnc1N,,,CHEMBL4219072,Bioorg Med Chem,2018,,CHEMBL4227741,,CHEMBL4227741,4.92,0,http://www.openphacts.org/units/Nanomolar,3083427,=,1,1,=,,IC50,nM,,12000.0,CHEMBL354,Escherichia coli,Escherichia coli,562,,,IC50,uM,UO_0000065,,12.0,12000.0,4.920818753952375
270,,,5190362,[],CHEMBL1663615,Antibiofilm activity in Salmonella Typhimurium ATCC 14028 assessed as inhibition of biofilm formation at 25 degC after 24 hrs,F,,,BAO_0000190,BAO_0000218,organism-based format,CCCCCCCCn1c(-c2ccc(Cl)cc2)cnc1N,,,CHEMBL1649413,J Med Chem,2011,,CHEMBL1649806,,CHEMBL1649806,5.23,0,http://www.openphacts.org/units/Nanomolar,1322084,=,1,1,=,,IC50,nM,,5900.0,CHEMBL351,Salmonella enterica subsp. enterica serovar Typhimurium,Salmonella typhimurium,90371,,,IC50,uM,UO_0000065,,5.9,5900.0,5.229147988357856
5551,,,19304589,[],CHEMBL4414410,Antibiofilm activity against Staphylococcus aureus ATCC 25923 after 24 hrs by crystal violet staining based assay,F,,,BAO_0000190,BAO_0000218,organism-based format,O=C(c1cc(Br)cc(Br)c1O)c1[nH]c(Br)c(Br)c1Br,,,CHEMBL4411342,Bioorg Med Chem,2019,,CHEMBL4061442,,CHEMBL4061442,8.47,0,http://www.openphacts.org/units/Nanomolar,3223501,=,1,1,=,,IC50,nM,,3.4,CHEMBL352,Staphylococcus aureus,Staphylococcus aureus,1280,,,IC50,uM,UO_0000065,,0.0034,3.4,8.468521082957745
6279,,,22790168,"[{'comments': None, 'relation': '=', 'result_flag': 0, 'standard_relation': '=', 'standard_text_value': None, 'standard_type': 'TIME', 'standard_units': 'hr', 'standard_value': '24.0', 'text_value': None, 'type': 'Time', 'units': 'hrs', 'value': '24.0'}]",CHEMBL4709342,Antibiofilm activity against methicillin-resistant Staphylococcus aureus ATCC BAA-44 assessed as disruption of preformed biofilms incubated for 24 hrs by CV-staining based assay,F,,,BAO_0000188,BAO_0000218,organism-based format,CCCCCCc1ccc(C(=O)NCCn2cc(CCCCCc3c[nH]c(N)n3)nn2)cc1,,,CHEMBL4706534,Eur J Med Chem,2020,,CHEMBL4740160,,CHEMBL4740160,6.05,0,http://www.openphacts.org/units/Nanomolar,3538713,=,1,1,=,,EC50,nM,,900.0,CHEMBL352,Staphylococcus aureus,Staphylococcus aureus,1280,,,EC50,nM,UO_0000065,,900.0,900.0,6.045757490560675
4974,,,19107457,[],CHEMBL4369768,Antibiofilm activity against Mycobacterium smegmatis str. MC2 155 ATCC 700084 assessed as inhibition of biofilm formation incubated for 48 hrs by crystal violet reporter assay,F,,,BAO_0000190,BAO_0000218,organism-based format,CCCCCc1ccc(C(=O)Nc2ccc3c(c2)nc(N)n3CCc2ccc(OC)cc2)cc1,,,CHEMBL4368897,Medchemcomm,2019,,CHEMBL3302438,,CHEMBL3302438,5.06,0,http://www.openphacts.org/units/Nanomolar,3188135,=,1,1,=,,IC50,nM,,8800.0,CHEMBL613088,Mycolicibacterium smegmatis,Mycolicibacterium smegmatis,1772,,,IC50,uM,UO_0000065,,8.8,8800.0,5.055517327849833
3328,,,18552661,[],CHEMBL4199792,Inhibition of biofilm formation in methicillin-resistant Staphylococcus aureus ATCC 43300 after 24 hrs by crystal violet staining based method,F,,,BAO_0000190,BAO_0000218,organism-based format,CCCn1cc(-c2ccnc(N)n2)c2cc(Br)ccc21.Cl,,,CHEMBL4196121,ACS Med Chem Lett,2018,,CHEMBL4204404,,CHEMBL4299899,4.16,0,http://www.openphacts.org/units/Nanomolar,3080283,=,1,1,=,,IC50,nM,,69300.0,CHEMBL352,Staphylococcus aureus,Staphylococcus aureus,1280,,,IC50,uM,UO_0000065,,69.3,69300.0,4.159266765388193
597,,,6303270,[],CHEMBL1815005,Antimicrobial activity against Salmonella Typhimurium ATCC 14028 assessed as inhibition of biofilm formation after 24 hrs by spectrophotometry,F,,,BAO_0000190,BAO_0000218,organism-based format,Clc1ccc(-c2cnc(NC3CCCC3)[nH]2)cc1,,,CHEMBL1811868,Bioorg Med Chem,2011,,CHEMBL1814368,,CHEMBL1814368,5.36,0,http://www.openphacts.org/units/Nanomolar,1448965,=,1,1,=,,IC50,nM,,4400.0,CHEMBL351,Salmonella enterica subsp. enterica serovar Typhimurium,Salmonella typhimurium,90371,,,IC50,uM,UO_0000065,,4.4,4400.0,5.356547323513813
8177,,,24898411,"[{'comments': None, 'relation': '=', 'result_flag': 0, 'standard_relation': '=', 'standard_text_value': None, 'standard_type': 'TIME', 'standard_units': 'hr', 'standard_value': '24.0', 'text_value': None, 'type': 'Time', 'units': 'hrs', 'value': '24.0'}]",CHEMBL5159908,Antibiofilm activity against Salmonella typhimurium ATCC 14028 assessed as biofilm dispersal effect incubated for 24 hrs by crystal violet staining based spectrophotometry,F,,,BAO_0000188,BAO_0000218,organism-based format,CN(Cc1ccsc1)CC1CCN(Cc2ccc(F)cc2)CC1,Outside typical range,"Values for this activity type are unusually large/small, so may not be accurate",CHEMBL5154764,Eur J Med Chem,2022,,CHEMBL5179315,,CHEMBL5179315,,0,http://www.openphacts.org/units/Nanomolar,3891420,=,1,1,=,,EC50,nM,,443000.0,CHEMBL351,Salmonella enterica subsp. enterica serovar Typhimurium,Salmonella typhimurium,90371,,,EC50,uM,UO_0000065,,443.0,443000.0,3.3535962737769305
6027,,,22446257,[],CHEMBL4679608,Antibiofilm activity against Streptococcus mutans UA159 assessed as inhibition of biofilm formation by serial dilution method,F,,,BAO_0000190,BAO_0000218,organism-based format,CC(C)(C)OC(=O)NCc1ccccc1NC(=O)c1ccc(-c2ccccc2)cc1,Outside typical range,"Values for this activity type are unusually large/small, so may not be accurate",CHEMBL4673385,ACS Med Chem Lett,2021,,CHEMBL4790260,,CHEMBL4790260,,0,http://www.openphacts.org/units/Nanomolar,3517966,=,1,1,=,,IC50,nM,,123800.0,CHEMBL612426,Streptococcus mutans,Streptococcus mutans,1309,,,IC50,uM,UO_0000065,,123.8,123800.0,3.907279355315901
6521,,,22905979,"[{'comments': None, 'relation': '=', 'result_flag': 0, 'standard_relation': '=', 'standard_text_value': None, 'standard_type': 'TIME', 'standard_units': 'hr', 'standard_value': '24.0', 'text_value': None, 'type': 'Time', 'units': 'hrs', 'value': '24.0'}]",CHEMBL4733169,Antibiofilm activity against Staphylococcus aureus ATCC 25923 after 24 hrs by crystal violet staining based assay,F,,,BAO_0000179,BAO_0000218,organism-based format,Cn1cc(C(=O)c2nc(-c3cn(C)c4ccc(Cl)cc34)no2)c2cc(Br)ccc21,,,CHEMBL4732050,Eur J Med Chem,2021,,CHEMBL4748325,,CHEMBL4748325,,0,http://www.openphacts.org/units/Micromolar,3556008,=,1,0,=,,MBIC50,uM,,27.7,CHEMBL352,Staphylococcus aureus,Staphylococcus aureus,1280,,,MBIC50,uM,UO_0000064,,27.7,27700.0,4.557520230935552
3584,,,18583864,[],CHEMBL4223119,Antibiofilm activity against Klebsiella planticola MTCC 530 after 24 hrs by crystal violet staining-based assay,F,,,BAO_0000190,BAO_0000218,organism-based format,O=C(c1nc(-c2ccccc2)c2c(C(F)(F)F)cc(-c3ccccc3)nc2n1)N1CCN(CCO)CC1,,,CHEMBL4219190,Bioorg Med Chem Lett,2018,,CHEMBL4225195,,CHEMBL4225195,,0,http://www.openphacts.org/units/MicrogramPerMilliliter,3086030,=,1,1,=,,IC50,ug.mL-1,,5.4,CHEMBL613271,Raoultella planticola,Raoultella planticola,575,,,IC50,ug ml-1,UO_0000274,,5.4,10640.05863854538,4.9730559785892305
3710,,,18730779,[],CHEMBL4260145,Antibiofilm activity against Salmonella typhimurium ATCC 14028 after 24 hrs by crystal violet staining based assay,F,,,BAO_0000190,BAO_0000218,organism-based format,CCCCCc1ccc(C(=O)Nc2ccc3c(c2)nc(N)n3C2CCCCC2)cc1.Cl,,,CHEMBL4257552,Medchemcomm,2018,,CHEMBL4292582,,CHEMBL4302290,4.82,0,http://www.openphacts.org/units/Nanomolar,3111824,=,1,1,=,,IC50,nM,,15000.0,CHEMBL351,Salmonella enterica subsp. enterica serovar Typhimurium,Salmonella typhimurium,90371,,,IC50,uM,UO_0000065,20.0,15.0,15000.0,4.823908740944319
2929,,,18119818,[],CHEMBL4026372,Antibiofilm activity against methicillin-resistant Staphylococcus aureus BAA-44 after 24 hrs by crystal violet staining based assay,F,,,BAO_0000190,BAO_0000019,assay format,C/C(=C\c1cccc2ccccc12)Cn1cc(CCCCCc2c[nH]c(N)n2)nn1,,,CHEMBL4024742,J Med Chem,2017,,CHEMBL4090145,,CHEMBL4090145,5.01,0,http://www.openphacts.org/units/Nanomolar,3004684,=,1,1,=,,IC50,nM,,9860.0,CHEMBL352,Staphylococcus aureus,Staphylococcus aureus,1280,,,IC50,uM,UO_0000065,,9.86,9860.0,5.006123085058789
9398,,,25722617,"[{'comments': None, 'relation': '=', 'result_flag': 0, 'standard_relation': '=', 'standard_text_value': None, 'standard_type': 'DOSE_Lower', 'standard_units': 'microg/ml', 'standard_value': '1.56', 'text_value': None, 'type': 'DOSE_Lower', 'units': 'microg/ml', 'value': '1.56'}, {'comments': None, 'relation': '=', 'result_flag': 0, 'standard_relation': '=', 'standard_text_value': None, 'standard_type': 'DOSE_Upper', 'standard_units': 'microg/ml', 'standard_value': '100.0', 'text_value': None, 'type': 'DOSE_Upper', 'units': 'microg/ml', 'value': '100.0'}, {'comments': None, 'relation': '=', 'result_flag': 0, 'standard_relation': '=', 'standard_text_value': None, 'standard_type': 'TIME', 'standard_units': 'hr', 'standard_value': '24.0', 'text_value': None, 'type': 'TIME', 'units': 'hrs', 'value': '24.0'}]",CHEMBL5391157,Antibiofilm activity against methicillin-resistant Staphylococcus aureus ATCC 33591 assessed as inhibition of biofilm formation incubated for 24 hrs by crystal violet staining based analysis,F,,,BAO_0000179,BAO_0000218,organism-based format,COc1ccc2c(c1)C(C)(C)C(c1cnn(-c3ccc(C(=O)O)cc3)c1)=N2,,,CHEMBL5390226,Bioorg Med Chem,2023,,CHEMBL5401272,,CHEMBL5401272,,0,http://www.openphacts.org/units/MicrogramPerMilliliter,4010177,=,1,0,=,,MBIC50,ug ml-1,,100.0,CHEMBL352,Staphylococcus aureus,Staphylococcus aureus,1280,,,MBIC50,ug ml-1,UO_0000274,,100.0,276700.949914361,3.557989349923533
1925,,,15087780,[],CHEMBL3388394,Inhibition of biofilm formation in methicillin-resistant Staphylococcus aureus MTCC 96 after 36 hr incubation by tissue culture plate method,F,,,BAO_0000190,BAO_0000218,organism-based format,COC(=O)CCCC(=O)Nc1ccc(-c2nc3cccnc3[nH]2)cc1,,,CHEMBL3352166,Bioorg Med Chem,2014,,CHEMBL3344032,,CHEMBL3344032,4.1,0,http://www.openphacts.org/units/Nanomolar,2266645,=,1,1,=,,IC50,nM,,79320.0,CHEMBL352,Staphylococcus aureus,Staphylococcus aureus,1280,,,IC50,uM,UO_0000065,,79.32,79320.0,4.100617294466735
709,,,6305757,[],CHEMBL1815005,Antimicrobial activity against Salmonella Typhimurium ATCC 14028 assessed as inhibition of biofilm formation after 24 hrs by spectrophotometry,F,,,BAO_0000190,BAO_0000218,organism-based format,O[C@@]1(c2ccc(Cl)cc2)C[n+]2cccnc2N1C1CCCCC1.[Br-],,,CHEMBL1811868,Bioorg Med Chem,2011,,CHEMBL1814221,,CHEMBL1851920,4.48,0,http://www.openphacts.org/units/Nanomolar,1448760,=,1,1,=,,IC50,nM,,33000.0,CHEMBL351,Salmonella enterica subsp. enterica serovar Typhimurium,Salmonella typhimurium,90371,,,IC50,uM,UO_0000065,,33.0,33000.0,4.481486060122112
4323,,,18982177,[],CHEMBL4339389,Antibiofilm activity against Staphylococcus aureus ATCC 25923 incubated for 24 hrs by crystal violet-staining based assay,F,,,BAO_0000179,BAO_0000218,organism-based format,FC(F)(F)c1ccc(-c2cn3nc(-c4c[nH]c5ccc(Cl)cc45)sc3n2)cc1,,,CHEMBL4339190,Eur J Med Chem,2019,,CHEMBL4573744,,CHEMBL4573744,,0,http://www.openphacts.org/units/Micromolar,3166604,=,1,0,=,,MBIC50,uM,,9.7,CHEMBL352,Staphylococcus aureus,Staphylococcus aureus,1280,,,MBIC50,uM,UO_0000064,,9.7,9700.0,5.013228265733755
284,,,5190376,[],CHEMBL1663615,Antibiofilm activity in Salmonella Typhimurium ATCC 14028 assessed as inhibition of biofilm formation at 25 degC after 24 hrs,F,,,BAO_0000190,BAO_0000218,organism-based format,CCCCCCCCCCn1c(-c2ccc(-c3ccccc3)cc2)cnc1N,,,CHEMBL1649413,J Med Chem,2011,,CHEMBL1649820,,CHEMBL1649820,5.24,0,http://www.openphacts.org/units/Nanomolar,1322098,=,1,1,=,,IC50,nM,,5700.0,CHEMBL351,Salmonella enterica subsp. enterica serovar Typhimurium,Salmonella typhimurium,90371,,,IC50,uM,UO_0000065,,5.7,5700.0,5.2441251443275085
1053,,,12675070,[],CHEMBL2344064,Antibacterial activity against methicillin-resistant Staphylococcus aureus ATCC BAA-44 assessed as inhibition of biofilm growth after 24 hrs by crystal violet reporter assay,F,,,BAO_0000190,BAO_0000218,organism-based format,CCCCCc1ccc(C(=O)NCCn2cc(CCCCCc3cn(C4CCCC4)c(N)n3)nn2)cc1.Cl,,,CHEMBL2331213,Eur J Med Chem,2013,,CHEMBL2332806,,CHEMBL2365073,5.04,0,http://www.openphacts.org/units/Nanomolar,1866613,=,1,1,=,,IC50,nM,,9010.0,CHEMBL352,Staphylococcus aureus,Staphylococcus aureus,1280,,,IC50,uM,UO_0000065,,9.01,9010.0,5.045275209020938
2701,,,16638890,[],CHEMBL3826208,Inhibition of biofilm formation of Streptococcus mutans UA159 after 16 hrs by crystal violet staining based serial dilution method,F,,,BAO_0000190,BAO_0000218,organism-based format,O=C(/C=C/c1ccc(O)cc1O)c1cccc(O)c1,,,CHEMBL3822431,Bioorg Med Chem Lett,2016,,CHEMBL3335590,,CHEMBL3335590,4.5,0,http://www.openphacts.org/units/Nanomolar,2785927,=,1,1,=,,IC50,nM,,32000.0,CHEMBL612426,Streptococcus mutans,Streptococcus mutans,1309,,,IC50,uM,UO_0000065,,32.0,32000.0,4.494850021680094
2051,,,15239706,[],CHEMBL3423690,Antibiofilm activity activity against Staphylococcus aureus incubated for 24 hrs followed by biofilm resuspension in PBS and measured after 24 hrs,F,,,BAO_0000179,BAO_0000218,organism-based format,CCCCCCCN1C(=N)N(CCCC[C@H]2CNC(=N)N2CCCCC2CCCCC2)C[C@@H]1CC1CCCCC1,,,CHEMBL3421570,J Med Chem,2015,,CHEMBL3422195,,CHEMBL3422195,,0,http://www.openphacts.org/units/Micromolar,2294685,=,1,0,=,,MBEC50,uM,,7.6,CHEMBL352,Staphylococcus aureus,Staphylococcus aureus,1280,,,MBEC50,uM,UO_0000064,,7.6,7600.0,5.119186407719209
3771,,,18781241,[],CHEMBL4270107,Antibiofilm activity against Staphylococcus aureus Rosenbach ATCC 25923 after 24 hrs by crystal-violet based UV-Vis spectroscopy,F,,,BAO_0000188,BAO_0000218,organism-based format,O=C(Nc1ccc(Sc2nc3ccccc3s2)c(Cl)c1)c1cc(Br)cc(Br)c1O,,,CHEMBL4266041,J Med Chem,2018,,CHEMBL1632145,,CHEMBL1632145,6.14,0,http://www.openphacts.org/units/Nanomolar,3120646,=,1,1,=,,EC50,nM,,720.0,CHEMBL352,Staphylococcus aureus,Staphylococcus aureus,1280,,,EC50,uM,UO_0000065,,0.72,720.0,6.142667503568731
598,,,6303271,[],CHEMBL1815005,Antimicrobial activity against Salmonella Typhimurium ATCC 14028 assessed as inhibition of biofilm formation after 24 hrs by spectrophotometry,F,,,BAO_0000190,BAO_0000218,organism-based format,c1ccc(-c2cnc(NC3CCCC3)[nH]2)cc1,,,CHEMBL1811868,Bioorg Med Chem,2011,,CHEMBL1814367,,CHEMBL1814367,4.28,0,http://www.openphacts.org/units/Nanomolar,1448964,=,1,1,=,,IC50,nM,,52900.0,CHEMBL351,Salmonella enterica subsp. enterica serovar Typhimurium,Salmonella typhimurium,90371,,,IC50,uM,UO_0000065,,52.9,52900.0,4.276544327964814
9369,,,25722588,"[{'comments': None, 'relation': '=', 'result_flag': 0, 'standard_relation': '=', 'standard_text_value': None, 'standard_type': 'DOSE_Lower', 'standard_units': 'microg/ml', 'standard_value': '1.56', 'text_value': None, 'type': 'DOSE_Lower', 'units': 'microg/ml', 'value': '1.56'}, {'comments': None, 'relation': '=', 'result_flag': 0, 'standard_relation': '=', 'standard_text_value': None, 'standard_type': 'DOSE_Upper', 'standard_units': 'microg/ml', 'standard_value': '100.0', 'text_value': None, 'type': 'DOSE_Upper', 'units': 'microg/ml', 'value': '100.0'}, {'comments': None, 'relation': '=', 'result_flag': 0, 'standard_relation': '=', 'standard_text_value': None, 'standard_type': 'TIME', 'standard_units': 'hr', 'standard_value': '24.0', 'text_value': None, 'type': 'TIME', 'units': 'hrs', 'value': '24.0'}]",CHEMBL5391156,Antibiofilm activity against methicillin-susceptible Staphylococcus aureus ATCC 29213 assessed as inhibition of biofilm formation incubated for 24 hrs by crystal violet staining based analysis,F,,,BAO_0000179,BAO_0000218,organism-based format,CC1(C)C(c2cnc3c4ccc(C(F)(F)F)cc4nn3c2)=Nc2ccccc21,,,CHEMBL5390226,Bioorg Med Chem,2023,,CHEMBL5435597,,CHEMBL5435597,,0,http://www.openphacts.org/units/MicrogramPerMilliliter,4010196,=,1,0,=,,MBIC50,ug ml-1,,100.0,CHEMBL352,Staphylococcus aureus,Staphylococcus aureus,1280,,,MBIC50,ug ml-1,UO_0000274,,100.0,262899.8377908,3.5802096818532503
2799,,,16819079,[],CHEMBL3872387,Antibiofilm activity against Staphylococcus aureus ATCC 29213 after 24 hrs by crystal-violet stain based assay,F,,,BAO_0000190,BAO_0000019,assay format,CCOC(=O)c1c(C)n[nH]c1N,,,CHEMBL3872202,Eur J Med Chem,2016,,CHEMBL3929203,,CHEMBL3929203,4.21,0,http://www.openphacts.org/units/Nanomolar,2812682,=,1,1,=,,IC50,nM,,62000.0,CHEMBL352,Staphylococcus aureus,Staphylococcus aureus,1280,,,IC50,uM,UO_0000065,,62.0,62000.0,4.207608310501746
3772,,,18781242,[],CHEMBL4270107,Antibiofilm activity against Staphylococcus aureus Rosenbach ATCC 25923 after 24 hrs by crystal-violet based UV-Vis spectroscopy,F,,,BAO_0000188,BAO_0000218,organism-based format,O=C(Nc1ccc(Sc2nc3ccccc3s2)c(Cl)c1)c1cccc(Br)c1O,,,CHEMBL4266041,J Med Chem,2018,,CHEMBL4293874,,CHEMBL4293874,6.0,0,http://www.openphacts.org/units/Nanomolar,3120647,=,1,1,=,,EC50,nM,,1000.0,CHEMBL352,Staphylococcus aureus,Staphylococcus aureus,1280,,,EC50,uM,UO_0000065,,1.0,1000.0,6.0
4329,,,18982183,[],CHEMBL4339390,Antibiofilm activity against Staphylococcus aureus ATCC 6538 incubated for 24 hrs by crystal violet-staining based assay,F,,,BAO_0000179,BAO_0000218,organism-based format,Br.Cn1cc(-c2nn3cc(-c4ccccc4)nc3s2)c2ccccc21,,,CHEMBL4339190,Eur J Med Chem,2019,,CHEMBL4539917,,CHEMBL4594966,,0,http://www.openphacts.org/units/Micromolar,3166578,=,1,0,=,,MBIC50,uM,,18.9,CHEMBL352,Staphylococcus aureus,Staphylococcus aureus,1280,,,MBIC50,uM,UO_0000064,,18.9,18900.0,4.723538195826756
3528,,,18570322,[],CHEMBL4220815,Antibiofilm activity against Staphylococcus aureus SH1000 after 48 hrs by crystal violet staining based assay,F,,,BAO_0000190,BAO_0000218,organism-based format,Nc1ncc(-c2ccc(F)cc2)n1CCCCCCn1c(-c2ccc(F)cc2)cnc1N,,,CHEMBL4219072,Bioorg Med Chem,2018,,CHEMBL4226343,,CHEMBL4226343,4.32,0,http://www.openphacts.org/units/Nanomolar,3083419,=,1,1,=,,IC50,nM,,48000.0,CHEMBL352,Staphylococcus aureus,Staphylococcus aureus,1280,,,IC50,uM,UO_0000065,,48.0,48000.0,4.318758762624412
676,,,6305668,[],CHEMBL1815005,Antimicrobial activity against Salmonella Typhimurium ATCC 14028 assessed as inhibition of biofilm formation after 24 hrs by spectrophotometry,F,,,BAO_0000190,BAO_0000218,organism-based format,COc1cccc(CN2c3nccc[n+]3C[C@@]2(O)c2ccc(Cl)c(Cl)c2)c1.[Br-],,,CHEMBL1811868,Bioorg Med Chem,2011,,CHEMBL1814234,,CHEMBL1851953,5.14,0,http://www.openphacts.org/units/Nanomolar,1448773,=,1,1,=,,IC50,nM,,7200.0,CHEMBL351,Salmonella enterica subsp. enterica serovar Typhimurium,Salmonella typhimurium,90371,,,IC50,uM,UO_0000065,,7.2,7200.0,5.142667503568731
8106,,,24898340,"[{'comments': None, 'relation': '=', 'result_flag': 0, 'standard_relation': '=', 'standard_text_value': None, 'standard_type': 'TIME', 'standard_units': 'hr', 'standard_value': '24.0', 'text_value': None, 'type': 'Time', 'units': 'hrs', 'value': '24.0'}]",CHEMBL5159907,Antibiofilm activity against Salmonella typhimurium ATCC 14028 assessed as inhibition of biofilm formation incubated for 24 hrs by crystal violet staining based spectrophotometry,F,,,BAO_0000190,BAO_0000218,organism-based format,CN(Cc1ccsc1)CC1CCN(CCc2cc(Br)cc(Br)c2)CC1,,,CHEMBL5154764,Eur J Med Chem,2022,,CHEMBL5183132,,CHEMBL5183132,5.47,0,http://www.openphacts.org/units/Nanomolar,3891402,=,1,1,=,,IC50,nM,,3400.0,CHEMBL351,Salmonella enterica subsp. enterica serovar Typhimurium,Salmonella typhimurium,90371,,,IC50,uM,UO_0000065,,3.4,3400.0,5.468521082957745
1919,,,15087774,[],CHEMBL3388394,Inhibition of biofilm formation in methicillin-resistant Staphylococcus aureus MTCC 96 after 36 hr incubation by tissue culture plate method,F,,,BAO_0000190,BAO_0000218,organism-based format,COc1ccc2[nH]c(-c3ccc(NC(=O)CCCC(=O)O)cc3)nc2c1,,,CHEMBL3352166,Bioorg Med Chem,2014,,CHEMBL3344026,,CHEMBL3344026,4.28,0,http://www.openphacts.org/units/Nanomolar,2266639,=,1,1,=,,IC50,nM,,52200.0,CHEMBL352,Staphylococcus aureus,Staphylococcus aureus,1280,,,IC50,uM,UO_0000065,,52.2,52200.0,4.282329496997738
790,,,6306952,[],CHEMBL1815005,Antimicrobial activity against Salmonella Typhimurium ATCC 14028 assessed as inhibition of biofilm formation after 24 hrs by spectrophotometry,F,,,BAO_0000190,BAO_0000218,organism-based format,CC(C)(C)N1c2nccc[n+]2C[C@@]1(O)c1ccc([N+](=O)[O-])cc1.[Br-],Outside typical range,"Values for this activity type are unusually large/small, so may not be accurate",CHEMBL1811868,Bioorg Med Chem,2011,,CHEMBL1814032,,CHEMBL1851963,,0,http://www.openphacts.org/units/Nanomolar,1448538,=,1,1,=,,IC50,nM,,211100.0,CHEMBL351,Salmonella enterica subsp. enterica serovar Typhimurium,Salmonella typhimurium,90371,,,IC50,uM,UO_0000065,,211.1,211100.0,3.6755117666923436
6050,,,22446280,[],CHEMBL4679608,Antibiofilm activity against Streptococcus mutans UA159 assessed as inhibition of biofilm formation by serial dilution method,F,,,BAO_0000190,BAO_0000218,organism-based format,NC(=O)c1ccc(NC(=O)c2ccc3ccccc3c2)cc1,Outside typical range,"Values for this activity type are unusually large/small, so may not be accurate",CHEMBL4673385,ACS Med Chem Lett,2021,,CHEMBL4747209,,CHEMBL4747209,,0,http://www.openphacts.org/units/Nanomolar,3517943,=,1,1,=,,IC50,nM,,109700.0,CHEMBL612426,Streptococcus mutans,Streptococcus mutans,1309,,,IC50,uM,UO_0000065,,109.7,109700.0,3.959793372425289
707,,,6305755,[],CHEMBL1815005,Antimicrobial activity against Salmonella Typhimurium ATCC 14028 assessed as inhibition of biofilm formation after 24 hrs by spectrophotometry,F,,,BAO_0000190,BAO_0000218,organism-based format,O[C@@]1(c2ccc(Cl)cc2)C[n+]2cccnc2N1C1CCCCCCC1.[Br-],,,CHEMBL1811868,Bioorg Med Chem,2011,,CHEMBL1814223,,CHEMBL1851821,4.9,0,http://www.openphacts.org/units/Nanomolar,1448762,=,1,1,=,,IC50,nM,,12600.0,CHEMBL351,Salmonella enterica subsp. enterica serovar Typhimurium,Salmonella typhimurium,90371,,,IC50,uM,UO_0000065,,12.6,12600.0,4.899629454882437
5968,,,22444687,"[{'comments': None, 'relation': '=', 'result_flag': 0, 'standard_relation': '=', 'standard_text_value': None, 'standard_type': 'TIME', 'standard_units': 'hr', 'standard_value': '24.0', 'text_value': None, 'type': 'Time', 'units': 'hrs', 'value': '24.0'}]",CHEMBL4679315,Inhibition of biofilm formation in Klebsiella planticola MTCC 530 incubated for 24 hrs by crystal violet staining based microtiter plate method,F,,,BAO_0000190,BAO_0000218,organism-based format,COc1ccc(-n2cc(COc3ccc(/C=N/Nc4nc(-c5cc6c(ccc7ccccc76)oc5=O)cs4)cc3)nn2)cc1,,,CHEMBL4673372,Bioorg Med Chem Lett,2021,,CHEMBL4753788,,CHEMBL4753788,4.22,0,http://www.openphacts.org/units/Nanomolar,3517642,=,1,1,=,,IC50,nM,,59700.0,CHEMBL613271,Raoultella planticola,Raoultella planticola,575,,,IC50,uM,UO_0000065,,59.7,59700.0,4.224025668870631
646,,,6304684,[],CHEMBL1815005,Antimicrobial activity against Salmonella Typhimurium ATCC 14028 assessed as inhibition of biofilm formation after 24 hrs by spectrophotometry,F,,,BAO_0000190,BAO_0000218,organism-based format,CCCCNc1ncc(-c2ccc(OC)cc2)[nH]1,,,CHEMBL1811868,Bioorg Med Chem,2011,,CHEMBL1814257,,CHEMBL1814257,4.28,0,http://www.openphacts.org/units/Nanomolar,1448801,=,1,1,=,,IC50,nM,,52600.0,CHEMBL351,Salmonella enterica subsp. enterica serovar Typhimurium,Salmonella typhimurium,90371,,,IC50,uM,UO_0000065,,52.6,52600.0,4.279014255846261
2822,,,16819155,[],CHEMBL3872394,Antibiofilm activity against Staphylococcus aureus ATCC 6538 after 24 hrs by safranin staining based assay,F,,,BAO_0000190,BAO_0000019,assay format,CCn1nc(C)cc1C(=O)/C(=N\Nc1cccc(Cl)c1)C(=O)O,,,CHEMBL3872202,Eur J Med Chem,2016,,CHEMBL3959371,,CHEMBL3959371,4.96,0,http://www.openphacts.org/units/Nanomolar,2812696,=,1,1,=,,IC50,nM,,11000.0,CHEMBL352,Staphylococcus aureus,Staphylococcus aureus,1280,,,IC50,uM,UO_0000065,,11.0,11000.0,4.958607314841775
8142,,,24898376,"[{'comments': None, 'relation': '=', 'result_flag': 0, 'standard_relation': '=', 'standard_text_value': None, 'standard_type': 'TIME', 'standard_units': 'hr', 'standard_value': '24.0', 'text_value': None, 'type': 'Time', 'units': 'hrs', 'value': '24.0'}]",CHEMBL5159907,Antibiofilm activity against Salmonella typhimurium ATCC 14028 assessed as inhibition of biofilm formation incubated for 24 hrs by crystal violet staining based spectrophotometry,F,,,BAO_0000190,BAO_0000218,organism-based format,CC(C)c1ccc(CCN2CCC(CN(C)Cc3ccsc3)CC2)cc1,,,CHEMBL5154764,Eur J Med Chem,2022,,CHEMBL5184049,,CHEMBL5184049,5.64,0,http://www.openphacts.org/units/Nanomolar,3891439,=,1,1,=,,IC50,nM,,2300.0,CHEMBL351,Salmonella enterica subsp. enterica serovar Typhimurium,Salmonella typhimurium,90371,,,IC50,uM,UO_0000065,,2.3,2300.0,5.638272163982407
2811,,,16819091,[],CHEMBL3872387,Antibiofilm activity against Staphylococcus aureus ATCC 29213 after 24 hrs by crystal-violet stain based assay,F,,,BAO_0000190,BAO_0000019,assay format,Cc1c(C(=O)Nc2ccccc2)cnn1-c1cccc([N+](=O)[O-])c1,,,CHEMBL3872202,Eur J Med Chem,2016,,CHEMBL3893361,,CHEMBL3893361,4.34,0,http://www.openphacts.org/units/Nanomolar,2812687,=,1,1,=,,IC50,nM,,46000.0,CHEMBL352,Staphylococcus aureus,Staphylococcus aureus,1280,,,IC50,uM,UO_0000065,,46.0,46000.0,4.337242168318426
2493,,,16603727,[],CHEMBL3813334,Antibiofilm activity against Klebsiella planticola MTCC 530 after 24 hrs by crystal violet staining based assay,F,,,BAO_0000190,BAO_0000218,organism-based format,O=C1C=C(N2CC2)C(=O)C(c2cc(-c3ccc(C(=O)N4CCCCC4)s3)on2)=C1N1CC1,,,CHEMBL3808371,Eur J Med Chem,2016,,CHEMBL3809027,,CHEMBL3809027,5.27,0,http://www.openphacts.org/units/Nanomolar,2778944,=,1,1,=,,IC50,nM,,5400.0,CHEMBL613271,Raoultella planticola,Raoultella planticola,575,,,IC50,uM,UO_0000065,,5.4,5400.0,5.267606240177031
3372,,,18570166,[],CHEMBL4220812,Antibiofilm activity against Salmonella typhimurium ATCC 14028 after 24 hrs by crystal violet staining based assay,F,,,BAO_0000190,BAO_0000218,organism-based format,Nc1ncc(-c2ccccc2)n1CCCCCCn1c(-c2ccccc2)cnc1N,,,CHEMBL4219072,Bioorg Med Chem,2018,,CHEMBL4227660,,CHEMBL4227660,5.52,0,http://www.openphacts.org/units/Nanomolar,3083412,=,1,1,=,,IC50,nM,,3000.0,CHEMBL351,Salmonella enterica subsp. enterica serovar Typhimurium,Salmonella typhimurium,90371,,,IC50,uM,UO_0000065,,3.0,3000.0,5.522878745280337
312,,,5190404,[],CHEMBL1663615,Antibiofilm activity in Salmonella Typhimurium ATCC 14028 assessed as inhibition of biofilm formation at 25 degC after 24 hrs,F,,,BAO_0000190,BAO_0000218,organism-based format,Nc1ncc(-c2ccccc2)n1C1CCCC1,,,CHEMBL1649413,J Med Chem,2011,,CHEMBL1649848,,CHEMBL1649848,4.15,0,http://www.openphacts.org/units/Nanomolar,1322126,=,1,1,=,,IC50,nM,,70700.0,CHEMBL351,Salmonella enterica subsp. enterica serovar Typhimurium,Salmonella typhimurium,90371,,,IC50,uM,UO_0000065,,70.7,70700.0,4.150580586203101
9371,,,25722590,"[{'comments': None, 'relation': '=', 'result_flag': 0, 'standard_relation': '=', 'standard_text_value': None, 'standard_type': 'DOSE_Lower', 'standard_units': 'microg/ml', 'standard_value': '1.56', 'text_value': None, 'type': 'DOSE_Lower', 'units': 'microg/ml', 'value': '1.56'}, {'comments': None, 'relation': '=', 'result_flag': 0, 'standard_relation': '=', 'standard_text_value': None, 'standard_type': 'DOSE_Upper', 'standard_units': 'microg/ml', 'standard_value': '100.0', 'text_value': None, 'type': 'DOSE_Upper', 'units': 'microg/ml', 'value': '100.0'}, {'comments': None, 'relation': '=', 'result_flag': 0, 'standard_relation': '=', 'standard_text_value': None, 'standard_type': 'TIME', 'standard_units': 'hr', 'standard_value': '24.0', 'text_value': None, 'type': 'TIME', 'units': 'hrs', 'value': '24.0'}]",CHEMBL5391156,Antibiofilm activity against methicillin-susceptible Staphylococcus aureus ATCC 29213 assessed as inhibition of biofilm formation incubated for 24 hrs by crystal violet staining based analysis,F,,,BAO_0000179,BAO_0000218,organism-based format,COc1ccc2c(c1)C(C)(C)C(c1cnc3c4ccc(C(F)(F)F)cc4nn3c1)=N2,,,CHEMBL5390226,Bioorg Med Chem,2023,,CHEMBL5417577,,CHEMBL5417577,,0,http://www.openphacts.org/units/MicrogramPerMilliliter,4010198,=,1,0,=,,MBIC50,ug ml-1,,100.0,CHEMBL352,Staphylococcus aureus,Staphylococcus aureus,1280,,,MBIC50,ug ml-1,UO_0000274,,100.0,243665.31107531936,3.613206293880049
1963,,,15125519,[],CHEMBL3381973,Anti-biofilm activity against Bacillus subtilis MTCC 121 assessed as inhibition of biofilm formation incubated for 24 hrs by crystal violet staining based modified biofilm inhibition assay,F,,,BAO_0000190,BAO_0000218,organism-based format,CCCCCCC(C/C=C\CCCCCCCC(=O)OC)/N=C\c1ccc(OC)cc1,,,CHEMBL3351415,Bioorg Med Chem Lett,2014,,CHEMBL3337777,,CHEMBL3337777,5.1,0,http://www.openphacts.org/units/Nanomolar,2272900,=,1,1,=,,IC50,nM,,7900.0,CHEMBL359,Bacillus subtilis,Bacillus subtilis,1423,,,IC50,uM,UO_0000065,,7.9,7900.0,5.102372908709558
3249,,,18511438,[],CHEMBL4191874,Antibiofilm activity against Staphylococcus aureus SH1000 after 48 hrs by crystal violet staining based method,F,,,BAO_0000179,BAO_0000218,organism-based format,Cc1ccc(NC(=O)Cn2c(N)nc(CC3CCCC3)c2-c2ccccc2Br)cc1,,,CHEMBL4190235,Eur J Med Chem,2017,,CHEMBL4211223,,CHEMBL4211223,,0,http://www.openphacts.org/units/Micromolar,3073313,=,1,0,=,,MBIC50,uM,,289.6,CHEMBL352,Staphylococcus aureus,Staphylococcus aureus,1280,,,MBIC50,uM,UO_0000064,,289.6,289600.0,3.5382014424748904
3946,,,18935641,[],CHEMBL4326949,Antibiofilm activity against methicillin-resistant Staphylococcus aureus,F,,,BAO_0000190,BAO_0000218,organism-based format,CCCCc1ccc(C(=O)NCCn2cc(CCCCc3[nH]c(N)nc3-c3ccoc3)nn2)cc1,,,CHEMBL4325854,Eur J Med Chem,2019,,CHEMBL4444302,,CHEMBL4444302,5.14,0,http://www.openphacts.org/units/Nanomolar,3159048,=,1,1,=,,IC50,nM,,7200.0,CHEMBL352,Staphylococcus aureus,Staphylococcus aureus,1280,,,IC50,uM,UO_0000065,,7.2,7200.0,5.142667503568731
306,,,5190398,[],CHEMBL1663615,Antibiofilm activity in Salmonella Typhimurium ATCC 14028 assessed as inhibition of biofilm formation at 25 degC after 24 hrs,F,,,BAO_0000190,BAO_0000218,organism-based format,CCCCCCCCn1c(-c2cccc(Br)c2)cnc1N,,,CHEMBL1649413,J Med Chem,2011,,CHEMBL1649842,,CHEMBL1649842,4.95,0,http://www.openphacts.org/units/Nanomolar,1322120,=,1,1,=,,IC50,nM,,11200.0,CHEMBL351,Salmonella enterica subsp. enterica serovar Typhimurium,Salmonella typhimurium,90371,,,IC50,uM,UO_0000065,,11.2,11200.0,4.950781977329818
2790,,,16819070,[],CHEMBL3872386,Antibiofilm activity against Staphylococcus aureus ATCC 25923 after 24 hrs by crystal-violet stain based assay,F,,,BAO_0000190,BAO_0000019,assay format,Cc1c(C(=O)Nc2ccccc2)cnn1-c1cccc(Cl)c1,Outside typical range,"Values for this activity type are unusually large/small, so may not be accurate",CHEMBL3872202,Eur J Med Chem,2016,,CHEMBL3944900,,CHEMBL3944900,,0,http://www.openphacts.org/units/Nanomolar,2812684,=,1,1,=,,IC50,nM,,161000.0,CHEMBL352,Staphylococcus aureus,Staphylococcus aureus,1280,,,IC50,uM,UO_0000065,,161.0,161000.0,3.79317412396815
3536,,,18570330,[],CHEMBL4220815,Antibiofilm activity against Staphylococcus aureus SH1000 after 48 hrs by crystal violet staining based assay,F,,,BAO_0000190,BAO_0000218,organism-based format,Nc1ncc(-c2ccc(Cl)cc2)n1CCCCCn1c(-c2ccc(Cl)cc2)cnc1N,,,CHEMBL4219072,Bioorg Med Chem,2018,,CHEMBL4227741,,CHEMBL4227741,4.87,0,http://www.openphacts.org/units/Nanomolar,3083427,=,1,1,=,,IC50,nM,,13500.0,CHEMBL352,Staphylococcus aureus,Staphylococcus aureus,1280,,,IC50,uM,UO_0000065,,13.5,13500.0,4.869666231504993
2289,,,16418641,[],CHEMBL3748314,Antibiofilm activity against Bacillus subtilis MTCC 121 after 24 hrs by well diffusion assay by crystal violet staining based method,F,,,BAO_0000190,BAO_0000218,organism-based format,CCCCCCCCC(CCCCCCCCC(=O)OC)SCC(=O)N[C@@H](C)C(=O)OC,,,CHEMBL3745670,Bioorg Med Chem Lett,2016,,CHEMBL3747025,,CHEMBL3747025,5.55,0,http://www.openphacts.org/units/Nanomolar,2741384,=,1,1,=,,IC50,nM,,2800.0,CHEMBL359,Bacillus subtilis,Bacillus subtilis,1423,,,IC50,uM,UO_0000065,,2.8,2800.0,5.552841968657781
6044,,,22446274,[],CHEMBL4679608,Antibiofilm activity against Streptococcus mutans UA159 assessed as inhibition of biofilm formation by serial dilution method,F,,,BAO_0000190,BAO_0000218,organism-based format,NCc1ccccc1NC(=O)c1ccc2ccccc2c1,Outside typical range,"Values for this activity type are unusually large/small, so may not be accurate",CHEMBL4673385,ACS Med Chem Lett,2021,,CHEMBL4776891,,CHEMBL4776891,,0,http://www.openphacts.org/units/Nanomolar,3517949,=,1,1,=,,IC50,nM,,160100.0,CHEMBL612426,Streptococcus mutans,Streptococcus mutans,1309,,,IC50,uM,UO_0000065,,160.1,160100.0,3.7956086680807006
3542,,,18570336,[],CHEMBL4220815,Antibiofilm activity against Staphylococcus aureus SH1000 after 48 hrs by crystal violet staining based assay,F,,,BAO_0000190,BAO_0000218,organism-based format,Nc1ncc(-c2ccc(Br)cc2)n1CCCCCCn1c(-c2ccc(Br)cc2)cnc1N,,,CHEMBL4219072,Bioorg Med Chem,2018,,CHEMBL4228520,,CHEMBL4228520,4.95,0,http://www.openphacts.org/units/Nanomolar,3083433,=,1,1,=,,IC50,nM,,11200.0,CHEMBL352,Staphylococcus aureus,Staphylococcus aureus,1280,,,IC50,uM,UO_0000065,,11.2,11200.0,4.950781977329818
510,,,5196996,[],CHEMBL1670371,Antibiofilm activity against Staphylococcus aureus ATCC 29213 assessed as biofilm dispersal,F,,,BAO_0000188,BAO_0000218,organism-based format,CC(C)[C@@H]1CC[C@@H](C)C[C@H]1OC(=O)N(CCCCCCc1cn(CCCCCCCc2c[nH]c(N)n2)nn1)CCc1ccccn1.Cl,,,CHEMBL1667831,Bioorg Med Chem Lett,2011,,CHEMBL1667928,,CHEMBL1739302,4.49,0,http://www.openphacts.org/units/Nanomolar,1327390,=,1,1,=,,EC50,nM,,32500.0,CHEMBL352,Staphylococcus aureus,Staphylococcus aureus,1280,,,EC50,uM,UO_0000065,,32.5,32500.0,4.488116639021126
158,,,3469096,[],CHEMBL1252263,Antimicrobial activity against Salmonella Typhimurium ATCC 14028 assessed as inhibition of biofilm formation after 48 hrs using crystal violet staining by microtiter plate assay,F,,,BAO_0000190,BAO_0000218,organism-based format,CCC1=C(Br)/C(=C/Br)OC1=O,,,CHEMBL1250426,Bioorg Med Chem,2010,,CHEMBL1253275,,CHEMBL1253275,4.75,0,http://www.openphacts.org/units/Nanomolar,955110,=,1,1,=,,IC50,nM,,17910.0,CHEMBL351,Salmonella enterica subsp. enterica serovar Typhimurium,Salmonella typhimurium,90371,,,IC50,uM,UO_0000065,,17.91,17910.0,4.746904414150968
3692,,,18730761,[],CHEMBL4260145,Antibiofilm activity against Salmonella typhimurium ATCC 14028 after 24 hrs by crystal violet staining based assay,F,,,BAO_0000190,BAO_0000218,organism-based format,CCCCc1ccc(C(=O)Nc2ccc3c(c2)nc(N)n3CCCc2ccccc2)cc1.Cl,,,CHEMBL4257552,Medchemcomm,2018,,CHEMBL4288746,,CHEMBL4301357,5.0,0,http://www.openphacts.org/units/Nanomolar,3111842,=,1,1,=,,IC50,nM,,10000.0,CHEMBL351,Salmonella enterica subsp. enterica serovar Typhimurium,Salmonella typhimurium,90371,,,IC50,uM,UO_0000065,15.0,10.0,10000.0,5.0
4991,,,19127338,[],CHEMBL4374185,Antibiofilm activity against Mycobacterium smegmatis str. MC2 155 ATCC 700084 after 48 hrs by crystal violet staining based reporter assay,F,,,BAO_0000190,BAO_0000218,organism-based format,CCCCCCC(=O)Nc1ccc2nc(N)ncc2c1.Cl,,,CHEMBL4373648,Medchemcomm,2019,,CHEMBL4447675,,CHEMBL4598310,4.31,0,http://www.openphacts.org/units/Nanomolar,3192231,=,1,1,=,,IC50,nM,,49000.0,CHEMBL613088,Mycolicibacterium smegmatis,Mycolicibacterium smegmatis,1772,,,IC50,uM,UO_0000065,,49.0,49000.0,4.309803919971486
9372,,,25722591,"[{'comments': None, 'relation': '=', 'result_flag': 0, 'standard_relation': '=', 'standard_text_value': None, 'standard_type': 'DOSE_Lower', 'standard_units': 'microg/ml', 'standard_value': '1.56', 'text_value': None, 'type': 'DOSE_Lower', 'units': 'microg/ml', 'value': '1.56'}, {'comments': None, 'relation': '=', 'result_flag': 0, 'standard_relation': '=', 'standard_text_value': None, 'standard_type': 'DOSE_Upper', 'standard_units': 'microg/ml', 'standard_value': '100.0', 'text_value': None, 'type': 'DOSE_Upper', 'units': 'microg/ml', 'value': '100.0'}, {'comments': None, 'relation': '=', 'result_flag': 0, 'standard_relation': '=', 'standard_text_value': None, 'standard_type': 'TIME', 'standard_units': 'hr', 'standard_value': '24.0', 'text_value': None, 'type': 'TIME', 'units': 'hrs', 'value': '24.0'}]",CHEMBL5391156,Antibiofilm activity against methicillin-susceptible Staphylococcus aureus ATCC 29213 assessed as inhibition of biofilm formation incubated for 24 hrs by crystal violet staining based analysis,F,,,BAO_0000179,BAO_0000218,organism-based format,CC1(C)C(c2cnc3c4ccc(C(F)(F)F)cc4nn3c2)=Nc2ccc3ccccc3c21,,,CHEMBL5390226,Bioorg Med Chem,2023,,CHEMBL5395922,,CHEMBL5395922,,0,http://www.openphacts.org/units/MicrogramPerMilliliter,4010199,=,1,0,=,,MBIC50,ug ml-1,,50.0,CHEMBL352,Staphylococcus aureus,Staphylococcus aureus,1280,,,MBIC50,ug ml-1,UO_0000274,,50.0,116162.09723696831,3.934935555646905
2270,,,16416811,[],CHEMBL3747976,Antibiofilm activity against Bacillus subtilis MTCC 121 after 24 hrs by crystal violet staining method,F,,,BAO_0000190,BAO_0000218,organism-based format,CCCCCC(=O)Nc1cc2c(cc1F)c(=O)c(C(=O)OCC)cn2CC,,,CHEMBL3745709,Bioorg Med Chem Lett,2016,,CHEMBL3746328,,CHEMBL3746328,,0,http://www.openphacts.org/units/MicrogramPerMilliliter,2741066,=,1,1,=,,IC50,ug.mL-1,,4.6,CHEMBL359,Bacillus subtilis,Bacillus subtilis,1423,,,IC50,ug ml-1,UO_0000274,,4.6,12220.132402478024,4.912924088581674
3330,,,18552663,[],CHEMBL4199792,Inhibition of biofilm formation in methicillin-resistant Staphylococcus aureus ATCC 43300 after 24 hrs by crystal violet staining based method,F,,,BAO_0000190,BAO_0000218,organism-based format,CCn1cc(-c2ccnc(N)n2)c2ccc(Br)cc21.Cl,,,CHEMBL4196121,ACS Med Chem Lett,2018,,CHEMBL4216603,,CHEMBL4301111,4.19,0,http://www.openphacts.org/units/Nanomolar,3080281,=,1,1,=,,IC50,nM,,64000.0,CHEMBL352,Staphylococcus aureus,Staphylococcus aureus,1280,,,IC50,uM,UO_0000065,,64.0,64000.0,4.1938200260161125
578,,,6152593,[],CHEMBL1763327,Antibacterial activity against Escherichia coli UTI89 assessed as inhibition of biofilm formation after 24 hrs,F,,,BAO_0000188,BAO_0000218,organism-based format,O=C(O)[C@@H]1CSc2c(C3CC3)c(Cc3cccc(OCc4ccc(F)cc4)c3)cc(=O)n21,,,CHEMBL1759904,Eur J Med Chem,2011,,CHEMBL1761552,,CHEMBL1761552,4.37,0,http://www.openphacts.org/units/Nanomolar,1413766,=,1,1,=,,EC50,nM,,43000.0,CHEMBL354,Escherichia coli,Escherichia coli,562,,,EC50,uM,UO_0000065,,43.0,43000.0,4.366531544420414
1671,,,14532273,[],CHEMBL3223731,Inhibition of biofilm formation in methicillin-resistant Staphylococcus aureus BAA 44 after 24 hrs by crystal violet staining-based assay,F,,,BAO_0000190,BAO_0000218,organism-based format,CCCCCCc1ccc(C(=O)NCCn2cc(Cc3c[nH]c4ccccc34)nn2)cc1,Outside typical range,"Values for this activity type are unusually large/small, so may not be accurate",CHEMBL3217512,Medchemcomm,2013,,CHEMBL3219475,,CHEMBL3219475,,0,http://www.openphacts.org/units/Nanomolar,2074324,=,1,1,=,,IC50,nM,,312600.0,CHEMBL352,Staphylococcus aureus,Staphylococcus aureus,1280,,,IC50,uM,UO_0000065,,312.6,312600.0,3.505011026316832
3691,,,18730760,[],CHEMBL4260145,Antibiofilm activity against Salmonella typhimurium ATCC 14028 after 24 hrs by crystal violet staining based assay,F,,,BAO_0000190,BAO_0000218,organism-based format,CCCOc1ccc(C(=O)Nc2ccc3c(c2)nc(N)n3CCCc2ccccc2)cc1.Cl,,,CHEMBL4257552,Medchemcomm,2018,,CHEMBL4293220,,CHEMBL4302181,5.0,0,http://www.openphacts.org/units/Nanomolar,3111843,=,1,1,=,,IC50,nM,,10000.0,CHEMBL351,Salmonella enterica subsp. enterica serovar Typhimurium,Salmonella typhimurium,90371,,,IC50,uM,UO_0000065,15.0,10.0,10000.0,5.0
1762,,,14667337,[],CHEMBL3268490,Antimicrobial activity against methicillin-resistant Staphylococcus aureus 25762 assessed as inhibition of biofilm formation after 48 hrs by crystal violet staining-based spectrophotometry,F,,,BAO_0000179,BAO_0000218,organism-based format,Cl.Nc1nc(-c2cccc(NC(=O)c3cc4sccc4[nH]3)c2)c[nH]1,,,CHEMBL3259692,Bioorg Med Chem Lett,2014,,CHEMBL3261442,,CHEMBL3304326,,0,http://www.openphacts.org/units/Micromolar,2099981,=,1,0,=,,MBIC50,uM,,90.0,CHEMBL352,Staphylococcus aureus,Staphylococcus aureus,1280,,,MBIC50,uM,UO_0000064,,90.0,90000.0,4.045757490560675
9368,,,25722587,"[{'comments': None, 'relation': '=', 'result_flag': 0, 'standard_relation': '=', 'standard_text_value': None, 'standard_type': 'DOSE_Lower', 'standard_units': 'microg/ml', 'standard_value': '1.56', 'text_value': None, 'type': 'DOSE_Lower', 'units': 'microg/ml', 'value': '1.56'}, {'comments': None, 'relation': '=', 'result_flag': 0, 'standard_relation': '=', 'standard_text_value': None, 'standard_type': 'DOSE_Upper', 'standard_units': 'microg/ml', 'standard_value': '100.0', 'text_value': None, 'type': 'DOSE_Upper', 'units': 'microg/ml', 'value': '100.0'}, {'comments': None, 'relation': '=', 'result_flag': 0, 'standard_relation': '=', 'standard_text_value': None, 'standard_type': 'TIME', 'standard_units': 'hr', 'standard_value': '24.0', 'text_value': None, 'type': 'TIME', 'units': 'hrs', 'value': '24.0'}]",CHEMBL5391156,Antibiofilm activity against methicillin-susceptible Staphylococcus aureus ATCC 29213 assessed as inhibition of biofilm formation incubated for 24 hrs by crystal violet staining based analysis,F,,,BAO_0000179,BAO_0000218,organism-based format,COc1cccc2nn3cc(C4=Nc5c(ccc6ccccc56)C4(C)C)cnc3c12,,,CHEMBL5390226,Bioorg Med Chem,2023,,CHEMBL5417252,,CHEMBL5417252,,0,http://www.openphacts.org/units/MicrogramPerMilliliter,4010195,=,1,0,=,,MBIC50,ug ml-1,,12.5,CHEMBL352,Staphylococcus aureus,Staphylococcus aureus,1280,,,MBIC50,ug ml-1,UO_0000274,,12.5,31850.21734588316,4.4968875996929745
3382,,,18570176,[],CHEMBL4220812,Antibiofilm activity against Salmonella typhimurium ATCC 14028 after 24 hrs by crystal violet staining based assay,F,,,BAO_0000190,BAO_0000218,organism-based format,Nc1ncc(-c2ccc(Cl)cc2)n1CCCCCCCCn1c(-c2ccc(Cl)cc2)cnc1N,,,CHEMBL4219072,Bioorg Med Chem,2018,,CHEMBL4228115,,CHEMBL4228115,5.7,0,http://www.openphacts.org/units/Nanomolar,3083424,=,1,1,=,,IC50,nM,,2000.0,CHEMBL351,Salmonella enterica subsp. enterica serovar Typhimurium,Salmonella typhimurium,90371,,,IC50,uM,UO_0000065,,2.0,2000.0,5.698970004336019
3220,,,18511382,[],CHEMBL4191872,Antibiofilm activity against Salmonella typhimurium ATCC 14028 after 24 hrs by crystal violet staining based method,F,,,BAO_0000179,BAO_0000218,organism-based format,CCCCCCCc1nc(N)n(CC(=O)Nc2ccc(C)cc2)c1-c1ccccc1Br,,,CHEMBL4190235,Eur J Med Chem,2017,,CHEMBL4214684,,CHEMBL4214684,,0,http://www.openphacts.org/units/Micromolar,3073311,=,1,0,=,,MBIC50,uM,,37.7,CHEMBL351,Salmonella enterica subsp. enterica serovar Typhimurium,Salmonella typhimurium,90371,,,MBIC50,uM,UO_0000064,,37.7,37700.0,4.423658649794207
2775,,,16819055,[],CHEMBL3872386,Antibiofilm activity against Staphylococcus aureus ATCC 25923 after 24 hrs by crystal-violet stain based assay,F,,,BAO_0000190,BAO_0000019,assay format,CCOC(=O)c1cnn(-c2ccc(S(N)(=O)=O)cc2)c1N,,,CHEMBL3872202,Eur J Med Chem,2016,,CHEMBL3961185,,CHEMBL3961185,4.11,0,http://www.openphacts.org/units/Nanomolar,2812679,=,1,1,=,,IC50,nM,,77000.0,CHEMBL352,Staphylococcus aureus,Staphylococcus aureus,1280,,,IC50,uM,UO_0000065,,77.0,77000.0,4.113509274827518
4997,,,19127344,[],CHEMBL4374185,Antibiofilm activity against Mycobacterium smegmatis str. MC2 155 ATCC 700084 after 48 hrs by crystal violet staining based reporter assay,F,,,BAO_0000190,BAO_0000218,organism-based format,CCCCS(=O)(=O)Nc1ccc2nc(N)ncc2c1.Cl,,,CHEMBL4373648,Medchemcomm,2019,,CHEMBL4448000,,CHEMBL4597020,4.22,0,http://www.openphacts.org/units/Nanomolar,3192237,=,1,1,=,,IC50,nM,,60000.0,CHEMBL613088,Mycolicibacterium smegmatis,Mycolicibacterium smegmatis,1772,,,IC50,uM,UO_0000065,,60.0,60000.0,4.221848749616356
2440,,,16531882,[],CHEMBL3791789,Antibiofilm activity against Staphylococcus aureus MTCC 96 after 24 hrs by crystal violet staining based assay,F,,,BAO_0000190,BAO_0000218,organism-based format,CCCCCCNCCCCCCCCCCC(=O)OC,,,CHEMBL3784971,Bioorg Med Chem Lett,2016,,CHEMBL3786909,,CHEMBL3786909,,0,http://www.openphacts.org/units/MicrogramPerMilliliter,2768094,=,1,1,=,,IC50,ug.mL-1,,2.6,CHEMBL352,Staphylococcus aureus,Staphylococcus aureus,1280,,,IC50,ug ml-1,UO_0000274,,2.6,8681.164210898869,5.061422028687044
1717,,,14541483,[],CHEMBL3227447,Antimicrobial activity against methicillin-resistant Staphylococcus aureus ATCC BAA-44 assessed as inhibition of biofilm formation after 24 hrs by crystal violet staining-based microscopy,F,,,BAO_0000190,BAO_0000218,organism-based format,CCCCCc1ccc(C(=O)Nc2ccc3c(c2)nc(N)n3CCc2c[nH]c3ccccc23)cc1.Cl,,,CHEMBL3217587,Medchemcomm,2012,,CHEMBL3218067,,CHEMBL3301848,5.36,0,http://www.openphacts.org/units/Nanomolar,2072411,=,1,1,=,,IC50,nM,,4400.0,CHEMBL352,Staphylococcus aureus,Staphylococcus aureus,1280,,,IC50,uM,UO_0000065,,4.4,4400.0,5.356547323513813
5991,,,22444710,"[{'comments': None, 'relation': '=', 'result_flag': 0, 'standard_relation': '=', 'standard_text_value': None, 'standard_type': 'TIME', 'standard_units': 'hr', 'standard_value': '24.0', 'text_value': None, 'type': 'Time', 'units': 'hrs', 'value': '24.0'}]",CHEMBL4679317,Inhibition of biofilm formation in Bacillus subtilis MTCC 121 incubated for 24 hrs by crystal violet staining based microtiter plate method,F,,,BAO_0000190,BAO_0000218,organism-based format,COc1ccc(-n2cc(COc3ccc(/C=N/Nc4nc(-c5cc6cccc(OC)c6oc5=O)cs4)cc3)nn2)cc1,,,CHEMBL4673372,Bioorg Med Chem Lett,2021,,CHEMBL4800245,,CHEMBL4800245,4.78,0,http://www.openphacts.org/units/Nanomolar,3517643,=,1,1,=,,IC50,nM,,16600.0,CHEMBL359,Bacillus subtilis,Bacillus subtilis,1423,,,IC50,uM,UO_0000065,,16.6,16600.0,4.779891911959945
3694,,,18730763,[],CHEMBL4260145,Antibiofilm activity against Salmonella typhimurium ATCC 14028 after 24 hrs by crystal violet staining based assay,F,,,BAO_0000190,BAO_0000218,organism-based format,Cl.Nc1nc2cc(NC(=O)c3ccc(Cl)c(Cl)c3)ccc2n1CCCc1ccccc1,,,CHEMBL4257552,Medchemcomm,2018,,CHEMBL4283179,,CHEMBL4302707,5.2,0,http://www.openphacts.org/units/Nanomolar,3111840,=,1,1,=,,IC50,nM,,6300.0,CHEMBL351,Salmonella enterica subsp. enterica serovar Typhimurium,Salmonella typhimurium,90371,,,IC50,uM,UO_0000065,,6.3,6300.0,5.200659450546418
1831,,,14739122,[],CHEMBL3296160,Antimicrobial activity against Klebsiella planticola MTCC 530 assessed as inhibition of biofilm formation after 24 hrs by crystal violet staining-based assay,F,,,BAO_0000190,BAO_0000218,organism-based format,CCCCCCCCCCn1nc(-n2cc(COc3cc(C(F)(F)F)nc(N)n3)nn2)c2ccc(C(F)(F)F)nc21,,,CHEMBL3286384,Bioorg Med Chem Lett,2014,,CHEMBL3287782,,CHEMBL3287782,,0,http://www.openphacts.org/units/MicrogramPerMilliliter,2115202,=,1,1,=,,IC50,ug.mL-1,,3.9,CHEMBL613271,Raoultella planticola,Raoultella planticola,575,,,IC50,ug ml-1,UO_0000274,,3.9,6660.325126332703,5.176504570060063
8326,,,25035895,"[{'comments': None, 'relation': '=', 'result_flag': 0, 'standard_relation': '=', 'standard_text_value': None, 'standard_type': 'TIME', 'standard_units': 'hr', 'standard_value': '24.0', 'text_value': None, 'type': 'TIME', 'units': 'hrs', 'value': '24.0'}]",CHEMBL5243252,Antibiofilm activity against Bacillus subtilis MTCC 121 assessed as inhibition of biofilm incubated for 24 hrs by crystal violet staining based spectrophotometry,F,,,BAO_0000190,BAO_0000218,organism-based format,COc1ccc(Nc2ncnc3c2C(c2ccc(OC)cc2)c2c(cc(C)oc2=O)O3)cc1,,,CHEMBL5241112,RSC Med Chem,2022,,CHEMBL5272623,,CHEMBL5272623,5.6,0,http://www.openphacts.org/units/Nanomolar,3920867,=,1,1,=,,IC50,nM,,2500.0,CHEMBL359,Bacillus subtilis,Bacillus subtilis,1423,,,IC50,uM,UO_0000065,,2.5,2500.0,5.6020599913279625
1696,,,14541462,[],CHEMBL3227446,Antimicrobial activity against methicillin-resistant Staphylococcus aureus ATCC 43300 assessed as inhibition of biofilm formation after 24 hrs by crystal violet staining-based microscopy,F,,,BAO_0000190,BAO_0000218,organism-based format,CCCCCc1ccc(C(=O)Nc2ccc3c(c2)nc(N)n3CCCc2ccccc2)cc1.Cl,,,CHEMBL3217587,Medchemcomm,2012,,CHEMBL3218069,,CHEMBL3304276,5.33,0,http://www.openphacts.org/units/Nanomolar,2072413,=,1,1,=,,IC50,nM,,4700.0,CHEMBL352,Staphylococcus aureus,Staphylococcus aureus,1280,,,IC50,uM,UO_0000065,,4.7,4700.0,5.327902142064282
2277,,,16416818,[],CHEMBL3750868,Antibiofilm activity against Escherichia coli MTCC 739 after 24 hrs by crystal violet staining method,F,,,BAO_0000190,BAO_0000218,organism-based format,O=C(O)c1cn(C2CC2)c2cc(N3CCNCC3)c(F)cc2c1=O,,,CHEMBL3745709,Bioorg Med Chem Lett,2016,,CHEMBL8,CIPROFLOXACIN,CHEMBL8,,0,http://www.openphacts.org/units/MicrogramPerMilliliter,2741078,=,1,1,=,,IC50,ug.mL-1,,0.5,CHEMBL354,Escherichia coli,Escherichia coli,562,,,IC50,ug ml-1,UO_0000274,,0.5,1508.9920838275282,5.821313038527286
3389,,,18570183,[],CHEMBL4220812,Antibiofilm activity against Salmonella typhimurium ATCC 14028 after 24 hrs by crystal violet staining based assay,F,,,BAO_0000190,BAO_0000218,organism-based format,Nc1ncc(-c2ccc(Br)cc2)n1CCCCCCCn1c(-c2ccc(Br)cc2)cnc1N,,,CHEMBL4219072,Bioorg Med Chem,2018,,CHEMBL4227415,,CHEMBL4227415,5.77,0,http://www.openphacts.org/units/Nanomolar,3083432,=,1,1,=,,IC50,nM,,1700.0,CHEMBL351,Salmonella enterica subsp. enterica serovar Typhimurium,Salmonella typhimurium,90371,,,IC50,uM,UO_0000065,,1.7,1700.0,5.769551078621726
1672,,,14532274,[],CHEMBL3223731,Inhibition of biofilm formation in methicillin-resistant Staphylococcus aureus BAA 44 after 24 hrs by crystal violet staining-based assay,F,,,BAO_0000190,BAO_0000218,organism-based format,O=C(Cn1cc(Cc2c(Br)[nH]c3ccccc23)nn1)Nc1ccccc1,Outside typical range,"Values for this activity type are unusually large/small, so may not be accurate",CHEMBL3217512,Medchemcomm,2013,,CHEMBL3219484,,CHEMBL3219484,,0,http://www.openphacts.org/units/Nanomolar,2074333,=,1,1,=,,IC50,nM,,151400.0,CHEMBL352,Staphylococcus aureus,Staphylococcus aureus,1280,,,IC50,uM,UO_0000065,,151.4,151400.0,3.8198741248359456
2930,,,18119819,[],CHEMBL4026372,Antibiofilm activity against methicillin-resistant Staphylococcus aureus BAA-44 after 24 hrs by crystal violet staining based assay,F,,,BAO_0000190,BAO_0000019,assay format,CCCCOc1ccc(/C=C(\C)Cn2cc(CCCCCc3c[nH]c(N)n3)nn2)cc1,,,CHEMBL4024742,J Med Chem,2017,,CHEMBL4104955,,CHEMBL4104955,5.07,0,http://www.openphacts.org/units/Nanomolar,3004686,=,1,1,=,,IC50,nM,,8550.0,CHEMBL352,Staphylococcus aureus,Staphylococcus aureus,1280,,,IC50,uM,UO_0000065,,8.55,8550.0,5.068033885271827
6056,,,22446286,[],CHEMBL4679608,Antibiofilm activity against Streptococcus mutans UA159 assessed as inhibition of biofilm formation by serial dilution method,F,,,BAO_0000190,BAO_0000218,organism-based format,COC(=O)c1ccc(NC(=O)c2ccc3ccccc3n2)cc1,Outside typical range,"Values for this activity type are unusually large/small, so may not be accurate",CHEMBL4673385,ACS Med Chem Lett,2021,,CHEMBL4758788,,CHEMBL4758788,,0,http://www.openphacts.org/units/Nanomolar,3517937,=,1,1,=,,IC50,nM,,105600.0,CHEMBL612426,Streptococcus mutans,Streptococcus mutans,1309,,,IC50,uM,UO_0000065,,105.6,105600.0,3.9763360818022067
5385,,,19241855,[],CHEMBL4399779,Antibiofilm activity against Staphylococcus aureus MTCC 96 assessed as inhibition of biofilm formation by crystal violet staining-based microtitre plate assay,F,,,BAO_0000190,BAO_0000218,organism-based format,O=C(c1cn(-c2ccc(Br)cc2)nn1)c1c(-c2ccc(Cl)cc2)nc2sccn12,,,CHEMBL4396937,Bioorg Med Chem Lett,2019,,CHEMBL4454220,,CHEMBL4454220,,0,http://www.openphacts.org/units/MicrogramPerMilliliter,3211954,=,1,1,=,,IC50,ug.mL-1,,21.3,CHEMBL352,Staphylococcus aureus,Staphylococcus aureus,1280,,,IC50,ug ml-1,UO_0000274,,21.3,43938.72507560348,4.3571525487050655
5382,,,19241852,[],CHEMBL4399779,Antibiofilm activity against Staphylococcus aureus MTCC 96 assessed as inhibition of biofilm formation by crystal violet staining-based microtitre plate assay,F,,,BAO_0000190,BAO_0000218,organism-based format,O=C(c1cn(-c2ccc(F)cc2Br)nn1)c1c(-c2ccccc2)nc2sccn12,,,CHEMBL4396937,Bioorg Med Chem Lett,2019,,CHEMBL4438816,,CHEMBL4438816,,0,http://www.openphacts.org/units/MicrogramPerMilliliter,3211946,=,1,1,=,,IC50,ug.mL-1,,13.5,CHEMBL352,Staphylococcus aureus,Staphylococcus aureus,1280,,,IC50,ug ml-1,UO_0000274,,13.5,28826.99744400622,4.540200590404296
3942,,,18935637,[],CHEMBL4326949,Antibiofilm activity against methicillin-resistant Staphylococcus aureus,F,,,BAO_0000190,BAO_0000218,organism-based format,CCCCCCCc1ccc(NC(=O)CCn2cc(C[C@@]34CNC[C@@H]3Nc3ccccc34)nn2)cc1,,,CHEMBL4325854,Eur J Med Chem,2019,,CHEMBL4525383,,CHEMBL4525383,5.55,0,http://www.openphacts.org/units/Nanomolar,3159056,=,1,1,=,,IC50,nM,,2800.0,CHEMBL352,Staphylococcus aureus,Staphylococcus aureus,1280,,,IC50,uM,UO_0000065,,2.8,2800.0,5.552841968657781
354,,,5190446,[],CHEMBL1663615,Antibiofilm activity in Salmonella Typhimurium ATCC 14028 assessed as inhibition of biofilm formation at 25 degC after 24 hrs,F,,,BAO_0000190,BAO_0000218,organism-based format,CCCCCCCC[n+]1c(-c2ccc(SC)cc2)cn2cccnc21.[O-][Cl+3]([O-])([O-])[O-],,,CHEMBL1649413,J Med Chem,2011,,CHEMBL1649889,,CHEMBL1739692,4.68,0,http://www.openphacts.org/units/Nanomolar,1322168,=,1,1,=,,IC50,nM,,20700.0,CHEMBL351,Salmonella enterica subsp. enterica serovar Typhimurium,Salmonella typhimurium,90371,,,IC50,uM,UO_0000065,,20.7,20700.0,4.684029654543083
3728,,,18730801,[],CHEMBL4260145,Antibiofilm activity against Salmonella typhimurium ATCC 14028 after 24 hrs by crystal violet staining based assay,F,,,BAO_0000190,BAO_0000218,organism-based format,CCCCCCCc1ccc(C(=O)Nc2ccc3c(c2)nc(N)n3CCCc2ccccc2)cc1.Cl,,,CHEMBL4257552,Medchemcomm,2018,,CHEMBL4283048,,CHEMBL4301252,4.82,0,http://www.openphacts.org/units/Nanomolar,3111849,=,1,1,=,,IC50,nM,,15000.0,CHEMBL351,Salmonella enterica subsp. enterica serovar Typhimurium,Salmonella typhimurium,90371,,,IC50,uM,UO_0000065,20.0,15.0,15000.0,4.823908740944319
3391,,,18570185,[],CHEMBL4220812,Antibiofilm activity against Salmonella typhimurium ATCC 14028 after 24 hrs by crystal violet staining based assay,F,,,BAO_0000190,BAO_0000218,organism-based format,Nc1ncc(-c2ccc(Br)cc2)n1CCCCCn1c(-c2ccc(Br)cc2)cnc1N,,,CHEMBL4219072,Bioorg Med Chem,2018,,CHEMBL4227685,,CHEMBL4227685,5.4,0,http://www.openphacts.org/units/Nanomolar,3083434,=,1,1,=,,IC50,nM,,4000.0,CHEMBL351,Salmonella enterica subsp. enterica serovar Typhimurium,Salmonella typhimurium,90371,,,IC50,uM,UO_0000065,,4.0,4000.0,5.3979400086720375
2800,,,16819080,[],CHEMBL3872386,Antibiofilm activity against Staphylococcus aureus ATCC 25923 after 24 hrs by crystal-violet stain based assay,F,,,BAO_0000190,BAO_0000019,assay format,Cc1cc(C(=O)Nc2ccccc2)nn1-c1ccccc1,,,CHEMBL3872202,Eur J Med Chem,2016,,CHEMBL3978727,,CHEMBL3978727,4.12,0,http://www.openphacts.org/units/Nanomolar,2812692,=,1,1,=,,IC50,nM,,76000.0,CHEMBL352,Staphylococcus aureus,Staphylococcus aureus,1280,,,IC50,uM,UO_0000065,,76.0,76000.0,4.119186407719209
3234,,,18511396,[],CHEMBL4191872,Antibiofilm activity against Salmonella typhimurium ATCC 14028 after 24 hrs by crystal violet staining based method,F,,,BAO_0000179,BAO_0000218,organism-based format,O=C(OC[C@H]1O[C@@H](OC(=O)c2cc(O)c(O)c(OC(=O)c3cc(O)c(O)c(O)c3)c2)[C@H](OC(=O)c2cc(O)c(O)c(OC(=O)c3cc(O)c(O)c(O)c3)c2)[C@@H](OC(=O)c2cc(O)c(O)c(OC(=O)c3cc(O)c(O)c(O)c3)c2)[C@@H]1OC(=O)c1cc(O)c(O)c(OC(=O)c2cc(O)c(O)c(O)c2)c1)c1cc(O)c(O)c(OC(=O)c2cc(O)c(O)c(O)c2)c1,,,CHEMBL4190235,Eur J Med Chem,2017,,CHEMBL506247,TANNIC ACID,CHEMBL506247,,0,http://www.openphacts.org/units/Micromolar,3073325,=,1,0,=,,MBIC50,uM,,18.8,CHEMBL351,Salmonella enterica subsp. enterica serovar Typhimurium,Salmonella typhimurium,90371,,,MBIC50,uM,UO_0000064,,18.8,18800.0,4.72584215073632
6278,,,22790167,"[{'comments': None, 'relation': '=', 'result_flag': 0, 'standard_relation': '=', 'standard_text_value': None, 'standard_type': 'TIME', 'standard_units': 'hr', 'standard_value': '24.0', 'text_value': None, 'type': 'Time', 'units': 'hrs', 'value': '24.0'}]",CHEMBL4709341,Antibiofilm activity against methicillin-resistant Staphylococcus aureus ATCC BAA-44 incubated for 24 hrs by crystal violet-staining based assay,F,,,BAO_0000190,BAO_0000218,organism-based format,C/C(=C/c1ccccc1)Cn1cc(CCCCCc2nc(N)[nH]c2-c2ccc(-c3ccccc3)cc2)nn1,,,CHEMBL4706534,Eur J Med Chem,2020,,CHEMBL4757594,,CHEMBL4757594,5.87,0,http://www.openphacts.org/units/Nanomolar,3538762,=,1,1,=,,IC50,nM,,1340.0,CHEMBL352,Staphylococcus aureus,Staphylococcus aureus,1280,,,IC50,uM,UO_0000065,,1.34,1340.0,5.872895201635192
1840,,,14739149,[],CHEMBL3296160,Antimicrobial activity against Klebsiella planticola MTCC 530 assessed as inhibition of biofilm formation after 24 hrs by crystal violet staining-based assay,F,,,BAO_0000190,BAO_0000218,organism-based format,Nc1nc(OCc2cn(-c3n[nH]c4nc(C(F)(F)F)ccc34)nn2)cc(C(F)(F)F)n1,,,CHEMBL3286384,Bioorg Med Chem Lett,2014,,CHEMBL3287776,,CHEMBL3287776,,0,http://www.openphacts.org/units/MicrogramPerMilliliter,2115196,=,1,1,=,,IC50,ug.mL-1,,7.8,CHEMBL613271,Raoultella planticola,Raoultella planticola,575,,,IC50,ug ml-1,UO_0000274,,7.8,17516.792540541268,4.756545413548585
3386,,,18570180,[],CHEMBL4220812,Antibiofilm activity against Salmonella typhimurium ATCC 14028 after 24 hrs by crystal violet staining based assay,F,,,BAO_0000190,BAO_0000218,organism-based format,Nc1ncc(-c2ccc(Cl)cc2)n1CCCCn1c(-c2ccc(Cl)cc2)cnc1N,,,CHEMBL4219072,Bioorg Med Chem,2018,,CHEMBL4226895,,CHEMBL4226895,5.28,0,http://www.openphacts.org/units/Nanomolar,3083428,=,1,1,=,,IC50,nM,,5300.0,CHEMBL351,Salmonella enterica subsp. enterica serovar Typhimurium,Salmonella typhimurium,90371,,,IC50,uM,UO_0000065,,5.3,5300.0,5.275724130399211
784,,,6306946,[],CHEMBL1815005,Antimicrobial activity against Salmonella Typhimurium ATCC 14028 assessed as inhibition of biofilm formation after 24 hrs by spectrophotometry,F,,,BAO_0000190,BAO_0000218,organism-based format,CCCCCCCCN1c2nccc[n+]2C[C@@]1(O)c1ccc(F)cc1.[Br-],,,CHEMBL1811868,Bioorg Med Chem,2011,,CHEMBL1814038,,CHEMBL1851693,5.12,0,http://www.openphacts.org/units/Nanomolar,1448544,=,1,1,=,,IC50,nM,,7600.0,CHEMBL351,Salmonella enterica subsp. enterica serovar Typhimurium,Salmonella typhimurium,90371,,,IC50,uM,UO_0000065,,7.6,7600.0,5.119186407719209
720,,,6305768,[],CHEMBL1815005,Antimicrobial activity against Salmonella Typhimurium ATCC 14028 assessed as inhibition of biofilm formation after 24 hrs by spectrophotometry,F,,,BAO_0000190,BAO_0000218,organism-based format,CCCCCCCCN1c2nccc[n+]2C[C@@]1(O)c1ccc(-c2ccc([N+](=O)[O-])cc2)cc1.[Br-],,,CHEMBL1811868,Bioorg Med Chem,2011,,CHEMBL1814210,,CHEMBL1851644,4.51,0,http://www.openphacts.org/units/Nanomolar,1448749,=,1,1,=,,IC50,nM,,31000.0,CHEMBL351,Salmonella enterica subsp. enterica serovar Typhimurium,Salmonella typhimurium,90371,,,IC50,uM,UO_0000065,,31.0,31000.0,4.508638306165727
8114,,,24898348,"[{'comments': None, 'relation': '=', 'result_flag': 0, 'standard_relation': '=', 'standard_text_value': None, 'standard_type': 'TIME', 'standard_units': 'hr', 'standard_value': '24.0', 'text_value': None, 'type': 'Time', 'units': 'hrs', 'value': '24.0'}]",CHEMBL5159907,Antibiofilm activity against Salmonella typhimurium ATCC 14028 assessed as inhibition of biofilm formation incubated for 24 hrs by crystal violet staining based spectrophotometry,F,,,BAO_0000190,BAO_0000218,organism-based format,CN(Cc1ccsc1)CC1CCN(CCCc2ccccc2)CC1,,,CHEMBL5154764,Eur J Med Chem,2022,,CHEMBL5170627,,CHEMBL5170627,4.11,0,http://www.openphacts.org/units/Nanomolar,3891410,=,1,1,=,,IC50,nM,,78100.0,CHEMBL351,Salmonella enterica subsp. enterica serovar Typhimurium,Salmonella typhimurium,90371,,,IC50,uM,UO_0000065,,78.1,78100.0,4.1073489661227
4316,,,18982170,[],CHEMBL4339389,Antibiofilm activity against Staphylococcus aureus ATCC 25923 incubated for 24 hrs by crystal violet-staining based assay,F,,,BAO_0000179,BAO_0000218,organism-based format,Br.O=[N+]([O-])c1ccc(-c2cn3nc(-c4c[nH]c5ccc(Cl)cc45)sc3n2)cc1,,,CHEMBL4339190,Eur J Med Chem,2019,,CHEMBL4528604,,CHEMBL4597461,,0,http://www.openphacts.org/units/Micromolar,3166596,=,1,0,=,,MBIC50,uM,,55.3,CHEMBL352,Staphylococcus aureus,Staphylococcus aureus,1280,,,MBIC50,uM,UO_0000064,,55.3,55300.0,4.257274868695301
6223,,,22750711,"[{'comments': None, 'relation': '=', 'result_flag': 0, 'standard_relation': '=', 'standard_text_value': None, 'standard_type': 'TIME', 'standard_units': 'hr', 'standard_value': '24.0', 'text_value': None, 'type': 'Time', 'units': 'hrs', 'value': '24.0'}]",CHEMBL4699742,Antibiofilm activity against Mycobacterium smegmatis mc2 155 ATCC 700084 assessed as inhibition of biofilm formation measured after 24 hrs by crystal violet reporter assay,F,,,BAO_0000190,BAO_0000218,organism-based format,Cc1ccc2[nH]cc(-c3ccnc(N)n3)c2c1,,,CHEMBL4699393,RSC Med Chem,2020,,CHEMBL4301774,,CHEMBL4301774,4.8,0,http://www.openphacts.org/units/Nanomolar,3530917,=,1,1,=,,IC50,nM,,15700.0,CHEMBL613088,Mycolicibacterium smegmatis,Mycolicibacterium smegmatis,1772,,,IC50,uM,UO_0000065,,15.7,15700.0,4.804100347590766
4982,,,19107465,[],CHEMBL4369768,Antibiofilm activity against Mycobacterium smegmatis str. MC2 155 ATCC 700084 assessed as inhibition of biofilm formation incubated for 48 hrs by crystal violet reporter assay,F,,,BAO_0000190,BAO_0000218,organism-based format,Nc1nc2cc(NC(=O)c3ccc(Cl)c(Cl)c3)ccc2n1CCCc1ccccc1,,,CHEMBL4368897,Medchemcomm,2019,,CHEMBL4302707,,CHEMBL4302707,5.06,0,http://www.openphacts.org/units/Nanomolar,3188143,=,1,1,=,,IC50,nM,,8800.0,CHEMBL613088,Mycolicibacterium smegmatis,Mycolicibacterium smegmatis,1772,,,IC50,uM,UO_0000065,,8.8,8800.0,5.055517327849833
9396,,,25722615,"[{'comments': None, 'relation': '=', 'result_flag': 0, 'standard_relation': '=', 'standard_text_value': None, 'standard_type': 'DOSE_Lower', 'standard_units': 'microg/ml', 'standard_value': '1.56', 'text_value': None, 'type': 'DOSE_Lower', 'units': 'microg/ml', 'value': '1.56'}, {'comments': None, 'relation': '=', 'result_flag': 0, 'standard_relation': '=', 'standard_text_value': None, 'standard_type': 'DOSE_Upper', 'standard_units': 'microg/ml', 'standard_value': '100.0', 'text_value': None, 'type': 'DOSE_Upper', 'units': 'microg/ml', 'value': '100.0'}, {'comments': None, 'relation': '=', 'result_flag': 0, 'standard_relation': '=', 'standard_text_value': None, 'standard_type': 'TIME', 'standard_units': 'hr', 'standard_value': '24.0', 'text_value': None, 'type': 'TIME', 'units': 'hrs', 'value': '24.0'}]",CHEMBL5391157,Antibiofilm activity against methicillin-resistant Staphylococcus aureus ATCC 33591 assessed as inhibition of biofilm formation incubated for 24 hrs by crystal violet staining based analysis,F,,,BAO_0000179,BAO_0000218,organism-based format,CC1(C)C(c2cnn(-c3ccc(C(=O)O)cc3)c2)=Nc2ccccc21,,,CHEMBL5390226,Bioorg Med Chem,2023,,CHEMBL5403946,,CHEMBL5403946,,0,http://www.openphacts.org/units/MicrogramPerMilliliter,4010175,=,1,0,=,,MBIC50,ug ml-1,,50.0,CHEMBL352,Staphylococcus aureus,Staphylococcus aureus,1280,,,MBIC50,ug ml-1,UO_0000274,,50.0,150886.45794039982,3.821349736405131
3575,,,18583812,[],CHEMBL4223115,Antibiofilm activity against Bacillus subtilis MTCC 121 after 24 hrs by crystal violet staining-based assay,F,,,BAO_0000190,BAO_0000218,organism-based format,CN1CCN(C(=O)c2nc(-c3ccccc3)c3c(C(F)(F)F)cc(-c4ccccc4)nc3n2)CC1,,,CHEMBL4219190,Bioorg Med Chem Lett,2018,,CHEMBL4227935,,CHEMBL4227935,,0,http://www.openphacts.org/units/MicrogramPerMilliliter,3086029,=,1,1,=,,IC50,ug.mL-1,,10.8,CHEMBL359,Bacillus subtilis,Bacillus subtilis,1423,,,IC50,ug ml-1,UO_0000274,,10.8,22618.27472826655,4.645540525165181
9342,,,25722556,"[{'comments': None, 'relation': '=', 'result_flag': 0, 'standard_relation': '=', 'standard_text_value': None, 'standard_type': 'TIME', 'standard_units': 'hr', 'standard_value': '24.0', 'text_value': None, 'type': 'TIME', 'units': 'hrs', 'value': '24.0'}]",CHEMBL5391150,Antibiofilm activity against methicillin-resistant Staphylococcus aureus ATCC 33591 assessed as biofilm eradication incubated for 24 hrs by crystal violet staining based analysis,F,,,BAO_0000179,BAO_0000218,organism-based format,CCOC(=O)c1ccc2c(c1)C(C)(C)C(c1cnc3c4ccc(C(F)(F)F)cc4nn3c1)=N2,,,CHEMBL5390226,Bioorg Med Chem,2023,,CHEMBL5396292,,CHEMBL5396292,,0,http://www.openphacts.org/units/MicrogramPerMilliliter,4010197,=,1,0,=,,MBEC50,ug ml-1,,100.0,CHEMBL352,Staphylococcus aureus,Staphylococcus aureus,1280,,,MBEC50,ug ml-1,UO_0000274,,100.0,221025.7362367274,3.6555571541210465
1132,,,13840641,[],CHEMBL3095560,Antibiofilm activity against Klebsiella planticola MTCC 530 after 24 hrs by crystal violet assay,F,,,BAO_0000190,BAO_0000218,organism-based format,COc1ccc(Cn2cc(CNC(=O)c3ccc([N+](=O)[O-])o3)nn2)cc1[N+](=O)[O-],,,CHEMBL3091424,Bioorg Med Chem Lett,2013,,CHEMBL3093117,,CHEMBL3093117,,0,http://www.openphacts.org/units/MicrogramPerMilliliter,1953077,=,1,1,=,,IC50,ug.mL-1,,6.1,CHEMBL613271,Raoultella planticola,Raoultella planticola,575,,,IC50,ug ml-1,UO_0000274,,6.1,15161.94699283908,4.819245026015775
8160,,,24898394,"[{'comments': None, 'relation': '=', 'result_flag': 0, 'standard_relation': '=', 'standard_text_value': None, 'standard_type': 'TIME', 'standard_units': 'hr', 'standard_value': '24.0', 'text_value': None, 'type': 'Time', 'units': 'hrs', 'value': '24.0'}]",CHEMBL5159908,Antibiofilm activity against Salmonella typhimurium ATCC 14028 assessed as biofilm dispersal effect incubated for 24 hrs by crystal violet staining based spectrophotometry,F,,,BAO_0000188,BAO_0000218,organism-based format,CN(Cc1ccsc1)CC1CCN(CCc2cc(Cl)cc(Cl)c2)CC1,,,CHEMBL5154764,Eur J Med Chem,2022,,CHEMBL5200346,,CHEMBL5200346,4.35,0,http://www.openphacts.org/units/Nanomolar,3891401,=,1,1,=,,EC50,nM,,45000.0,CHEMBL351,Salmonella enterica subsp. enterica serovar Typhimurium,Salmonella typhimurium,90371,,,EC50,uM,UO_0000065,,45.0,45000.0,4.346787486224656
950,,,10954621,[],CHEMBL2061045,Antibacterial activity against Escherichia coli K-12 ATCC 25404 assessed as inhibition of biofilm formation after 2 hrs by confocal laser microscopic analysis,F,,,BAO_0000190,BAO_0000218,organism-based format,CNC(=O)c1cccc(-c2ccc(O[C@H]3O[C@H](CO)[C@@H](O)[C@H](O)[C@@H]3O)c(C)c2)c1,,,CHEMBL2057137,J Med Chem,2012,,CHEMBL2058201,,CHEMBL2058201,6.8,0,http://www.openphacts.org/units/Nanomolar,1656072,=,1,1,=,,IC50,nM,,160.0,CHEMBL354,Escherichia coli,Escherichia coli,562,,,IC50,uM,UO_0000065,,0.16,160.0,6.795880017344075
672,,,6304710,[],CHEMBL1815005,Antimicrobial activity against Salmonella Typhimurium ATCC 14028 assessed as inhibition of biofilm formation after 24 hrs by spectrophotometry,F,,,BAO_0000190,BAO_0000218,organism-based format,Nc1ncc(-c2ccccc2)[nH]1,Outside typical range,"Values for this activity type are unusually large/small, so may not be accurate",CHEMBL1811868,Bioorg Med Chem,2011,,CHEMBL1649757,,CHEMBL1649757,,0,http://www.openphacts.org/units/Nanomolar,1448504,=,1,1,=,,IC50,nM,,130200.0,CHEMBL351,Salmonella enterica subsp. enterica serovar Typhimurium,Salmonella typhimurium,90371,,,IC50,uM,UO_0000065,,130.2,130200.0,3.885389015767827
8180,,,24898414,"[{'comments': None, 'relation': '=', 'result_flag': 0, 'standard_relation': '=', 'standard_text_value': None, 'standard_type': 'TIME', 'standard_units': 'hr', 'standard_value': '24.0', 'text_value': None, 'type': 'Time', 'units': 'hrs', 'value': '24.0'}]",CHEMBL5159908,Antibiofilm activity against Salmonella typhimurium ATCC 14028 assessed as biofilm dispersal effect incubated for 24 hrs by crystal violet staining based spectrophotometry,F,,,BAO_0000188,BAO_0000218,organism-based format,CN(Cc1ccsc1)CC1CCN(Cc2ccc(F)c(F)c2)CC1,Outside typical range,"Values for this activity type are unusually large/small, so may not be accurate",CHEMBL5154764,Eur J Med Chem,2022,,CHEMBL5172022,,CHEMBL5172022,,0,http://www.openphacts.org/units/Nanomolar,3891425,=,1,1,=,,EC50,nM,,3803000.0,CHEMBL351,Salmonella enterica subsp. enterica serovar Typhimurium,Salmonella typhimurium,90371,,,EC50,uM,UO_0000065,,3803.0,3803000.0,2.419873674588417
2809,,,16819089,[],CHEMBL3872387,Antibiofilm activity against Staphylococcus aureus ATCC 29213 after 24 hrs by crystal-violet stain based assay,F,,,BAO_0000190,BAO_0000019,assay format,Cc1c(C(=O)Nc2ccccc2)cnn1-c1ccc(C(F)(F)F)cc1,,,CHEMBL3872202,Eur J Med Chem,2016,,CHEMBL3982331,,CHEMBL3982331,4.34,0,http://www.openphacts.org/units/Nanomolar,2812689,=,1,1,=,,IC50,nM,,46000.0,CHEMBL352,Staphylococcus aureus,Staphylococcus aureus,1280,,,IC50,uM,UO_0000065,,46.0,46000.0,4.337242168318426
3596,,,18583960,[],CHEMBL4223116,Antibiofilm activity against Staphylococcus aureus MTCC 96 after 24 hrs by crystal violet staining-based assay,F,,,BAO_0000190,BAO_0000218,organism-based format,COc1ccc(-c2nc(C(=O)NC3CCCCC3)nc3nc(-c4ccccc4)cc(C(F)(F)F)c23)cc1,,,CHEMBL4219190,Bioorg Med Chem Lett,2018,,CHEMBL4228208,,CHEMBL4228208,,0,http://www.openphacts.org/units/MicrogramPerMilliliter,3086035,=,1,1,=,,IC50,ug.mL-1,,2.7,CHEMBL352,Staphylococcus aureus,Staphylococcus aureus,1280,,,IC50,ug ml-1,UO_0000274,,2.7,5330.406216438182,5.273239693255749
298,,,5190390,[],CHEMBL1663615,Antibiofilm activity in Salmonella Typhimurium ATCC 14028 assessed as inhibition of biofilm formation at 25 degC after 24 hrs,F,,,BAO_0000190,BAO_0000218,organism-based format,Cc1ccc(-c2cnc(N)n2C(C)C)cc1,Outside typical range,"Values for this activity type are unusually large/small, so may not be accurate",CHEMBL1649413,J Med Chem,2011,,CHEMBL1649834,,CHEMBL1649834,,0,http://www.openphacts.org/units/Nanomolar,1322112,=,1,1,=,,IC50,nM,,203300.0,CHEMBL351,Salmonella enterica subsp. enterica serovar Typhimurium,Salmonella typhimurium,90371,,,IC50,uM,UO_0000065,,203.3,203300.0,3.6918626213619614
2791,,,16819071,[],CHEMBL3872386,Antibiofilm activity against Staphylococcus aureus ATCC 25923 after 24 hrs by crystal-violet stain based assay,F,,,BAO_0000190,BAO_0000019,assay format,Cc1c(C(=O)Nc2ccccc2)cnn1-c1ccc(Cl)cc1,Outside typical range,"Values for this activity type are unusually large/small, so may not be accurate",CHEMBL3872202,Eur J Med Chem,2016,,CHEMBL3965847,,CHEMBL3965847,,0,http://www.openphacts.org/units/Nanomolar,2812685,=,1,1,=,,IC50,nM,,552000.0,CHEMBL352,Staphylococcus aureus,Staphylococcus aureus,1280,,,IC50,uM,UO_0000065,,552.0,552000.0,3.2580609222708015
2706,,,16638895,[],CHEMBL3826208,Inhibition of biofilm formation of Streptococcus mutans UA159 after 16 hrs by crystal violet staining based serial dilution method,F,,,BAO_0000190,BAO_0000218,organism-based format,O=C(/C=C\c1ccc(O)cc1O)c1ccc(O)cc1,,,CHEMBL3822431,Bioorg Med Chem Lett,2016,,CHEMBL3823460,,CHEMBL3823460,4.11,0,http://www.openphacts.org/units/Nanomolar,2785936,=,1,1,=,,IC50,nM,,77000.0,CHEMBL612426,Streptococcus mutans,Streptococcus mutans,1309,,,IC50,uM,UO_0000065,,77.0,77000.0,4.113509274827518
6515,,,22905973,"[{'comments': None, 'relation': '=', 'result_flag': 0, 'standard_relation': '=', 'standard_text_value': None, 'standard_type': 'TIME', 'standard_units': 'hr', 'standard_value': '24.0', 'text_value': None, 'type': 'Time', 'units': 'hrs', 'value': '24.0'}]",CHEMBL4733169,Antibiofilm activity against Staphylococcus aureus ATCC 25923 after 24 hrs by crystal violet staining based assay,F,,,BAO_0000179,BAO_0000218,organism-based format,Cn1cc(C(=O)c2nc(-c3cn(C)c4ccc(Br)cc34)no2)c2cc(F)ccc21,,,CHEMBL4732050,Eur J Med Chem,2021,,CHEMBL4760516,,CHEMBL4760516,,0,http://www.openphacts.org/units/Micromolar,3556001,=,1,0,=,,MBIC50,uM,,9.7,CHEMBL352,Staphylococcus aureus,Staphylococcus aureus,1280,,,MBIC50,uM,UO_0000064,,9.7,9700.0,5.013228265733755
1394,,,13910556,[],CHEMBL3116742,Antibacterial activity against Staphylococcus aureus ATCC 25923 assessed as inhibition of biofilm formation after 20 hrs by crystal-violet staining method,F,,,BAO_0000190,BAO_0000218,organism-based format,COc1ccccc1C1=C(Br)C(=O)N(CC(C)C)/C1=C/c1ccc(C(F)(F)F)cc1,,,CHEMBL3112480,Bioorg Med Chem Lett,2014,,CHEMBL3116163,,CHEMBL3116163,4.02,0,http://www.openphacts.org/units/Nanomolar,1967408,=,1,1,=,,IC50,nM,,95100.0,CHEMBL352,Staphylococcus aureus,Staphylococcus aureus,1280,,,IC50,uM,UO_0000065,,95.1,95100.0,4.021819483062586
4314,,,18982168,[],CHEMBL4339389,Antibiofilm activity against Staphylococcus aureus ATCC 25923 incubated for 24 hrs by crystal violet-staining based assay,F,,,BAO_0000179,BAO_0000218,organism-based format,Br.COc1ccc(OC)c(-c2cn3nc(-c4c[nH]c5ccc(Cl)cc45)sc3n2)c1,,,CHEMBL4339190,Eur J Med Chem,2019,,CHEMBL4475334,,CHEMBL4596393,,0,http://www.openphacts.org/units/Micromolar,3166594,=,1,0,=,,MBIC50,uM,,24.2,CHEMBL352,Staphylococcus aureus,Staphylococcus aureus,1280,,,MBIC50,uM,UO_0000064,,24.2,24200.0,4.616184634019569
6097,,,22446327,[],CHEMBL4679608,Antibiofilm activity against Streptococcus mutans UA159 assessed as inhibition of biofilm formation by serial dilution method,F,,,BAO_0000190,BAO_0000218,organism-based format,NC(=O)c1ccccc1NC(=O)c1cc2cc([N+](=O)[O-])ccc2o1,Outside typical range,"Values for this activity type are unusually large/small, so may not be accurate",CHEMBL4673385,ACS Med Chem Lett,2021,,CHEMBL4777325,,CHEMBL4777325,,0,http://www.openphacts.org/units/Nanomolar,3517896,=,1,1,=,,IC50,nM,,102700.0,CHEMBL612426,Streptococcus mutans,Streptococcus mutans,1309,,,IC50,uM,UO_0000065,,102.7,102700.0,3.988429556402722
2672,,,16629147,[],CHEMBL3820716,Antibiofilm activity against Staphylococcus aureus MTCC 96 incubated for 24 hrs by crystal violet staining-based assay,F,,,BAO_0000190,BAO_0000218,organism-based format,Cc1ccc(C2=CSC3=NC4=C(CSc5ccccc54)C(c4ccccc4)N23)cc1,,,CHEMBL3817812,Bioorg Med Chem,2016,,CHEMBL3819536,,CHEMBL3819536,,0,http://www.openphacts.org/units/MicrogramPerMilliliter,2782938,=,1,1,=,,IC50,ug.mL-1,,2.1,CHEMBL352,Staphylococcus aureus,Staphylococcus aureus,1280,,,IC50,ug ml-1,UO_0000274,,2.1,4945.901260969301,5.305754558060492
3344,,,18552778,[],CHEMBL4199796,Antibiofilm activity against methicillin-resistant Staphylococcus aureus ATCC 43300 assessed induction of dispersion of preformed biofilm after 24 hrs by crystal violet staining based method,F,,,BAO_0000188,BAO_0000218,organism-based format,CCNc1nccc(-c2c[nH]c3ccc(Br)cc23)n1.Cl,,,CHEMBL4196121,ACS Med Chem Lett,2018,,CHEMBL4216713,,CHEMBL4301224,4.12,0,http://www.openphacts.org/units/Nanomolar,3080266,=,1,1,=,,EC50,nM,,75800.0,CHEMBL352,Staphylococcus aureus,Staphylococcus aureus,1280,,,EC50,uM,UO_0000065,,75.8,75800.0,4.120330794367947
4169,,,18955406,[],CHEMBL4332306,Anti-biofilm activity against Pseudoalteromonas ulvae TC14 assessed as inhibition of bacterial adhesion incubated for 15 hrs at 20 degC by Syto 61 dye based fluorescence assay,F,,,BAO_0000188,BAO_0000218,organism-based format,Oc1ccc(CCn2cc(-c3ccc(-c4cn(CCc5ccc(O)c(Br)c5)nn4)cc3)nn2)cc1Br,,,CHEMBL4330109,Bioorg Med Chem Lett,2019,,CHEMBL4578459,,CHEMBL4578459,4.39,0,http://www.openphacts.org/units/Nanomolar,3162276,=,1,1,=,,EC50,nM,,40900.0,CHEMBL4296595,Pseudoalteromonas ulvae,Pseudoalteromonas ulvae,107327,,,EC50,uM,UO_0000065,,40.9,40900.0,4.388276691992658
2090,,,15668837,[],CHEMBL3603703,Inhibition of biofilm formation in Staphylococcus aureus 8325-4 after 24 hrs by microtiter plate assay,F,,,BAO_0000188,BAO_0000218,organism-based format,COc1cc([C@H]2Oc3cc(-c4oc5cc(O)cc(O)c5c(=O)c4O)ccc3O[C@@H]2CO)ccc1O,,,CHEMBL3600361,J Nat Prod,2015,,CHEMBL315670,,CHEMBL315670,,0,http://www.openphacts.org/units/MicrogramPerMilliliter,2493552,=,1,1,=,,EC50,ug.mL-1,,16.0,CHEMBL352,Staphylococcus aureus,Staphylococcus aureus,1280,,,EC50,ug ml-1,UO_0000274,,16.0,33303.84555341623,4.477505616157269
5552,,,19304590,[],CHEMBL4414410,Antibiofilm activity against Staphylococcus aureus ATCC 25923 after 24 hrs by crystal violet staining based assay,F,,,BAO_0000190,BAO_0000218,organism-based format,O=C(c1cc(Br)ccc1O)c1[nH]c(Br)c(Cl)c1Br,,,CHEMBL4411342,Bioorg Med Chem,2019,,CHEMBL4069856,,CHEMBL4069856,8.06,0,http://www.openphacts.org/units/Nanomolar,3223500,=,1,1,=,,IC50,nM,,8.7,CHEMBL352,Staphylococcus aureus,Staphylococcus aureus,1280,,,IC50,uM,UO_0000065,,0.0087,8.7,8.060480747381382
8188,,,24898422,"[{'comments': None, 'relation': '=', 'result_flag': 0, 'standard_relation': '=', 'standard_text_value': None, 'standard_type': 'TIME', 'standard_units': 'hr', 'standard_value': '24.0', 'text_value': None, 'type': 'Time', 'units': 'hrs', 'value': '24.0'}]",CHEMBL5159908,Antibiofilm activity against Salmonella typhimurium ATCC 14028 assessed as biofilm dispersal effect incubated for 24 hrs by crystal violet staining based spectrophotometry,F,,,BAO_0000188,BAO_0000218,organism-based format,CN(Cc1ccsc1)CC1CCN(CCc2cccc(I)c2)CC1,,,CHEMBL5154764,Eur J Med Chem,2022,,CHEMBL5177822,,CHEMBL5177822,4.36,0,http://www.openphacts.org/units/Nanomolar,3891433,=,1,1,=,,EC50,nM,,44000.0,CHEMBL351,Salmonella enterica subsp. enterica serovar Typhimurium,Salmonella typhimurium,90371,,,EC50,uM,UO_0000065,,44.0,44000.0,4.356547323513812
6216,,,22750704,"[{'comments': None, 'relation': '=', 'result_flag': 0, 'standard_relation': '=', 'standard_text_value': None, 'standard_type': 'TIME', 'standard_units': 'hr', 'standard_value': '24.0', 'text_value': None, 'type': 'Time', 'units': 'hrs', 'value': '24.0'}]",CHEMBL4699742,Antibiofilm activity against Mycobacterium smegmatis mc2 155 ATCC 700084 assessed as inhibition of biofilm formation measured after 24 hrs by crystal violet reporter assay,F,,,BAO_0000190,BAO_0000218,organism-based format,Nc1nccc(-c2cn(Cc3ccccc3)c3cc(Br)ccc23)n1,,,CHEMBL4699393,RSC Med Chem,2020,,CHEMBL4752651,,CHEMBL4752651,4.56,0,http://www.openphacts.org/units/Nanomolar,3530910,=,1,1,=,,IC50,nM,,27300.0,CHEMBL613088,Mycolicibacterium smegmatis,Mycolicibacterium smegmatis,1772,,,IC50,uM,UO_0000065,,27.3,27300.0,4.5638373529592435
1148,,,13840657,[],CHEMBL3095562,Antibiofilm activity against Staphylococcus aureus MTCC 96 after 24 hrs by crystal violet assay,F,,,BAO_0000190,BAO_0000218,organism-based format,COc1ccc(Cn2cc(CNC(=O)c3ccc([N+](=O)[O-])o3)nn2)cc1O,,,CHEMBL3091424,Bioorg Med Chem Lett,2013,,CHEMBL3093113,,CHEMBL3093113,,0,http://www.openphacts.org/units/MicrogramPerMilliliter,1953073,=,1,1,=,,IC50,ug.mL-1,,10.3,CHEMBL352,Staphylococcus aureus,Staphylococcus aureus,1280,,,IC50,ug ml-1,UO_0000274,,10.3,27589.90156030268,4.559249849063896
2276,,,16416817,[],CHEMBL3750868,Antibiofilm activity against Escherichia coli MTCC 739 after 24 hrs by crystal violet staining method,F,,,BAO_0000190,BAO_0000218,organism-based format,CCCCCC(=O)Nc1cc2c(cc1F)c(=O)c(C(=O)OCC)cn2CC,,,CHEMBL3745709,Bioorg Med Chem Lett,2016,,CHEMBL3746328,,CHEMBL3746328,,0,http://www.openphacts.org/units/MicrogramPerMilliliter,2741066,=,1,1,=,,IC50,ug.mL-1,,8.7,CHEMBL354,Escherichia coli,Escherichia coli,562,,,IC50,ug ml-1,UO_0000274,,8.7,23111.989543817133,4.636162667644629
242,,,5190334,[],CHEMBL1663615,Antibiofilm activity in Salmonella Typhimurium ATCC 14028 assessed as inhibition of biofilm formation at 25 degC after 24 hrs,F,,,BAO_0000190,BAO_0000218,organism-based format,COc1ccc(-c2[nH]c(N)nc2-c2ccccc2)cc1,,,CHEMBL1649413,J Med Chem,2011,,CHEMBL1649780,,CHEMBL1649780,4.11,0,http://www.openphacts.org/units/Nanomolar,1322056,=,1,1,=,,IC50,nM,,77100.0,CHEMBL351,Salmonella enterica subsp. enterica serovar Typhimurium,Salmonella typhimurium,90371,,,IC50,uM,UO_0000065,,77.1,77100.0,4.112945621949043
4969,,,19107452,[],CHEMBL4369768,Antibiofilm activity against Mycobacterium smegmatis str. MC2 155 ATCC 700084 assessed as inhibition of biofilm formation incubated for 48 hrs by crystal violet reporter assay,F,,,BAO_0000190,BAO_0000218,organism-based format,CCCCCc1ccc(C(=O)Nc2ccc3c(c2)nc(N)n3Cc2ccccc2)cc1,,,CHEMBL4368897,Medchemcomm,2019,,CHEMBL3301702,,CHEMBL3301702,4.91,0,http://www.openphacts.org/units/Nanomolar,3188131,=,1,1,=,,IC50,nM,,12200.0,CHEMBL613088,Mycolicibacterium smegmatis,Mycolicibacterium smegmatis,1772,,,IC50,uM,UO_0000065,,12.2,12200.0,4.913640169325252
895,,,10928305,[],CHEMBL2044658,Inhibition of type 1 pili formation in uropathogenic Escherichia coli isolate UTI89 assessed as inhibition of biofilm formation after 24 hrs by crystal violet staining method,F,,,BAO_0000188,BAO_0000218,organism-based format,O=C(O)[C@@H]1CSc2c(-c3cn(Cc4ccccc4)nn3)c(Cc3cccc4ccccc34)c(Br)c(=O)n21,,,CHEMBL2040841,Eur J Med Chem,2012,,CHEMBL2043285,,CHEMBL2043285,4.0,0,http://www.openphacts.org/units/Nanomolar,1651138,=,1,1,=,,EC50,nM,,100000.0,CHEMBL354,Escherichia coli,Escherichia coli,562,,,EC50,uM,UO_0000065,,100.0,100000.0,4.0
8117,,,24898351,"[{'comments': None, 'relation': '=', 'result_flag': 0, 'standard_relation': '=', 'standard_text_value': None, 'standard_type': 'TIME', 'standard_units': 'hr', 'standard_value': '24.0', 'text_value': None, 'type': 'Time', 'units': 'hrs', 'value': '24.0'}]",CHEMBL5159907,Antibiofilm activity against Salmonella typhimurium ATCC 14028 assessed as inhibition of biofilm formation incubated for 24 hrs by crystal violet staining based spectrophotometry,F,,,BAO_0000190,BAO_0000218,organism-based format,CN(Cc1ccsc1)CC1CCN(CCc2ccc(Cl)cc2Cl)CC1,,,CHEMBL5154764,Eur J Med Chem,2022,,CHEMBL5206056,,CHEMBL5206056,5.6,0,http://www.openphacts.org/units/Nanomolar,3891413,=,1,1,=,,IC50,nM,,2500.0,CHEMBL351,Salmonella enterica subsp. enterica serovar Typhimurium,Salmonella typhimurium,90371,,,IC50,uM,UO_0000065,,2.5,2500.0,5.6020599913279625
1916,,,15087771,[],CHEMBL3388394,Inhibition of biofilm formation in methicillin-resistant Staphylococcus aureus MTCC 96 after 36 hr incubation by tissue culture plate method,F,,,BAO_0000190,BAO_0000218,organism-based format,O=C(O)CCCCC(=O)Nc1ccc(-c2nc3cc([N+](=O)[O-])ccc3[nH]2)cc1,,,CHEMBL3352166,Bioorg Med Chem,2014,,CHEMBL3344023,,CHEMBL3344023,4.36,0,http://www.openphacts.org/units/Nanomolar,2266636,=,1,1,=,,IC50,nM,,44200.0,CHEMBL352,Staphylococcus aureus,Staphylococcus aureus,1280,,,IC50,uM,UO_0000065,,44.2,44200.0,4.354577730650908
3167,,,18470445,[],CHEMBL4182537,Anti-biofilm activity against Pseudoalteromonas ulvae TC14 assessed as inhibition of bacterial adhesion incubated for 15 hrs at 20 degC by Syto 61 dye based fluorimetric assay,F,,,BAO_0000188,BAO_0000218,organism-based format,CC1(C)S[C@@H]2[C@H](NC(=O)[C@H](N)c3ccccc3)C(=O)N2[C@H]1C(=O)O,,,CHEMBL4177720,Bioorg Med Chem Lett,2018,,CHEMBL174,AMPICILLIN,CHEMBL174,5.03,0,http://www.openphacts.org/units/Nanomolar,3065760,=,1,1,=,,EC50,nM,,9300.0,CHEMBL4296595,Pseudoalteromonas ulvae,Pseudoalteromonas ulvae,107327,,,EC50,uM,UO_0000065,,9.3,9300.0,5.031517051446064
2817,,,16819097,[],CHEMBL3872387,Antibiofilm activity against Staphylococcus aureus ATCC 29213 after 24 hrs by crystal-violet stain based assay,F,,,BAO_0000190,BAO_0000019,assay format,Cc1cc(C(=O)Nc2ccccc2)n(-c2ccccc2)n1,Outside typical range,"Values for this activity type are unusually large/small, so may not be accurate",CHEMBL3872202,Eur J Med Chem,2016,,CHEMBL3911345,,CHEMBL3911345,,0,http://www.openphacts.org/units/Nanomolar,2812691,=,1,1,=,,IC50,nM,,123000.0,CHEMBL352,Staphylococcus aureus,Staphylococcus aureus,1280,,,IC50,uM,UO_0000065,,123.0,123000.0,3.910094888560602
6057,,,22446287,[],CHEMBL4679608,Antibiofilm activity against Streptococcus mutans UA159 assessed as inhibition of biofilm formation by serial dilution method,F,,,BAO_0000190,BAO_0000218,organism-based format,COC(=O)c1cccc(NC(=O)c2ccc3ccccc3n2)c1,,,CHEMBL4673385,ACS Med Chem Lett,2021,,CHEMBL4740463,,CHEMBL4740463,4.04,0,http://www.openphacts.org/units/Nanomolar,3517936,=,1,1,=,,IC50,nM,,92300.0,CHEMBL612426,Streptococcus mutans,Streptococcus mutans,1309,,,IC50,uM,UO_0000065,,92.3,92300.0,4.034798298974088
941,,,10954612,[],CHEMBL2061045,Antibacterial activity against Escherichia coli K-12 ATCC 25404 assessed as inhibition of biofilm formation after 2 hrs by confocal laser microscopic analysis,F,,,BAO_0000190,BAO_0000218,organism-based format,CNC(=O)c1cc(C(=O)NC)cc(-c2ccc(O[C@H]3O[C@H](CO)[C@@H](O)[C@H](O)[C@@H]3O)cc2)c1,,,CHEMBL2057137,J Med Chem,2012,,CHEMBL1170270,,CHEMBL1170270,6.13,0,http://www.openphacts.org/units/Nanomolar,1656074,=,1,1,=,,IC50,nM,,740.0,CHEMBL354,Escherichia coli,Escherichia coli,562,,,IC50,uM,UO_0000065,,0.74,740.0,6.130768280269024
4350,,,18982204,[],CHEMBL4339390,Antibiofilm activity against Staphylococcus aureus ATCC 6538 incubated for 24 hrs by crystal violet-staining based assay,F,,,BAO_0000179,BAO_0000218,organism-based format,O=[N+]([O-])c1ccc(-c2cn3nc(-c4c[nH]c5ccc(Br)cc45)sc3n2)cc1,,,CHEMBL4339190,Eur J Med Chem,2019,,CHEMBL4470461,,CHEMBL4470461,,0,http://www.openphacts.org/units/Micromolar,3166602,=,1,0,=,,MBIC50,uM,,27.0,CHEMBL352,Staphylococcus aureus,Staphylococcus aureus,1280,,,MBIC50,uM,UO_0000064,,27.0,27000.0,4.568636235841012
4348,,,18982202,[],CHEMBL4339390,Antibiofilm activity against Staphylococcus aureus ATCC 6538 incubated for 24 hrs by crystal violet-staining based assay,F,,,BAO_0000179,BAO_0000218,organism-based format,Cn1cc(-c2nn3cc(-c4ccc([N+](=O)[O-])cc4)nc3s2)c2ccccc21,,,CHEMBL4339190,Eur J Med Chem,2019,,CHEMBL4525997,,CHEMBL4525997,,0,http://www.openphacts.org/units/Micromolar,3166600,=,1,0,=,,MBIC50,uM,,3.0,CHEMBL352,Staphylococcus aureus,Staphylococcus aureus,1280,,,MBIC50,uM,UO_0000064,,3.0,3000.0,5.522878745280337
939,,,10954610,[],CHEMBL2061045,Antibacterial activity against Escherichia coli K-12 ATCC 25404 assessed as inhibition of biofilm formation after 2 hrs by confocal laser microscopic analysis,F,,,BAO_0000190,BAO_0000218,organism-based format,COC(=O)c1cccc(-c2ccc(O[C@H]3O[C@H](CO)[C@@H](O)[C@H](O)[C@@H]3O)cc2)c1,,,CHEMBL2057137,J Med Chem,2012,,CHEMBL1171277,,CHEMBL1171277,6.03,0,http://www.openphacts.org/units/Nanomolar,1655695,=,1,1,=,,IC50,nM,,940.0,CHEMBL354,Escherichia coli,Escherichia coli,562,,,IC50,uM,UO_0000065,,0.94,940.0,6.026872146400301
324,,,5190416,[],CHEMBL1663615,Antibiofilm activity in Salmonella Typhimurium ATCC 14028 assessed as inhibition of biofilm formation at 25 degC after 24 hrs,F,,,BAO_0000190,BAO_0000218,organism-based format,Nc1ncc(-c2ccc(-c3ccccc3)cc2)n1C1CCCC1,,,CHEMBL1649413,J Med Chem,2011,,CHEMBL1649587,,CHEMBL1649587,5.12,0,http://www.openphacts.org/units/Nanomolar,1322138,=,1,1,=,,IC50,nM,,7500.0,CHEMBL351,Salmonella enterica subsp. enterica serovar Typhimurium,Salmonella typhimurium,90371,,,IC50,uM,UO_0000065,,7.5,7500.0,5.1249387366083
3527,,,18570321,[],CHEMBL4220815,Antibiofilm activity against Staphylococcus aureus SH1000 after 48 hrs by crystal violet staining based assay,F,,,BAO_0000190,BAO_0000218,organism-based format,Nc1ncc(-c2ccc(F)cc2)n1CCCCCCCn1c(-c2ccc(F)cc2)cnc1N,,,CHEMBL4219072,Bioorg Med Chem,2018,,CHEMBL4227460,,CHEMBL4227460,4.62,0,http://www.openphacts.org/units/Nanomolar,3083418,=,1,1,=,,IC50,nM,,23700.0,CHEMBL352,Staphylococcus aureus,Staphylococcus aureus,1280,,,IC50,uM,UO_0000065,,23.7,23700.0,4.6252516539898965
3713,,,18730782,[],CHEMBL4260145,Antibiofilm activity against Salmonella typhimurium ATCC 14028 after 24 hrs by crystal violet staining based assay,F,,,BAO_0000190,BAO_0000218,organism-based format,CCCCCc1ccc(C(=O)Nc2ccc3c(c2)nc(N)n3CCc2c[nH]c3ccccc23)cc1.Cl,,,CHEMBL4257552,Medchemcomm,2018,,CHEMBL3218067,,CHEMBL3301848,5.0,0,http://www.openphacts.org/units/Nanomolar,3111821,=,1,1,=,,IC50,nM,,10000.0,CHEMBL351,Salmonella enterica subsp. enterica serovar Typhimurium,Salmonella typhimurium,90371,,,IC50,uM,UO_0000065,15.0,10.0,10000.0,5.0
1947,,,15125503,[],CHEMBL3381381,Anti-biofilm activity against Staphylococcus aureus MTCC 96 assessed as inhibition of biofilm formation incubated for 24 hrs by crystal violet staining based modified biofilm inhibition assay,F,,,BAO_0000190,BAO_0000218,organism-based format,CCCCCCC(C/C=C\CCCCCCCC(=O)OC)/N=C\c1cc(OC)c(O)c(OC)c1,,,CHEMBL3351415,Bioorg Med Chem Lett,2014,,CHEMBL3337786,,CHEMBL3337786,5.14,0,http://www.openphacts.org/units/Nanomolar,2272909,=,1,1,=,,IC50,nM,,7300.0,CHEMBL352,Staphylococcus aureus,Staphylococcus aureus,1280,,,IC50,uM,UO_0000065,,7.3,7300.0,5.136677139879544
2520,,,16605504,[],CHEMBL3813215,Antibiofilm activity against Bacillus subtilis MTCC 121 after 24 hrs by crystal violet staining based assay,F,,,BAO_0000190,BAO_0000218,organism-based format,O=C1C=C(N2CC2)C(=O)C(c2cc(-c3ccc(C(=O)NCC4CC4)s3)on2)=C1N1CC1,,,CHEMBL3808371,Eur J Med Chem,2016,,CHEMBL3810297,,CHEMBL3810297,5.01,0,http://www.openphacts.org/units/Nanomolar,2778942,=,1,1,=,,IC50,nM,,9800.0,CHEMBL359,Bacillus subtilis,Bacillus subtilis,1423,,,IC50,uM,UO_0000065,,9.8,9800.0,5.008773924307505
3556,,,18570350,[],CHEMBL4220815,Antibiofilm activity against Staphylococcus aureus SH1000 after 48 hrs by crystal violet staining based assay,F,,,BAO_0000190,BAO_0000218,organism-based format,Fc1ccc(-c2cnc(NCCCCNc3ncc(-c4ccc(F)cc4)[nH]3)[nH]2)cc1,,,CHEMBL4219072,Bioorg Med Chem,2018,,CHEMBL4224706,,CHEMBL4224706,4.39,0,http://www.openphacts.org/units/Nanomolar,3083447,=,1,1,=,,IC50,nM,,40600.0,CHEMBL352,Staphylococcus aureus,Staphylococcus aureus,1280,,,IC50,uM,UO_0000065,,40.6,40600.0,4.391473966422806
8246,,,24987818,"[{'comments': None, 'relation': '=', 'result_flag': 0, 'standard_relation': '=', 'standard_text_value': None, 'standard_type': 'TIME', 'standard_units': 'hr', 'standard_value': '24.0', 'text_value': None, 'type': 'TIME', 'units': 'hrs', 'value': '24.0'}]",CHEMBL5228699,Inhibition of biofilm formation in Staphylococcus aureus ATCC 6538 incubated for 24 hrs by crystal violet staining based analysis,F,,,BAO_0000190,BAO_0000218,organism-based format,CCOC(=O)/C(=N\Nc1c(F)cccc1F)C(=O)c1cc(C)nn1CC,,,CHEMBL5226340,J Med Chem,2021,,CHEMBL5289799,,CHEMBL5289799,6.05,0,http://www.openphacts.org/units/Nanomolar,3907022,=,1,1,=,,IC50,nM,,900.0,CHEMBL352,Staphylococcus aureus,Staphylococcus aureus,1280,,,IC50,uM,UO_0000065,,0.9,900.0,6.045757490560675
3485,,,18570279,[],CHEMBL4220814,Antibiofilm activity against Escherichia coli TG1 after 24 hrs by crystal violet staining based assay,F,,,BAO_0000190,BAO_0000218,organism-based format,Nc1ncc(-c2ccc(Cl)cc2)n1CCCCn1c(-c2ccc(Cl)cc2)cnc1N,,,CHEMBL4219072,Bioorg Med Chem,2018,,CHEMBL4226895,,CHEMBL4226895,4.91,0,http://www.openphacts.org/units/Nanomolar,3083428,=,1,1,=,,IC50,nM,,12300.0,CHEMBL354,Escherichia coli,Escherichia coli,562,,,IC50,uM,UO_0000065,,12.3,12300.0,4.910094888560602
5983,,,22444702,"[{'comments': None, 'relation': '=', 'result_flag': 0, 'standard_relation': '=', 'standard_text_value': None, 'standard_type': 'TIME', 'standard_units': 'hr', 'standard_value': '24.0', 'text_value': None, 'type': 'Time', 'units': 'hrs', 'value': '24.0'}]",CHEMBL4679317,Inhibition of biofilm formation in Bacillus subtilis MTCC 121 incubated for 24 hrs by crystal violet staining based microtiter plate method,F,,,BAO_0000190,BAO_0000218,organism-based format,O=C(O)c1cn(C2CC2)c2cc(N3CCNCC3)c(F)cc2c1=O,,,CHEMBL4673372,Bioorg Med Chem Lett,2021,,CHEMBL8,CIPROFLOXACIN,CHEMBL8,6.16,0,http://www.openphacts.org/units/Nanomolar,3517651,=,1,1,=,,IC50,nM,,700.0,CHEMBL359,Bacillus subtilis,Bacillus subtilis,1423,,,IC50,uM,UO_0000065,,0.7,700.0,6.154901959985743
286,,,5190378,[],CHEMBL1663615,Antibiofilm activity in Salmonella Typhimurium ATCC 14028 assessed as inhibition of biofilm formation at 25 degC after 24 hrs,F,,,BAO_0000190,BAO_0000218,organism-based format,CCCCCCCCCCCCn1c(-c2ccc(-c3ccccc3)cc2)cnc1N,Outside typical range,"Values for this activity type are unusually large/small, so may not be accurate",CHEMBL1649413,J Med Chem,2011,,CHEMBL1649822,,CHEMBL1649822,,0,http://www.openphacts.org/units/Nanomolar,1322100,=,1,1,=,,IC50,nM,,166600.0,CHEMBL351,Salmonella enterica subsp. enterica serovar Typhimurium,Salmonella typhimurium,90371,,,IC50,uM,UO_0000065,,166.6,166600.0,3.778325002929231
3948,,,18935643,[],CHEMBL4326949,Antibiofilm activity against methicillin-resistant Staphylococcus aureus,F,,,BAO_0000190,BAO_0000218,organism-based format,CCCCCc1ccc(C(=O)NCCn2cc(CCCCCc3c[nH]c(N)n3)nn2)cc1,,,CHEMBL4325854,Eur J Med Chem,2019,,CHEMBL2365407,,CHEMBL2365407,4.82,0,http://www.openphacts.org/units/Nanomolar,3159046,=,1,1,=,,IC50,nM,,15200.0,CHEMBL352,Staphylococcus aureus,Staphylococcus aureus,1280,,,IC50,uM,UO_0000065,34.0,15.2,15200.0,4.818156412055228
177,,,3469115,[],CHEMBL1252263,Antimicrobial activity against Salmonella Typhimurium ATCC 14028 assessed as inhibition of biofilm formation after 48 hrs using crystal violet staining by microtiter plate assay,F,,,BAO_0000190,BAO_0000218,organism-based format,CC(=O)OC(C)C1=C(Br)C(=C(Br)Br)OC1=O,,,CHEMBL1250426,Bioorg Med Chem,2010,,CHEMBL1253494,,CHEMBL1253494,5.14,0,http://www.openphacts.org/units/Nanomolar,955400,=,1,1,=,,IC50,nM,,7295.0,CHEMBL351,Salmonella enterica subsp. enterica serovar Typhimurium,Salmonella typhimurium,90371,,,IC50,uM,UO_0000065,,7.295,7295.0,5.136974703770529
4315,,,18982169,[],CHEMBL4339389,Antibiofilm activity against Staphylococcus aureus ATCC 25923 incubated for 24 hrs by crystal violet-staining based assay,F,,,BAO_0000179,BAO_0000218,organism-based format,Br.Fc1ccc(-c2cn3nc(-c4c[nH]c5ccc(Cl)cc45)sc3n2)cc1,,,CHEMBL4339190,Eur J Med Chem,2019,,CHEMBL4448657,,CHEMBL4595554,,0,http://www.openphacts.org/units/Micromolar,3166595,=,1,0,=,,MBIC50,uM,,51.3,CHEMBL352,Staphylococcus aureus,Staphylococcus aureus,1280,,,MBIC50,uM,UO_0000064,,51.3,51300.0,4.289882634888183
1962,,,15125518,[],CHEMBL3381973,Anti-biofilm activity against Bacillus subtilis MTCC 121 assessed as inhibition of biofilm formation incubated for 24 hrs by crystal violet staining based modified biofilm inhibition assay,F,,,BAO_0000190,BAO_0000218,organism-based format,CCCCCCC(C/C=C\CCCCCCCC(=O)OC)/N=C\c1ccc(O)cc1,,,CHEMBL3351415,Bioorg Med Chem Lett,2014,,CHEMBL3337776,,CHEMBL3337776,4.71,0,http://www.openphacts.org/units/Nanomolar,2272899,=,1,1,=,,IC50,nM,,19500.0,CHEMBL359,Bacillus subtilis,Bacillus subtilis,1423,,,IC50,uM,UO_0000065,,19.5,19500.0,4.709965388637482
6088,,,22446318,[],CHEMBL4679608,Antibiofilm activity against Streptococcus mutans UA159 assessed as inhibition of biofilm formation by serial dilution method,F,,,BAO_0000190,BAO_0000218,organism-based format,NC(=O)c1ccccc1NC(=O)c1cc2ccccc2s1,,,CHEMBL4673385,ACS Med Chem Lett,2021,,CHEMBL4782003,,CHEMBL4782003,4.34,0,http://www.openphacts.org/units/Nanomolar,3517905,=,1,1,=,,IC50,nM,,45600.0,CHEMBL612426,Streptococcus mutans,Streptococcus mutans,1309,,,IC50,uM,UO_0000065,,45.6,45600.0,4.341035157335565
2233,,,16404112,[],CHEMBL3743206,Antibiofilm activity against Pseudoalteromonas ulvae TC14 assessed as reduction in adhesion after 15 hrs by Syto61 based-fluorescence analysis relative to control,F,,,BAO_0000188,BAO_0000019,assay format,O=C(NCCc1ccc(O)cc1)c1cn(CCc2ccc(O)cc2)nn1,,,CHEMBL3739258,Bioorg Med Chem Lett,2015,,CHEMBL3739976,,CHEMBL3739976,4.14,0,http://www.openphacts.org/units/Nanomolar,2737262,=,1,1,=,,EC50,nM,,72900.0,CHEMBL4296595,Pseudoalteromonas ulvae,Pseudoalteromonas ulvae,107327,,,EC50,uM,UO_0000065,,72.9,72900.0,4.137272471682025
2348,,,16484497,[],CHEMBL3773157,Antibiofilm activity against methicillin-resistant Staphylococcus aureus N315 after 24 hrs by crystal violet staining-based plate reader assay,F,,,BAO_0000190,BAO_0000218,organism-based format,O=C(O)c1cn(C2CC2)c2cc(N3CCN(Cc4nc5ccccc5n4Cc4ccc(Cl)cc4Cl)CC3)c(F)cc2c1=O,,,CHEMBL3769303,Eur J Med Chem,2016,,CHEMBL3769531,,CHEMBL3769531,,0,http://www.openphacts.org/units/MicrogramPerMilliliter,2761084,=,1,1,=,,IC50,ug.mL-1,,0.125,CHEMBL352,Staphylococcus aureus,Staphylococcus aureus,1280,,,IC50,ug ml-1,UO_0000274,,0.125,201.4465473673353,6.695840171671801
3246,,,18511435,[],CHEMBL4191874,Antibiofilm activity against Staphylococcus aureus SH1000 after 48 hrs by crystal violet staining based method,F,,,BAO_0000179,BAO_0000218,organism-based format,CCCCCCc1nc(N)n(CC(=O)Nc2ccc(C)cc2)c1-c1ccccc1Br,,,CHEMBL4190235,Eur J Med Chem,2017,,CHEMBL4207374,,CHEMBL4207374,,0,http://www.openphacts.org/units/Micromolar,3073310,=,1,0,=,,MBIC50,uM,,12.6,CHEMBL352,Staphylococcus aureus,Staphylococcus aureus,1280,,,MBIC50,uM,UO_0000064,,12.6,12600.0,4.899629454882437
1965,,,15125521,[],CHEMBL3381973,Anti-biofilm activity against Bacillus subtilis MTCC 121 assessed as inhibition of biofilm formation incubated for 24 hrs by crystal violet staining based modified biofilm inhibition assay,F,,,BAO_0000190,BAO_0000218,organism-based format,CCCCCCC(C/C=C\CCCCCCCC(=O)OC)/N=C\c1ccc(N(C)C)cc1,,,CHEMBL3351415,Bioorg Med Chem Lett,2014,,CHEMBL3337784,,CHEMBL3337784,4.56,0,http://www.openphacts.org/units/Nanomolar,2272907,=,1,1,=,,IC50,nM,,27800.0,CHEMBL359,Bacillus subtilis,Bacillus subtilis,1423,,,IC50,uM,UO_0000065,,27.8,27800.0,4.555955204081924
3561,,,18570355,[],CHEMBL4220815,Antibiofilm activity against Staphylococcus aureus SH1000 after 48 hrs by crystal violet staining based assay,F,,,BAO_0000190,BAO_0000218,organism-based format,Clc1ccc(-c2cnc(NCCCCCNc3ncc(-c4ccc(Cl)cc4)[nH]3)[nH]2)cc1,,,CHEMBL4219072,Bioorg Med Chem,2018,,CHEMBL4228995,,CHEMBL4228995,4.03,0,http://www.openphacts.org/units/Nanomolar,3083452,=,1,1,=,,IC50,nM,,94400.0,CHEMBL352,Staphylococcus aureus,Staphylococcus aureus,1280,,,IC50,uM,UO_0000065,,94.4,94400.0,4.025028005701931
3161,,,18470439,[],CHEMBL4182537,Anti-biofilm activity against Pseudoalteromonas ulvae TC14 assessed as inhibition of bacterial adhesion incubated for 15 hrs at 20 degC by Syto 61 dye based fluorimetric assay,F,,,BAO_0000188,BAO_0000218,organism-based format,COc1cccc(-n2cc(C(=O)NCCc3ccc(OC)c(OC)c3)nn2)c1,,,CHEMBL4177720,Bioorg Med Chem Lett,2018,,CHEMBL4211217,,CHEMBL4211217,4.13,0,http://www.openphacts.org/units/Nanomolar,3065754,=,1,1,=,,EC50,nM,,73700.0,CHEMBL4296595,Pseudoalteromonas ulvae,Pseudoalteromonas ulvae,107327,,,EC50,uM,UO_0000065,,73.7,73700.0,4.132532512140949
5640,,,20704022,[],CHEMBL4627903,Antibiofilm activity against Escherichia coli UTI89 incubated for 2 days at 23 degC followed by 1 day incubation at RT,F,,,BAO_0000179,BAO_0000218,organism-based format,CN(C)CCNC(=O)[C@@H]1C[C@]2(C)[C@H]3CC=C4[C@@H]5CC(C)(C)CC[C@]5(C(=O)O)CC[C@@]4(C)[C@]3(C)CC[C@H]2C(C)(C)[C@H]1O,,,CHEMBL4627274,Bioorg Med Chem,2020,,CHEMBL4648487,,CHEMBL4648487,,0,http://www.openphacts.org/units/MicrogramPerMilliliter,3486847,=,1,0,=,,MBIC50,ug ml-1,,4.0,CHEMBL354,Escherichia coli,Escherichia coli,562,,,MBIC50,ug ml-1,UO_0000274,,4.0,7006.98421151282,5.154468861079364
5631,,,20704013,[],CHEMBL4627903,Antibiofilm activity against Escherichia coli UTI89 incubated for 2 days at 23 degC followed by 1 day incubation at RT,F,,,BAO_0000179,BAO_0000218,organism-based format,CN(C)C(=O)[C@@H]1C[C@]2(C)[C@H]3CC=C4[C@@H]5CC(C)(C)CC[C@]5(C(=O)O)CC[C@@]4(C)[C@]3(C)CC[C@H]2C(C)(C)[C@H]1O,,,CHEMBL4627274,Bioorg Med Chem,2020,,CHEMBL4640350,,CHEMBL4640350,,0,http://www.openphacts.org/units/MicrogramPerMilliliter,3486838,=,1,0,=,,MBIC50,ug ml-1,,4.0,CHEMBL354,Escherichia coli,Escherichia coli,562,,,MBIC50,ug ml-1,UO_0000274,,4.0,7578.771860020076,5.120401166087024
5954,,,22444673,"[{'comments': None, 'relation': '=', 'result_flag': 0, 'standard_relation': '=', 'standard_text_value': None, 'standard_type': 'TIME', 'standard_units': 'hr', 'standard_value': '24.0', 'text_value': None, 'type': 'Time', 'units': 'hrs', 'value': '24.0'}]",CHEMBL4679314,Inhibition of biofilm formation in Escherichia coli MTCC 739 incubated for 24 hrs by crystal violet staining based microtiter plate method,F,,,BAO_0000190,BAO_0000218,organism-based format,COc1ccc(-n2cc(COc3ccc(/C=N/Nc4nc(-c5cc6cc(Br)cc(OC)c6oc5=O)cs4)cc3)nn2)cc1,,,CHEMBL4673372,Bioorg Med Chem Lett,2021,,CHEMBL4741186,,CHEMBL4741186,4.66,0,http://www.openphacts.org/units/Nanomolar,3517644,=,1,1,=,,IC50,nM,,21900.0,CHEMBL354,Escherichia coli,Escherichia coli,562,,,IC50,uM,UO_0000065,,21.9,21900.0,4.6595558851598815
316,,,5190408,[],CHEMBL1663615,Antibiofilm activity in Salmonella Typhimurium ATCC 14028 assessed as inhibition of biofilm formation at 25 degC after 24 hrs,F,,,BAO_0000190,BAO_0000218,organism-based format,Nc1ncc(-c2ccccc2)n1C1CCCCCCCCCCC1,,,CHEMBL1649413,J Med Chem,2011,,CHEMBL1649852,,CHEMBL1649852,4.84,0,http://www.openphacts.org/units/Nanomolar,1322130,=,1,1,=,,IC50,nM,,14600.0,CHEMBL351,Salmonella enterica subsp. enterica serovar Typhimurium,Salmonella typhimurium,90371,,,IC50,uM,UO_0000065,,14.6,14600.0,4.835647144215563
3257,,,18511446,[],CHEMBL4191874,Antibiofilm activity against Staphylococcus aureus SH1000 after 48 hrs by crystal violet staining based method,F,,,BAO_0000179,BAO_0000218,organism-based format,Nc1nc(Cc2ccccc2)c(-c2ccccc2Br)n1CC(=O)NCc1ccccc1,,,CHEMBL4190235,Eur J Med Chem,2017,,CHEMBL4216975,,CHEMBL4216975,,0,http://www.openphacts.org/units/Micromolar,3073321,=,1,0,=,,MBIC50,uM,,41.5,CHEMBL352,Staphylococcus aureus,Staphylococcus aureus,1280,,,MBIC50,uM,UO_0000064,,41.5,41500.0,4.3819519032879075
5388,,,19241858,[],CHEMBL4399780,Antibiofilm activity against Escherichia coli MTCC 739 assessed as inhibition of biofilm formation by crystal violet staining-based microtitre plate assay,F,,,BAO_0000190,BAO_0000218,organism-based format,O=C(c1cn(-c2ccc(F)cc2Br)nn1)c1c(-c2ccccc2)nc2sccn12,,,CHEMBL4396937,Bioorg Med Chem Lett,2019,,CHEMBL4438816,,CHEMBL4438816,,0,http://www.openphacts.org/units/MicrogramPerMilliliter,3211946,=,1,1,=,,IC50,ug.mL-1,,18.2,CHEMBL354,Escherichia coli,Escherichia coli,562,,,IC50,ug ml-1,UO_0000274,,18.2,38863.063220808384,4.410462970914227
6235,,,22750723,"[{'comments': None, 'relation': '=', 'result_flag': 0, 'standard_relation': '=', 'standard_text_value': None, 'standard_type': 'TIME', 'standard_units': 'hr', 'standard_value': '24.0', 'text_value': None, 'type': 'Time', 'units': 'hrs', 'value': '24.0'}]",CHEMBL4699743,Antibiofilm activity against Mycobacterium smegmatis mc2 155 ATCC 700084 assessed as dispersion of preformed biofilms measured after 24 hrs by crystal violet reporter assay,F,,,BAO_0000188,BAO_0000218,organism-based format,Nc1nccc(-c2c[nH]c3cc(Br)ccc23)n1,,,CHEMBL4699393,RSC Med Chem,2020,,CHEMBL46440,MERIDIANIN D,CHEMBL46440,4.29,0,http://www.openphacts.org/units/Nanomolar,3530895,=,1,1,=,,EC50,nM,,51000.0,CHEMBL613088,Mycolicibacterium smegmatis,Mycolicibacterium smegmatis,1772,,,EC50,uM,UO_0000065,,51.0,51000.0,4.292429823902063
909,,,10928319,[],CHEMBL2044658,Inhibition of type 1 pili formation in uropathogenic Escherichia coli isolate UTI89 assessed as inhibition of biofilm formation after 24 hrs by crystal violet staining method,F,,,BAO_0000188,BAO_0000218,organism-based format,O=C(O)c1c(-c2c[nH]nn2)sc2c(C3CC3)c(Cc3cccc4ccccc34)cc(=O)n12,,,CHEMBL2040841,Eur J Med Chem,2012,,CHEMBL2043381,,CHEMBL2043381,4.12,0,http://www.openphacts.org/units/Nanomolar,1651273,=,1,1,=,,EC50,nM,,75000.0,CHEMBL354,Escherichia coli,Escherichia coli,562,,,EC50,uM,UO_0000065,,75.0,75000.0,4.1249387366083
3534,,,18570328,[],CHEMBL4220815,Antibiofilm activity against Staphylococcus aureus SH1000 after 48 hrs by crystal violet staining based assay,F,,,BAO_0000190,BAO_0000218,organism-based format,Nc1ncc(-c2ccc(Cl)cc2)n1CCCCCCCn1c(-c2ccc(Cl)cc2)cnc1N,,,CHEMBL4219072,Bioorg Med Chem,2018,,CHEMBL4225564,,CHEMBL4225564,4.97,0,http://www.openphacts.org/units/Nanomolar,3083425,=,1,1,=,,IC50,nM,,10600.0,CHEMBL352,Staphylococcus aureus,Staphylococcus aureus,1280,,,IC50,uM,UO_0000065,,10.6,10600.0,4.97469413473523
3521,,,18570315,[],CHEMBL4220815,Antibiofilm activity against Staphylococcus aureus SH1000 after 48 hrs by crystal violet staining based assay,F,,,BAO_0000190,BAO_0000218,organism-based format,Nc1ncc(-c2ccccc2)n1CCCCCCn1c(-c2ccccc2)cnc1N,,,CHEMBL4219072,Bioorg Med Chem,2018,,CHEMBL4227660,,CHEMBL4227660,4.29,0,http://www.openphacts.org/units/Nanomolar,3083412,=,1,1,=,,IC50,nM,,51300.0,CHEMBL352,Staphylococcus aureus,Staphylococcus aureus,1280,,,IC50,uM,UO_0000065,,51.3,51300.0,4.289882634888183
7958,,,24872605,"[{'comments': None, 'relation': '=', 'result_flag': 0, 'standard_relation': '=', 'standard_text_value': None, 'standard_type': 'Time_Lower', 'standard_units': 'hrs', 'standard_value': '18.0', 'text_value': None, 'type': 'Time_Lower', 'units': 'hrs', 'value': '18.0'}, {'comments': None, 'relation': '=', 'result_flag': 0, 'standard_relation': '=', 'standard_text_value': None, 'standard_type': 'Time_Upper', 'standard_units': 'hrs', 'standard_value': '24.0', 'text_value': None, 'type': 'Time_Upper', 'units': 'hrs', 'value': '24.0'}]",CHEMBL5153470,Antibiofilm activity against Staphylococcus aureus ATCC 433000 assessed as inhibition of biofilm formation incubated for 18 to 24 hrs by crystal violet staining based assay,F,,,BAO_0000190,BAO_0000218,organism-based format,CCCCCCCCCCCCCC(=O)Nc1nc(Cl)cc(N2CCNCC2)n1,,,CHEMBL5150056,Bioorg Med Chem,2022,,CHEMBL5190299,,CHEMBL5190299,4.95,0,http://www.openphacts.org/units/Nanomolar,3887057,=,1,1,=,,IC50,nM,,11160.0,CHEMBL352,Staphylococcus aureus,Staphylococcus aureus,1280,,,IC50,uM,UO_0000065,,11.16,11160.0,4.95233580539844
2773,,,16819053,[],CHEMBL3872386,Antibiofilm activity against Staphylococcus aureus ATCC 25923 after 24 hrs by crystal-violet stain based assay,F,,,BAO_0000190,BAO_0000019,assay format,CCOC(=O)c1cnn(-c2ccccc2)c1N,Outside typical range,"Values for this activity type are unusually large/small, so may not be accurate",CHEMBL3872202,Eur J Med Chem,2016,,CHEMBL1418139,,CHEMBL1418139,,0,http://www.openphacts.org/units/Nanomolar,2812677,=,1,1,=,,IC50,nM,,222000.0,CHEMBL352,Staphylococcus aureus,Staphylococcus aureus,1280,,,IC50,uM,UO_0000065,,222.0,222000.0,3.653647025549361
643,,,6304681,[],CHEMBL1815005,Antimicrobial activity against Salmonella Typhimurium ATCC 14028 assessed as inhibition of biofilm formation after 24 hrs by spectrophotometry,F,,,BAO_0000190,BAO_0000218,organism-based format,CCCCCNc1ncc(-c2ccc(Cl)c(Cl)c2)[nH]1,,,CHEMBL1811868,Bioorg Med Chem,2011,,CHEMBL1814259,,CHEMBL1814259,5.66,0,http://www.openphacts.org/units/Nanomolar,1448804,=,1,1,=,,IC50,nM,,2200.0,CHEMBL351,Salmonella enterica subsp. enterica serovar Typhimurium,Salmonella typhimurium,90371,,,IC50,uM,UO_0000065,,2.2,2200.0,5.657577319177793
187,,,5095592,[],CHEMBL1637174,Antimicrobial activity against Streptococcus mutans ATCC 25175 assessed as inhibition of biofilm formation after 24 hrs by crystal violet staining,F,,,BAO_0000190,BAO_0000218,organism-based format,C=CCc1ccc(O)c(O)c1,Outside typical range,"Values for this activity type are unusually large/small, so may not be accurate",CHEMBL1629551,Antimicrob Agents Chemother,2009,,CHEMBL111134,HYDROXYCHAVICOL,CHEMBL111134,,0,http://www.openphacts.org/units/MicrogramPerMilliliter,1314739,=,1,1,=,,IC50,ug.mL-1,,500.0,CHEMBL612426,Streptococcus mutans,Streptococcus mutans,1309,,,IC50,ug ml-1,UO_0000274,,500.0,3329404.635863016,2.4776334200901324
5016,,,19127372,[],CHEMBL4374190,Antibiofilm activity against Mycobacterium smegmatis str. MC2 155 ATCC 700084 after 48 hrs by crystal violet staining based spectrophotometric assay,F,,,BAO_0000190,BAO_0000218,organism-based format,CCCCCCC(CCCCCC)NC(=O)CCCc1c[nH]c(N)n1,,,CHEMBL4373648,Medchemcomm,2019,,CHEMBL550024,,CHEMBL550024,5.28,0,http://www.openphacts.org/units/Nanomolar,3192225,=,1,1,=,,IC50,nM,,5300.0,CHEMBL613088,Mycolicibacterium smegmatis,Mycolicibacterium smegmatis,1772,,,IC50,uM,UO_0000065,,5.3,5300.0,5.275724130399211
8167,,,24898401,"[{'comments': None, 'relation': '=', 'result_flag': 0, 'standard_relation': '=', 'standard_text_value': None, 'standard_type': 'TIME', 'standard_units': 'hr', 'standard_value': '24.0', 'text_value': None, 'type': 'Time', 'units': 'hrs', 'value': '24.0'}]",CHEMBL5159908,Antibiofilm activity against Salmonella typhimurium ATCC 14028 assessed as biofilm dispersal effect incubated for 24 hrs by crystal violet staining based spectrophotometry,F,,,BAO_0000188,BAO_0000218,organism-based format,CN(Cc1ccsc1)CC1CCN(CCCc2ccccc2Cl)CC1,,,CHEMBL5154764,Eur J Med Chem,2022,,CHEMBL5170787,,CHEMBL5170787,4.23,0,http://www.openphacts.org/units/Nanomolar,3891409,=,1,1,=,,EC50,nM,,59000.0,CHEMBL351,Salmonella enterica subsp. enterica serovar Typhimurium,Salmonella typhimurium,90371,,,EC50,uM,UO_0000065,,59.0,59000.0,4.229147988357855
7332,,,24417301,"[{'comments': None, 'relation': '=', 'result_flag': 0, 'standard_relation': '=', 'standard_text_value': None, 'standard_type': 'Time_Lower', 'standard_units': 'hrs', 'standard_value': '15.0', 'text_value': None, 'type': 'Time_Lower', 'units': 'hrs', 'value': '15.0'}, {'comments': None, 'relation': '=', 'result_flag': 0, 'standard_relation': '=', 'standard_text_value': None, 'standard_type': 'Time_Upper', 'standard_units': 'hrs', 'standard_value': '18.0', 'text_value': None, 'type': 'Time_Upper', 'units': 'hrs', 'value': '18.0'}]",CHEMBL5047664,Antibiofilm activity against Staphylococcus aureus assessed as inhibition of biofilm formation measured after 15 to 18 hrs in the presence of quercetin by crystal violet staining assay,F,,,BAO_0000190,BAO_0000218,organism-based format,CC(C)CNC(=O)c1c(-c2ccc(/C(C#N)=C/c3ccc(OCc4ccccc4)c(OCc4ccccc4)c3)cc2)oc2ccccc12,,,CHEMBL5046250,Eur J Med Chem,2022,,CHEMBL5093587,,CHEMBL5093587,5.68,0,http://www.openphacts.org/units/Nanomolar,3783877,=,1,1,=,,IC50,nM,,2080.0,CHEMBL352,Staphylococcus aureus,Staphylococcus aureus,1280,,,IC50,uM,UO_0000065,,2.08,2080.0,5.681936665037238
8183,,,24898417,"[{'comments': None, 'relation': '=', 'result_flag': 0, 'standard_relation': '=', 'standard_text_value': None, 'standard_type': 'TIME', 'standard_units': 'hr', 'standard_value': '24.0', 'text_value': None, 'type': 'Time', 'units': 'hrs', 'value': '24.0'}]",CHEMBL5159908,Antibiofilm activity against Salmonella typhimurium ATCC 14028 assessed as biofilm dispersal effect incubated for 24 hrs by crystal violet staining based spectrophotometry,F,,,BAO_0000188,BAO_0000218,organism-based format,CN(Cc1ccsc1)CC1CCN(Cc2cccc(Cl)c2Cl)CC1,,,CHEMBL5154764,Eur J Med Chem,2022,,CHEMBL5184690,,CHEMBL5184690,4.16,0,http://www.openphacts.org/units/Nanomolar,3891428,=,1,1,=,,EC50,nM,,70000.0,CHEMBL351,Salmonella enterica subsp. enterica serovar Typhimurium,Salmonella typhimurium,90371,,,EC50,uM,UO_0000065,,70.0,70000.0,4.154901959985743
3567,,,18570361,[],CHEMBL4220815,Antibiofilm activity against Staphylococcus aureus SH1000 after 48 hrs by crystal violet staining based assay,F,,,BAO_0000190,BAO_0000218,organism-based format,Brc1ccc(-c2cnc(NCCCCCNc3ncc(-c4ccc(Br)cc4)[nH]3)[nH]2)cc1,,,CHEMBL4219072,Bioorg Med Chem,2018,,CHEMBL4226038,,CHEMBL4226038,4.92,0,http://www.openphacts.org/units/Nanomolar,3083458,=,1,1,=,,IC50,nM,,12000.0,CHEMBL352,Staphylococcus aureus,Staphylococcus aureus,1280,,,IC50,uM,UO_0000065,,12.0,12000.0,4.920818753952375
2272,,,16416813,[],CHEMBL3747977,Antibiofilm activity against Staphylococcus aureus MTCC 96 after 24 hrs by crystal violet staining method,F,,,BAO_0000190,BAO_0000218,organism-based format,CCCCCC(=O)Nc1cc2c(cc1F)c(=O)c(C(=O)OCC)cn2CC,,,CHEMBL3745709,Bioorg Med Chem Lett,2016,,CHEMBL3746328,,CHEMBL3746328,,0,http://www.openphacts.org/units/MicrogramPerMilliliter,2741066,=,1,1,=,,IC50,ug.mL-1,,2.1,CHEMBL352,Staphylococcus aureus,Staphylococcus aureus,1280,,,IC50,ug ml-1,UO_0000274,,2.1,5578.756096783446,5.253462625529329
591,,,6303264,[],CHEMBL1815005,Antimicrobial activity against Salmonella Typhimurium ATCC 14028 assessed as inhibition of biofilm formation after 24 hrs by spectrophotometry,F,,,BAO_0000190,BAO_0000218,organism-based format,O=[N+]([O-])c1cccc(-c2cnc(NC3CCCCC3)[nH]2)c1,Outside typical range,"Values for this activity type are unusually large/small, so may not be accurate",CHEMBL1811868,Bioorg Med Chem,2011,,CHEMBL1814374,,CHEMBL1814374,,0,http://www.openphacts.org/units/Nanomolar,1448971,=,1,1,=,,IC50,nM,,629500.0,CHEMBL351,Salmonella enterica subsp. enterica serovar Typhimurium,Salmonella typhimurium,90371,,,IC50,uM,UO_0000065,,629.5,629500.0,3.2010042655561186
2517,,,16605501,[],CHEMBL3813215,Antibiofilm activity against Bacillus subtilis MTCC 121 after 24 hrs by crystal violet staining based assay,F,,,BAO_0000190,BAO_0000218,organism-based format,O=C1C=C(N2CC2)C(=O)C(c2cc(-c3ccc(C(=O)N4CCOCC4)s3)on2)=C1N1CC1,,,CHEMBL3808371,Eur J Med Chem,2016,,CHEMBL3809188,,CHEMBL3809188,5.55,0,http://www.openphacts.org/units/Nanomolar,2778999,=,1,1,=,,IC50,nM,,2800.0,CHEMBL359,Bacillus subtilis,Bacillus subtilis,1423,,,IC50,uM,UO_0000065,,2.8,2800.0,5.552841968657781
8179,,,24898413,"[{'comments': None, 'relation': '=', 'result_flag': 0, 'standard_relation': '=', 'standard_text_value': None, 'standard_type': 'TIME', 'standard_units': 'hr', 'standard_value': '24.0', 'text_value': None, 'type': 'Time', 'units': 'hrs', 'value': '24.0'}]",CHEMBL5159908,Antibiofilm activity against Salmonella typhimurium ATCC 14028 assessed as biofilm dispersal effect incubated for 24 hrs by crystal violet staining based spectrophotometry,F,,,BAO_0000188,BAO_0000218,organism-based format,CN(Cc1ccsc1)CC1CCN(Cc2ccc(Br)cc2)CC1,Outside typical range,"Values for this activity type are unusually large/small, so may not be accurate",CHEMBL5154764,Eur J Med Chem,2022,,CHEMBL5184416,,CHEMBL5184416,,0,http://www.openphacts.org/units/Nanomolar,3891422,=,1,1,=,,EC50,nM,,127000.0,CHEMBL351,Salmonella enterica subsp. enterica serovar Typhimurium,Salmonella typhimurium,90371,,,EC50,uM,UO_0000065,,127.0,127000.0,3.8961962790440428
3494,,,18570288,[],CHEMBL4220814,Antibiofilm activity against Escherichia coli TG1 after 24 hrs by crystal violet staining based assay,F,,,BAO_0000190,BAO_0000218,organism-based format,c1ccc(-c2cnc(NCCCCCCCCNc3ncc(-c4ccccc4)[nH]3)[nH]2)cc1,,,CHEMBL4219072,Bioorg Med Chem,2018,,CHEMBL4225897,,CHEMBL4225897,4.71,0,http://www.openphacts.org/units/Nanomolar,3083437,=,1,1,=,,IC50,nM,,19300.0,CHEMBL354,Escherichia coli,Escherichia coli,562,,,IC50,uM,UO_0000065,,19.3,19300.0,4.714442690992226
2458,,,16531900,[],CHEMBL3791791,Antibiofilm activity against Staphylococcus aureus MLS16 MTCC 2940 after 24 hrs by crystal violet staining based assay,F,,,BAO_0000190,BAO_0000218,organism-based format,COC(=O)CCCCCCCCCCN(C1CCCCC1)C1CCCCC1,,,CHEMBL3784971,Bioorg Med Chem Lett,2016,,CHEMBL3785399,,CHEMBL3785399,,0,http://www.openphacts.org/units/MicrogramPerMilliliter,2768101,=,1,1,=,,IC50,ug.mL-1,,20.8,CHEMBL352,Staphylococcus aureus,Staphylococcus aureus,1280,,,IC50,ug ml-1,UO_0000274,,20.8,54790.33477421373,4.26129604597614
5876,,,22421831,"[{'comments': None, 'relation': '=', 'result_flag': 0, 'standard_relation': '=', 'standard_text_value': None, 'standard_type': 'TIME', 'standard_units': 'hr', 'standard_value': '24.0', 'text_value': None, 'type': 'Time', 'units': 'hrs', 'value': '24.0'}]",CHEMBL4673713,Inhibition of biofilm formation in methicillin-resistant Staphylococcus aureus BAA-44 incubated for 24 hrs by crystal violet staining based assay,F,,,BAO_0000190,BAO_0000218,organism-based format,CCCCCCCCCC(=O)NCCCc1cnc(N)nc1,,,CHEMBL4673191,RSC Med Chem,2021,,CHEMBL4760042,,CHEMBL4760042,4.14,0,http://www.openphacts.org/units/Nanomolar,3513608,=,1,1,=,,IC50,nM,,72000.0,CHEMBL352,Staphylococcus aureus,Staphylococcus aureus,1280,,,IC50,uM,UO_0000065,,72.0,72000.0,4.142667503568732
5001,,,19127348,[],CHEMBL4374185,Antibiofilm activity against Mycobacterium smegmatis str. MC2 155 ATCC 700084 after 48 hrs by crystal violet staining based reporter assay,F,,,BAO_0000190,BAO_0000218,organism-based format,Cc1ccc(C(=O)Nc2ccc3nc(N)ncc3c2)cc1.Cl,,,CHEMBL4373648,Medchemcomm,2019,,CHEMBL4437921,,CHEMBL4598235,4.72,0,http://www.openphacts.org/units/Nanomolar,3192241,=,1,1,=,,IC50,nM,,19000.0,CHEMBL613088,Mycolicibacterium smegmatis,Mycolicibacterium smegmatis,1772,,,IC50,uM,UO_0000065,,19.0,19000.0,4.721246399047171
7956,,,24872603,"[{'comments': None, 'relation': '=', 'result_flag': 0, 'standard_relation': '=', 'standard_text_value': None, 'standard_type': 'Time_Lower', 'standard_units': 'hrs', 'standard_value': '18.0', 'text_value': None, 'type': 'Time_Lower', 'units': 'hrs', 'value': '18.0'}, {'comments': None, 'relation': '=', 'result_flag': 0, 'standard_relation': '=', 'standard_text_value': None, 'standard_type': 'Time_Upper', 'standard_units': 'hrs', 'standard_value': '24.0', 'text_value': None, 'type': 'Time_Upper', 'units': 'hrs', 'value': '24.0'}]",CHEMBL5153468,Antibiofilm activity against Escherichia coli Dh5alpha assessed as inhibition of biofilm formation incubated for 18 to 24 hrs by crystal violet staining based assay,F,,,BAO_0000190,BAO_0000218,organism-based format,CCCCCCCCCCCCCC(=O)Nc1nc(Cl)cc(N2CCNCC2)n1,,,CHEMBL5150056,Bioorg Med Chem,2022,,CHEMBL5190299,,CHEMBL5190299,5.43,0,http://www.openphacts.org/units/Nanomolar,3887057,=,1,1,=,,IC50,nM,,3680.0,CHEMBL354,Escherichia coli,Escherichia coli,562,,,IC50,uM,UO_0000065,,3.68,3680.0,5.434152181326482
346,,,5190438,[],CHEMBL1663615,Antibiofilm activity in Salmonella Typhimurium ATCC 14028 assessed as inhibition of biofilm formation at 25 degC after 24 hrs,F,,,BAO_0000190,BAO_0000218,organism-based format,O=[N+]([O-])c1ccc(-c2cn3cccnc3[n+]2Cc2ccccc2)cc1.[O-][Cl+3]([O-])([O-])[O-],Outside typical range,"Values for this activity type are unusually large/small, so may not be accurate",CHEMBL1649413,J Med Chem,2011,,CHEMBL1649881,,CHEMBL1739562,,0,http://www.openphacts.org/units/Nanomolar,1322160,=,1,1,=,,IC50,nM,,170100.0,CHEMBL351,Salmonella enterica subsp. enterica serovar Typhimurium,Salmonella typhimurium,90371,,,IC50,uM,UO_0000065,,170.1,170100.0,3.769295686387431
1764,,,14667339,[],CHEMBL3268490,Antimicrobial activity against methicillin-resistant Staphylococcus aureus 25762 assessed as inhibition of biofilm formation after 48 hrs by crystal violet staining-based spectrophotometry,F,,,BAO_0000179,BAO_0000218,organism-based format,CC(C)(C)C(=O)On1cc(-c2ccc(NC(=O)c3cc4cc(F)ccc4[nH]3)cc2)nc1N,,,CHEMBL3259692,Bioorg Med Chem Lett,2014,,CHEMBL3261444,,CHEMBL3261444,,0,http://www.openphacts.org/units/Micromolar,2099984,=,1,0,=,,MBIC50,uM,,80.0,CHEMBL352,Staphylococcus aureus,Staphylococcus aureus,1280,,,MBIC50,uM,UO_0000064,,80.0,80000.0,4.096910013008056
943,,,10954614,[],CHEMBL2061045,Antibacterial activity against Escherichia coli K-12 ATCC 25404 assessed as inhibition of biofilm formation after 2 hrs by confocal laser microscopic analysis,F,,,BAO_0000190,BAO_0000218,organism-based format,CNC(=O)c1cc(C(=O)NC)cc(-c2ccc(O[C@H]3O[C@H](CO)[C@@H](O)[C@H](O)[C@@H]3O)c(C(F)(F)F)c2)c1,,,CHEMBL2057137,J Med Chem,2012,,CHEMBL2058203,,CHEMBL2058203,7.37,0,http://www.openphacts.org/units/Nanomolar,1656075,=,1,1,=,,IC50,nM,,43.0,CHEMBL354,Escherichia coli,Escherichia coli,562,,,IC50,uM,UO_0000065,,0.043,43.0,7.366531544420413
940,,,10954611,[],CHEMBL2061045,Antibacterial activity against Escherichia coli K-12 ATCC 25404 assessed as inhibition of biofilm formation after 2 hrs by confocal laser microscopic analysis,F,,,BAO_0000190,BAO_0000218,organism-based format,CNC(=O)c1cccc(-c2ccc(O[C@H]3O[C@H](CO)[C@@H](O)[C@H](O)[C@@H]3O)cc2)c1,,,CHEMBL2057137,J Med Chem,2012,,CHEMBL1172856,,CHEMBL1172856,5.87,0,http://www.openphacts.org/units/Nanomolar,1656070,=,1,1,=,,IC50,nM,,1350.0,CHEMBL354,Escherichia coli,Escherichia coli,562,,,IC50,uM,UO_0000065,,1.35,1350.0,5.8696662315049934
3500,,,18570294,[],CHEMBL4220814,Antibiofilm activity against Escherichia coli TG1 after 24 hrs by crystal violet staining based assay,F,,,BAO_0000190,BAO_0000218,organism-based format,Fc1ccc(-c2cnc(NCCCCCCCCNc3ncc(-c4ccc(F)cc4)[nH]3)[nH]2)cc1,,,CHEMBL4219072,Bioorg Med Chem,2018,,CHEMBL4225634,,CHEMBL4225634,4.5,0,http://www.openphacts.org/units/Nanomolar,3083443,=,1,1,=,,IC50,nM,,31500.0,CHEMBL354,Escherichia coli,Escherichia coli,562,,,IC50,uM,UO_0000065,,31.5,31500.0,4.501689446210399
5793,,,22408035,"[{'comments': None, 'relation': '=', 'result_flag': 0, 'standard_relation': '=', 'standard_text_value': None, 'standard_type': 'TIME', 'standard_units': 'hr', 'standard_value': '24.0', 'text_value': None, 'type': 'Time', 'units': 'hrs', 'value': '24.0'}]",CHEMBL4670886,Inhibition of biofilm formation in methicillin-resistant Staphylococcus aureus ATCC 43300 incubated for 24 hrs by crystal violet staining based microtiter plate method,F,,,BAO_0000190,BAO_0000218,organism-based format,Nc1nc(-c2ccccc2)cc(-c2nc3ccccc3c(=O)[nH]2)n1,,,CHEMBL4665809,Bioorg Med Chem Lett,2020,,CHEMBL4746705,,CHEMBL4746705,4.46,0,http://www.openphacts.org/units/Nanomolar,3510926,=,1,1,=,,IC50,nM,,34400.0,CHEMBL352,Staphylococcus aureus,Staphylococcus aureus,1280,,,IC50,uM,UO_0000065,,34.4,34400.0,4.46344155742847
235,,,5190327,[],CHEMBL1663615,Antibiofilm activity in Salmonella Typhimurium ATCC 14028 assessed as inhibition of biofilm formation at 25 degC after 24 hrs,F,,,BAO_0000190,BAO_0000218,organism-based format,Nc1ncc(-c2ccc(Br)cc2)[nH]1,,,CHEMBL1649413,J Med Chem,2011,,CHEMBL1649773,,CHEMBL1649773,4.32,0,http://www.openphacts.org/units/Nanomolar,1322049,=,1,1,=,,IC50,nM,,47900.0,CHEMBL351,Salmonella enterica subsp. enterica serovar Typhimurium,Salmonella typhimurium,90371,,,IC50,uM,UO_0000065,,47.9,47900.0,4.319664486585436
3404,,,18570198,[],CHEMBL4220812,Antibiofilm activity against Salmonella typhimurium ATCC 14028 after 24 hrs by crystal violet staining based assay,F,,,BAO_0000190,BAO_0000218,organism-based format,Fc1ccc(-c2cnc(NCCCCNc3ncc(-c4ccc(F)cc4)[nH]3)[nH]2)cc1,,,CHEMBL4219072,Bioorg Med Chem,2018,,CHEMBL4224706,,CHEMBL4224706,5.23,0,http://www.openphacts.org/units/Nanomolar,3083447,=,1,1,=,,IC50,nM,,5900.0,CHEMBL351,Salmonella enterica subsp. enterica serovar Typhimurium,Salmonella typhimurium,90371,,,IC50,uM,UO_0000065,,5.9,5900.0,5.229147988357856
6062,,,22446292,[],CHEMBL4679608,Antibiofilm activity against Streptococcus mutans UA159 assessed as inhibition of biofilm formation by serial dilution method,F,,,BAO_0000190,BAO_0000218,organism-based format,NCc1ccccc1NC(=O)c1cnc2ccccc2c1,Outside typical range,"Values for this activity type are unusually large/small, so may not be accurate",CHEMBL4673385,ACS Med Chem Lett,2021,,CHEMBL4756220,,CHEMBL4756220,,0,http://www.openphacts.org/units/Nanomolar,3517931,=,1,1,=,,IC50,nM,,135600.0,CHEMBL612426,Streptococcus mutans,Streptococcus mutans,1309,,,IC50,uM,UO_0000065,,135.6,135600.0,3.867740310468956
590,,,6303263,[],CHEMBL1815005,Antimicrobial activity against Salmonella Typhimurium ATCC 14028 assessed as inhibition of biofilm formation after 24 hrs by spectrophotometry,F,,,BAO_0000190,BAO_0000218,organism-based format,COc1ccc(-c2cnc(NC3CCCCC3)[nH]2)cc1,Outside typical range,"Values for this activity type are unusually large/small, so may not be accurate",CHEMBL1811868,Bioorg Med Chem,2011,,CHEMBL1814375,,CHEMBL1814375,,0,http://www.openphacts.org/units/Nanomolar,1448972,=,1,1,=,,IC50,nM,,377600.0,CHEMBL351,Salmonella enterica subsp. enterica serovar Typhimurium,Salmonella typhimurium,90371,,,IC50,uM,UO_0000065,,377.6,377600.0,3.4229680143739687
3400,,,18570194,[],CHEMBL4220812,Antibiofilm activity against Salmonella typhimurium ATCC 14028 after 24 hrs by crystal violet staining based assay,F,,,BAO_0000190,BAO_0000218,organism-based format,Fc1ccc(-c2cnc(NCCCCCCCCNc3ncc(-c4ccc(F)cc4)[nH]3)[nH]2)cc1,,,CHEMBL4219072,Bioorg Med Chem,2018,,CHEMBL4225634,,CHEMBL4225634,4.94,0,http://www.openphacts.org/units/Nanomolar,3083443,=,1,1,=,,IC50,nM,,11600.0,CHEMBL351,Salmonella enterica subsp. enterica serovar Typhimurium,Salmonella typhimurium,90371,,,IC50,uM,UO_0000065,,11.6,11600.0,4.935542010773082
488,,,5196929,[],CHEMBL1670362,Antibiofilm activity against methicillin-resistant Staphylococcus aureus,F,,,BAO_0000190,BAO_0000218,organism-based format,CC(C)[C@@H]1CC[C@@H](C)C[C@H]1OC(=O)NCCn1cc(CCCCCc2c[nH]c(N)n2)nn1.Cl,,,CHEMBL1667831,Bioorg Med Chem Lett,2011,,CHEMBL1667932,,CHEMBL1739306,4.52,0,http://www.openphacts.org/units/Nanomolar,1327394,=,1,1,=,,IC50,nM,,29900.0,CHEMBL352,Staphylococcus aureus,Staphylococcus aureus,1280,,,IC50,uM,UO_0000065,,29.9,29900.0,4.52432881167557
3378,,,18570172,[],CHEMBL4220812,Antibiofilm activity against Salmonella typhimurium ATCC 14028 after 24 hrs by crystal violet staining based assay,F,,,BAO_0000190,BAO_0000218,organism-based format,Nc1ncc(-c2ccc(F)cc2)n1CCCCCCn1c(-c2ccc(F)cc2)cnc1N,,,CHEMBL4219072,Bioorg Med Chem,2018,,CHEMBL4226343,,CHEMBL4226343,5.5,0,http://www.openphacts.org/units/Nanomolar,3083419,=,1,1,=,,IC50,nM,,3200.0,CHEMBL351,Salmonella enterica subsp. enterica serovar Typhimurium,Salmonella typhimurium,90371,,,IC50,uM,UO_0000065,,3.2,3200.0,5.494850021680094
4342,,,18982196,[],CHEMBL4339390,Antibiofilm activity against Staphylococcus aureus ATCC 6538 incubated for 24 hrs by crystal violet-staining based assay,F,,,BAO_0000179,BAO_0000218,organism-based format,Br.COc1cccc(-c2cn3nc(-c4c[nH]c5ccc(Cl)cc45)sc3n2)c1,,,CHEMBL4339190,Eur J Med Chem,2019,,CHEMBL4543750,,CHEMBL4596272,,0,http://www.openphacts.org/units/Micromolar,3166593,=,1,0,=,,MBIC50,uM,,15.1,CHEMBL352,Staphylococcus aureus,Staphylococcus aureus,1280,,,MBIC50,uM,UO_0000064,,15.1,15100.0,4.82102305270683
348,,,5190440,[],CHEMBL1663615,Antibiofilm activity in Salmonella Typhimurium ATCC 14028 assessed as inhibition of biofilm formation at 25 degC after 24 hrs,F,,,BAO_0000190,BAO_0000218,organism-based format,CCCCCCCC[n+]1c(-c2ccc(F)cc2)cn2cccnc21.[O-][Cl+3]([O-])([O-])[O-],,,CHEMBL1649413,J Med Chem,2011,,CHEMBL1649883,,CHEMBL1739629,4.45,0,http://www.openphacts.org/units/Nanomolar,1322162,=,1,1,=,,IC50,nM,,35700.0,CHEMBL351,Salmonella enterica subsp. enterica serovar Typhimurium,Salmonella typhimurium,90371,,,IC50,uM,UO_0000065,,35.7,35700.0,4.447331783887806
6211,,,22750699,"[{'comments': None, 'relation': '=', 'result_flag': 0, 'standard_relation': '=', 'standard_text_value': None, 'standard_type': 'TIME', 'standard_units': 'hr', 'standard_value': '24.0', 'text_value': None, 'type': 'Time', 'units': 'hrs', 'value': '24.0'}]",CHEMBL4699742,Antibiofilm activity against Mycobacterium smegmatis mc2 155 ATCC 700084 assessed as inhibition of biofilm formation measured after 24 hrs by crystal violet reporter assay,F,,,BAO_0000190,BAO_0000218,organism-based format,CCCCn1cc(-c2ccnc(N)n2)c2cc(Br)ccc21,,,CHEMBL4699393,RSC Med Chem,2020,,CHEMBL4300099,,CHEMBL4300099,4.64,0,http://www.openphacts.org/units/Nanomolar,3530905,=,1,1,=,,IC50,nM,,22700.0,CHEMBL613088,Mycolicibacterium smegmatis,Mycolicibacterium smegmatis,1772,,,IC50,uM,UO_0000065,,22.7,22700.0,4.6439741428068775
8120,,,24898354,"[{'comments': None, 'relation': '=', 'result_flag': 0, 'standard_relation': '=', 'standard_text_value': None, 'standard_type': 'TIME', 'standard_units': 'hr', 'standard_value': '24.0', 'text_value': None, 'type': 'Time', 'units': 'hrs', 'value': '24.0'}]",CHEMBL5159907,Antibiofilm activity against Salmonella typhimurium ATCC 14028 assessed as inhibition of biofilm formation incubated for 24 hrs by crystal violet staining based spectrophotometry,F,,,BAO_0000190,BAO_0000218,organism-based format,CN(Cc1ccsc1)CC1CCN(Cc2ccccc2Br)CC1,,,CHEMBL5154764,Eur J Med Chem,2022,,CHEMBL5190309,,CHEMBL5190309,5.31,0,http://www.openphacts.org/units/Nanomolar,3891416,=,1,1,=,,IC50,nM,,4900.0,CHEMBL351,Salmonella enterica subsp. enterica serovar Typhimurium,Salmonella typhimurium,90371,,,IC50,uM,UO_0000065,,4.9,4900.0,5.309803919971486
6563,,,22906021,"[{'comments': None, 'relation': '=', 'result_flag': 0, 'standard_relation': '=', 'standard_text_value': None, 'standard_type': 'TIME', 'standard_units': 'hr', 'standard_value': '24.0', 'text_value': None, 'type': 'Time', 'units': 'hrs', 'value': '24.0'}]",CHEMBL4733175,Antibiofilm activity against Escherichia coli ATCC 25922 after 24 hrs by crystal violet staining based assay,F,,,BAO_0000179,BAO_0000218,organism-based format,COc1ccc2c(c1)c(C(=O)c1nc(-c3cn(C)c4ccccc34)no1)cn2C,,,CHEMBL4732050,Eur J Med Chem,2021,,CHEMBL4781372,,CHEMBL4781372,,0,http://www.openphacts.org/units/Micromolar,3555998,=,1,0,=,,MBIC50,uM,,55.4,CHEMBL354,Escherichia coli,Escherichia coli,562,,,MBIC50,uM,UO_0000064,,55.4,55400.0,4.2564902352715706
246,,,5190338,[],CHEMBL1663615,Antibiofilm activity in Salmonella Typhimurium ATCC 14028 assessed as inhibition of biofilm formation at 25 degC after 24 hrs,F,,,BAO_0000190,BAO_0000218,organism-based format,Nc1nc(-c2ccc(Cl)cc2)c(-c2ccc(C(F)(F)F)cc2)[nH]1,,,CHEMBL1649413,J Med Chem,2011,,CHEMBL1649784,,CHEMBL1649784,4.97,0,http://www.openphacts.org/units/Nanomolar,1322060,=,1,1,=,,IC50,nM,,10800.0,CHEMBL351,Salmonella enterica subsp. enterica serovar Typhimurium,Salmonella typhimurium,90371,,,IC50,uM,UO_0000065,,10.8,10800.0,4.966576244513051
4303,,,18982157,[],CHEMBL4339389,Antibiofilm activity against Staphylococcus aureus ATCC 25923 incubated for 24 hrs by crystal violet-staining based assay,F,,,BAO_0000179,BAO_0000218,organism-based format,Br.Cn1cc(-c2nn3cc(-c4ccc(F)cc4)nc3s2)c2ccccc21,,,CHEMBL4339190,Eur J Med Chem,2019,,CHEMBL4434893,,CHEMBL4595800,,0,http://www.openphacts.org/units/Micromolar,3166581,=,1,0,=,,MBIC50,uM,,8.6,CHEMBL352,Staphylococcus aureus,Staphylococcus aureus,1280,,,MBIC50,uM,UO_0000064,,8.6,8600.0,5.065501548756432
5009,,,19127356,[],CHEMBL4374185,Antibiofilm activity against Mycobacterium smegmatis str. MC2 155 ATCC 700084 after 48 hrs by crystal violet staining based reporter assay,F,,,BAO_0000190,BAO_0000218,organism-based format,Cl.Nc1ncc2cc(NC(=O)c3ccc(Br)cc3)ccc2n1,,,CHEMBL4373648,Medchemcomm,2019,,CHEMBL4472480,,CHEMBL4597383,4.36,0,http://www.openphacts.org/units/Nanomolar,3192249,=,1,1,=,,IC50,nM,,44000.0,CHEMBL613088,Mycolicibacterium smegmatis,Mycolicibacterium smegmatis,1772,,,IC50,uM,UO_0000065,,44.0,44000.0,4.356547323513812
1678,,,14541444,[],CHEMBL3227446,Antimicrobial activity against methicillin-resistant Staphylococcus aureus ATCC 43300 assessed as inhibition of biofilm formation after 24 hrs by crystal violet staining-based microscopy,F,,,BAO_0000190,BAO_0000218,organism-based format,CCCCCc1ccc(C(=O)Nc2ccc3c(c2)nc(N)n3C(C)C)cc1.Cl,,,CHEMBL3217587,Medchemcomm,2012,,CHEMBL3218051,,CHEMBL3301751,5.1,0,http://www.openphacts.org/units/Nanomolar,2072395,=,1,1,=,,IC50,nM,,7900.0,CHEMBL352,Staphylococcus aureus,Staphylococcus aureus,1280,,,IC50,uM,UO_0000065,,7.9,7900.0,5.102372908709558
8099,,,24898333,"[{'comments': None, 'relation': '=', 'result_flag': 0, 'standard_relation': '=', 'standard_text_value': None, 'standard_type': 'TIME', 'standard_units': 'hr', 'standard_value': '24.0', 'text_value': None, 'type': 'Time', 'units': 'hrs', 'value': '24.0'}]",CHEMBL5159907,Antibiofilm activity against Salmonella typhimurium ATCC 14028 assessed as inhibition of biofilm formation incubated for 24 hrs by crystal violet staining based spectrophotometry,F,,,BAO_0000190,BAO_0000218,organism-based format,CN(Cc1ccsc1)CC1CCN(CCc2ccccc2)CC1,,,CHEMBL5154764,Eur J Med Chem,2022,,CHEMBL5169394,,CHEMBL5169394,4.67,0,http://www.openphacts.org/units/Nanomolar,3891394,=,1,1,=,,IC50,nM,,21200.0,CHEMBL351,Salmonella enterica subsp. enterica serovar Typhimurium,Salmonella typhimurium,90371,,,IC50,uM,UO_0000065,,21.2,21200.0,4.673664139071248
1953,,,15125509,[],CHEMBL3381972,Anti-biofilm activity against Staphylococcus aureus MLS-16 MTCC 2940 assessed as inhibition of biofilm formation incubated for 24 hrs by crystal violet staining based modified biofilm inhibition assay,F,,,BAO_0000190,BAO_0000218,organism-based format,CCCCCCC(C/C=C\CCCCCCCC(=O)OC)/N=C\c1ccc(OC)cc1,,,CHEMBL3351415,Bioorg Med Chem Lett,2014,,CHEMBL3337777,,CHEMBL3337777,4.62,0,http://www.openphacts.org/units/Nanomolar,2272900,=,1,1,=,,IC50,nM,,23700.0,CHEMBL352,Staphylococcus aureus,Staphylococcus aureus,1280,,,IC50,uM,UO_0000065,,23.7,23700.0,4.6252516539898965
9447,,,25722666,"[{'comments': None, 'relation': '=', 'result_flag': 0, 'standard_relation': '=', 'standard_text_value': None, 'standard_type': 'TIME', 'standard_units': 'hr', 'standard_value': '24.0', 'text_value': None, 'type': 'TIME', 'units': 'hrs', 'value': '24.0'}]",CHEMBL5391158,Antibiofilm activity against methicillin-susceptible Staphylococcus aureus ATCC 29213 assessed as biofilm eradication incubated for 24 hrs by crystal violet staining based analysis,F,,,BAO_0000179,BAO_0000218,organism-based format,N=C(NCCCCCCNC(=N)NC(=N)Nc1ccc(Cl)cc1)NC(=N)Nc1ccc(Cl)cc1,,,CHEMBL5390226,Bioorg Med Chem,2023,,CHEMBL790,CHLORHEXIDINE,CHEMBL790,,0,http://www.openphacts.org/units/MicrogramPerMilliliter,4010179,=,1,0,=,,MBEC50,ug ml-1,,12.5,CHEMBL352,Staphylococcus aureus,Staphylococcus aureus,1280,,,MBEC50,ug ml-1,UO_0000274,,12.5,24730.046809032592,4.60677506160533
3499,,,18570293,[],CHEMBL4220814,Antibiofilm activity against Escherichia coli TG1 after 24 hrs by crystal violet staining based assay,F,,,BAO_0000190,BAO_0000218,organism-based format,c1ccc(-c2cnc(NCCCNc3ncc(-c4ccccc4)[nH]3)[nH]2)cc1,,,CHEMBL4219072,Bioorg Med Chem,2018,,CHEMBL4226219,,CHEMBL4226219,5.39,0,http://www.openphacts.org/units/Nanomolar,3083442,=,1,1,=,,IC50,nM,,4100.0,CHEMBL354,Escherichia coli,Escherichia coli,562,,,IC50,uM,UO_0000065,,4.1,4100.0,5.3872161432802645
3209,,,18511371,[],CHEMBL4191872,Antibiofilm activity against Salmonella typhimurium ATCC 14028 after 24 hrs by crystal violet staining based method,F,,,BAO_0000179,BAO_0000218,organism-based format,CCCCCCc1nc(N)n(CC(=O)Nc2ccccc2)c1-c1ccccc1Br,,,CHEMBL4190235,Eur J Med Chem,2017,,CHEMBL4204831,,CHEMBL4204831,,0,http://www.openphacts.org/units/Micromolar,3073300,=,1,0,=,,MBIC50,uM,,35.7,CHEMBL351,Salmonella enterica subsp. enterica serovar Typhimurium,Salmonella typhimurium,90371,,,MBIC50,uM,UO_0000064,,35.7,35700.0,4.447331783887806
323,,,5190415,[],CHEMBL1663615,Antibiofilm activity in Salmonella Typhimurium ATCC 14028 assessed as inhibition of biofilm formation at 25 degC after 24 hrs,F,,,BAO_0000190,BAO_0000218,organism-based format,Nc1ncc(-c2ccc(-c3ccccc3)cc2)n1C1CCC1,,,CHEMBL1649413,J Med Chem,2011,,CHEMBL1649859,,CHEMBL1649859,4.58,0,http://www.openphacts.org/units/Nanomolar,1322137,=,1,1,=,,IC50,nM,,26300.0,CHEMBL351,Salmonella enterica subsp. enterica serovar Typhimurium,Salmonella typhimurium,90371,,,IC50,uM,UO_0000065,,26.3,26300.0,4.580044251510242
5371,,,19241841,[],CHEMBL4399777,Antibiofilm activity against Staphylococcus aureus MLS-16 MTCC 2940 assessed as inhibition of biofilm formation by crystal violet staining-based microtitre plate assay,F,,,BAO_0000190,BAO_0000218,organism-based format,O=C(c1cn(-c2ccc(Br)cc2)nn1)c1c(-c2ccccc2)nc2sccn12,,,CHEMBL4396937,Bioorg Med Chem Lett,2019,,CHEMBL4483036,,CHEMBL4483036,,0,http://www.openphacts.org/units/MicrogramPerMilliliter,3211947,=,1,1,=,,IC50,ug.mL-1,,14.4,CHEMBL352,Staphylococcus aureus,Staphylococcus aureus,1280,,,IC50,ug ml-1,UO_0000274,,14.4,31977.189604748604,4.495159707968869
3413,,,18570207,[],CHEMBL4220812,Antibiofilm activity against Salmonella typhimurium ATCC 14028 after 24 hrs by crystal violet staining based assay,F,,,BAO_0000190,BAO_0000218,organism-based format,Brc1ccc(-c2cnc(NCCCCCCCNc3ncc(-c4ccc(Br)cc4)[nH]3)[nH]2)cc1,,,CHEMBL4219072,Bioorg Med Chem,2018,,CHEMBL4224919,,CHEMBL4224919,4.3,0,http://www.openphacts.org/units/Nanomolar,3083456,=,1,1,=,,IC50,nM,,50400.0,CHEMBL351,Salmonella enterica subsp. enterica serovar Typhimurium,Salmonella typhimurium,90371,,,IC50,uM,UO_0000065,,50.4,50400.0,4.297569463554475
3370,,,18570164,[],CHEMBL4220812,Antibiofilm activity against Salmonella typhimurium ATCC 14028 after 24 hrs by crystal violet staining based assay,F,,,BAO_0000190,BAO_0000218,organism-based format,Nc1ncc(-c2ccccc2)n1CCCCCCCCn1c(-c2ccccc2)cnc1N,,,CHEMBL4219072,Bioorg Med Chem,2018,,CHEMBL4227929,,CHEMBL4227929,4.79,0,http://www.openphacts.org/units/Nanomolar,3083410,=,1,1,=,,IC50,nM,,16100.0,CHEMBL351,Salmonella enterica subsp. enterica serovar Typhimurium,Salmonella typhimurium,90371,,,IC50,uM,UO_0000065,,16.1,16100.0,4.79317412396815
8107,,,24898341,"[{'comments': None, 'relation': '=', 'result_flag': 0, 'standard_relation': '=', 'standard_text_value': None, 'standard_type': 'TIME', 'standard_units': 'hr', 'standard_value': '24.0', 'text_value': None, 'type': 'Time', 'units': 'hrs', 'value': '24.0'}]",CHEMBL5159907,Antibiofilm activity against Salmonella typhimurium ATCC 14028 assessed as inhibition of biofilm formation incubated for 24 hrs by crystal violet staining based spectrophotometry,F,,,BAO_0000190,BAO_0000218,organism-based format,CN(Cc1ccsc1)CC1CCN(CCc2ccc(F)c(F)c2)CC1,,,CHEMBL5154764,Eur J Med Chem,2022,,CHEMBL5208224,,CHEMBL5208224,5.52,0,http://www.openphacts.org/units/Nanomolar,3891403,=,1,1,=,,IC50,nM,,3000.0,CHEMBL351,Salmonella enterica subsp. enterica serovar Typhimurium,Salmonella typhimurium,90371,,,IC50,uM,UO_0000065,,3.0,3000.0,5.522878745280337
3238,,,18511427,[],CHEMBL4191874,Antibiofilm activity against Staphylococcus aureus SH1000 after 48 hrs by crystal violet staining based method,F,,,BAO_0000179,BAO_0000218,organism-based format,Nc1nc(CC2CC2)c(-c2ccccc2Br)n1CC(=O)Nc1ccccc1,,,CHEMBL4190235,Eur J Med Chem,2017,,CHEMBL4209186,,CHEMBL4209186,,0,http://www.openphacts.org/units/Micromolar,3073302,=,1,0,=,,MBIC50,uM,,29.2,CHEMBL352,Staphylococcus aureus,Staphylococcus aureus,1280,,,MBIC50,uM,UO_0000064,,29.2,29200.0,4.534617148551582
5993,,,22444712,"[{'comments': None, 'relation': '=', 'result_flag': 0, 'standard_relation': '=', 'standard_text_value': None, 'standard_type': 'TIME', 'standard_units': 'hr', 'standard_value': '24.0', 'text_value': None, 'type': 'Time', 'units': 'hrs', 'value': '24.0'}]",CHEMBL4679317,Inhibition of biofilm formation in Bacillus subtilis MTCC 121 incubated for 24 hrs by crystal violet staining based microtiter plate method,F,,,BAO_0000190,BAO_0000218,organism-based format,COc1ccc(-n2cc(COc3ccc(/C=N/Nc4nc(-c5cc6ccccc6oc5=O)cs4)cc3)nn2)cc1,,,CHEMBL4673372,Bioorg Med Chem Lett,2021,,CHEMBL4756495,,CHEMBL4756495,5.18,0,http://www.openphacts.org/units/Nanomolar,3517641,=,1,1,=,,IC50,nM,,6600.0,CHEMBL359,Bacillus subtilis,Bacillus subtilis,1423,,,IC50,uM,UO_0000065,,6.6,6600.0,5.180456064458131
3490,,,18570284,[],CHEMBL4220814,Antibiofilm activity against Escherichia coli TG1 after 24 hrs by crystal violet staining based assay,F,,,BAO_0000190,BAO_0000218,organism-based format,Nc1ncc(-c2ccc(Br)cc2)n1CCCCCCn1c(-c2ccc(Br)cc2)cnc1N,,,CHEMBL4219072,Bioorg Med Chem,2018,,CHEMBL4228520,,CHEMBL4228520,5.09,0,http://www.openphacts.org/units/Nanomolar,3083433,=,1,1,=,,IC50,nM,,8200.0,CHEMBL354,Escherichia coli,Escherichia coli,562,,,IC50,uM,UO_0000065,,8.2,8200.0,5.086186147616284
3417,,,18570211,[],CHEMBL4220812,Antibiofilm activity against Salmonella typhimurium ATCC 14028 after 24 hrs by crystal violet staining based assay,F,,,BAO_0000190,BAO_0000218,organism-based format,Brc1ccc(-c2cnc(NCCCNc3ncc(-c4ccc(Br)cc4)[nH]3)[nH]2)cc1,,,CHEMBL4219072,Bioorg Med Chem,2018,,CHEMBL4226291,,CHEMBL4226291,5.26,0,http://www.openphacts.org/units/Nanomolar,3083460,=,1,1,=,,IC50,nM,,5500.0,CHEMBL351,Salmonella enterica subsp. enterica serovar Typhimurium,Salmonella typhimurium,90371,,,IC50,uM,UO_0000065,,5.5,5500.0,5.259637310505756
6205,,,22750693,"[{'comments': None, 'relation': '=', 'result_flag': 0, 'standard_relation': '=', 'standard_text_value': None, 'standard_type': 'TIME', 'standard_units': 'hr', 'standard_value': '24.0', 'text_value': None, 'type': 'Time', 'units': 'hrs', 'value': '24.0'}]",CHEMBL4699742,Antibiofilm activity against Mycobacterium smegmatis mc2 155 ATCC 700084 assessed as inhibition of biofilm formation measured after 24 hrs by crystal violet reporter assay,F,,,BAO_0000190,BAO_0000218,organism-based format,Nc1nccc(-c2c[nH]c3ccc(Br)cc23)n1,,,CHEMBL4699393,RSC Med Chem,2020,,CHEMBL44541,MERIDIANIN C,CHEMBL44541,4.64,0,http://www.openphacts.org/units/Nanomolar,3530899,=,1,1,=,,IC50,nM,,22700.0,CHEMBL613088,Mycolicibacterium smegmatis,Mycolicibacterium smegmatis,1772,,,IC50,uM,UO_0000065,,22.7,22700.0,4.6439741428068775
3718,,,18730787,[],CHEMBL4260145,Antibiofilm activity against Salmonella typhimurium ATCC 14028 after 24 hrs by crystal violet staining based assay,F,,,BAO_0000190,BAO_0000218,organism-based format,CCCCCCCCn1c(N)nc2cc(NC(=O)c3ccc(CCCCC)cc3)ccc21.Cl,,,CHEMBL4257552,Medchemcomm,2018,,CHEMBL3218054,,CHEMBL3304153,5.18,0,http://www.openphacts.org/units/Nanomolar,3111816,=,1,1,=,,IC50,nM,,6660.0,CHEMBL351,Salmonella enterica subsp. enterica serovar Typhimurium,Salmonella typhimurium,90371,,,IC50,uM,UO_0000065,,6.66,6660.0,5.176525770829699
3395,,,18570189,[],CHEMBL4220812,Antibiofilm activity against Salmonella typhimurium ATCC 14028 after 24 hrs by crystal violet staining based assay,F,,,BAO_0000190,BAO_0000218,organism-based format,c1ccc(-c2cnc(NCCCCCCCNc3ncc(-c4ccccc4)[nH]3)[nH]2)cc1,,,CHEMBL4219072,Bioorg Med Chem,2018,,CHEMBL4226741,,CHEMBL4226741,4.9,0,http://www.openphacts.org/units/Nanomolar,3083438,=,1,1,=,,IC50,nM,,12600.0,CHEMBL351,Salmonella enterica subsp. enterica serovar Typhimurium,Salmonella typhimurium,90371,,,IC50,uM,UO_0000065,,12.6,12600.0,4.899629454882437
245,,,5190337,[],CHEMBL1663615,Antibiofilm activity in Salmonella Typhimurium ATCC 14028 assessed as inhibition of biofilm formation at 25 degC after 24 hrs,F,,,BAO_0000190,BAO_0000218,organism-based format,Cc1ccc(-c2[nH]c(N)nc2-c2ccc(Cl)cc2)cc1,,,CHEMBL1649413,J Med Chem,2011,,CHEMBL1649783,,CHEMBL1649783,4.89,0,http://www.openphacts.org/units/Nanomolar,1322059,=,1,1,=,,IC50,nM,,12900.0,CHEMBL351,Salmonella enterica subsp. enterica serovar Typhimurium,Salmonella typhimurium,90371,,,IC50,uM,UO_0000065,,12.9,12900.0,4.889410289700751
711,,,6305759,[],CHEMBL1815005,Antimicrobial activity against Salmonella Typhimurium ATCC 14028 assessed as inhibition of biofilm formation after 24 hrs by spectrophotometry,F,,,BAO_0000190,BAO_0000218,organism-based format,O[C@@]1(c2ccc(Cl)cc2)C[n+]2cccnc2N1C1CCC1.[Br-],Outside typical range,"Values for this activity type are unusually large/small, so may not be accurate",CHEMBL1811868,Bioorg Med Chem,2011,,CHEMBL1814219,,CHEMBL1851898,,0,http://www.openphacts.org/units/Nanomolar,1448758,=,1,1,=,,IC50,nM,,120800.0,CHEMBL351,Salmonella enterica subsp. enterica serovar Typhimurium,Salmonella typhimurium,90371,,,IC50,uM,UO_0000065,,120.8,120800.0,3.9179330657148865
792,,,6306954,[],CHEMBL1815005,Antimicrobial activity against Salmonella Typhimurium ATCC 14028 assessed as inhibition of biofilm formation after 24 hrs by spectrophotometry,F,,,BAO_0000190,BAO_0000218,organism-based format,CCCCN1c2nccc[n+]2C[C@@]1(O)c1ccc([N+](=O)[O-])cc1.[Br-],Outside typical range,"Values for this activity type are unusually large/small, so may not be accurate",CHEMBL1811868,Bioorg Med Chem,2011,,CHEMBL1814030,,CHEMBL1851863,,0,http://www.openphacts.org/units/Nanomolar,1448536,=,1,1,=,,IC50,nM,,292800.0,CHEMBL351,Salmonella enterica subsp. enterica serovar Typhimurium,Salmonella typhimurium,90371,,,IC50,uM,UO_0000065,,292.8,292800.0,3.533428927613646
1769,,,14667369,[],CHEMBL3268492,Antimicrobial activity against Streptococcus mutans 240 assessed as inhibition of biofilm formation after 48 hrs by crystal violet staining-based spectrophotometry,F,,,BAO_0000179,BAO_0000218,organism-based format,Cl.Nc1nc(-c2cccc(NC(=O)c3cc4sccc4[nH]3)c2)c[nH]1,,,CHEMBL3259692,Bioorg Med Chem Lett,2014,,CHEMBL3261442,,CHEMBL3304326,,0,http://www.openphacts.org/units/Micromolar,2099981,=,1,0,=,,MBIC50,uM,,60.0,CHEMBL612426,Streptococcus mutans,Streptococcus mutans,1309,,,MBIC50,uM,UO_0000064,,60.0,60000.0,4.221848749616356
581,,,6152596,[],CHEMBL1763327,Antibacterial activity against Escherichia coli UTI89 assessed as inhibition of biofilm formation after 24 hrs,F,,,BAO_0000188,BAO_0000218,organism-based format,O=C(O)[C@@H]1CSc2c(-c3cccc(C(F)(F)F)c3)c(Cc3cccc4ccccc34)cc(=O)n21,,,CHEMBL1759904,Eur J Med Chem,2011,,CHEMBL1213621,,CHEMBL1213621,4.77,0,http://www.openphacts.org/units/Nanomolar,1413769,=,1,1,=,,EC50,nM,,17000.0,CHEMBL354,Escherichia coli,Escherichia coli,562,,,EC50,uM,UO_0000065,,17.0,17000.0,4.769551078621726
255,,,5190347,[],CHEMBL1663615,Antibiofilm activity in Salmonella Typhimurium ATCC 14028 assessed as inhibition of biofilm formation at 25 degC after 24 hrs,F,,,BAO_0000190,BAO_0000218,organism-based format,CCCCCCn1c(-c2ccccc2)cnc1N,,,CHEMBL1649413,J Med Chem,2011,,CHEMBL1649792,,CHEMBL1649792,4.4,0,http://www.openphacts.org/units/Nanomolar,1322069,=,1,1,=,,IC50,nM,,39700.0,CHEMBL351,Salmonella enterica subsp. enterica serovar Typhimurium,Salmonella typhimurium,90371,,,IC50,uM,UO_0000065,,39.7,39700.0,4.401209493236885
8134,,,24898368,"[{'comments': None, 'relation': '=', 'result_flag': 0, 'standard_relation': '=', 'standard_text_value': None, 'standard_type': 'TIME', 'standard_units': 'hr', 'standard_value': '24.0', 'text_value': None, 'type': 'Time', 'units': 'hrs', 'value': '24.0'}]",CHEMBL5159907,Antibiofilm activity against Salmonella typhimurium ATCC 14028 assessed as inhibition of biofilm formation incubated for 24 hrs by crystal violet staining based spectrophotometry,F,,,BAO_0000190,BAO_0000218,organism-based format,CN(Cc1ccsc1)CC1CCN(Cc2ccccc2C(F)(F)F)CC1,,,CHEMBL5154764,Eur J Med Chem,2022,,CHEMBL5177383,,CHEMBL5177383,4.68,0,http://www.openphacts.org/units/Nanomolar,3891431,=,1,1,=,,IC50,nM,,20900.0,CHEMBL351,Salmonella enterica subsp. enterica serovar Typhimurium,Salmonella typhimurium,90371,,,IC50,uM,UO_0000065,,20.9,20900.0,4.679853713888946
244,,,5190336,[],CHEMBL1663615,Antibiofilm activity in Salmonella Typhimurium ATCC 14028 assessed as inhibition of biofilm formation at 25 degC after 24 hrs,F,,,BAO_0000190,BAO_0000218,organism-based format,Nc1nc(-c2ccccc2)c(-c2ccc(Cl)cc2)[nH]1,,,CHEMBL1649413,J Med Chem,2011,,CHEMBL1649782,,CHEMBL1649782,4.33,0,http://www.openphacts.org/units/Nanomolar,1322058,=,1,1,=,,IC50,nM,,46900.0,CHEMBL351,Salmonella enterica subsp. enterica serovar Typhimurium,Salmonella typhimurium,90371,,,IC50,uM,UO_0000065,,46.9,46900.0,4.328827157284917
896,,,10928306,[],CHEMBL2044658,Inhibition of type 1 pili formation in uropathogenic Escherichia coli isolate UTI89 assessed as inhibition of biofilm formation after 24 hrs by crystal violet staining method,F,,,BAO_0000188,BAO_0000218,organism-based format,Cc1ccc(Cn2cc(-c3c(Cc4cccc5ccccc45)c(Br)c(=O)n4c3SC[C@H]4C(=O)O)nn2)cc1,Outside typical range,"Values for this activity type are unusually large/small, so may not be accurate",CHEMBL2040841,Eur J Med Chem,2012,,CHEMBL2043286,,CHEMBL2043286,,0,http://www.openphacts.org/units/Nanomolar,1651139,=,1,1,=,,EC50,nM,,200000.0,CHEMBL354,Escherichia coli,Escherichia coli,562,,,EC50,uM,UO_0000065,,200.0,200000.0,3.6989700043360187
1836,,,14739145,[],CHEMBL3296158,Antimicrobial activity against Staphylococcus aureus MTCC 96 assessed as inhibition of biofilm formation after 24 hrs by crystal violet staining-based assay,F,,,BAO_0000190,BAO_0000218,organism-based format,Nc1nc(OCc2cn(-c3n[nH]c4nc(C(F)(F)F)ccc34)nn2)cc(C(F)(F)F)n1,,,CHEMBL3286384,Bioorg Med Chem Lett,2014,,CHEMBL3287776,,CHEMBL3287776,,0,http://www.openphacts.org/units/MicrogramPerMilliliter,2115196,=,1,1,=,,IC50,ug.mL-1,,7.8,CHEMBL352,Staphylococcus aureus,Staphylococcus aureus,1280,,,IC50,ug ml-1,UO_0000274,,7.8,17516.792540541268,4.756545413548585
9421,,,25722640,"[{'comments': None, 'relation': '=', 'result_flag': 0, 'standard_relation': '=', 'standard_text_value': None, 'standard_type': 'DOSE_Lower', 'standard_units': 'microg/ml', 'standard_value': '1.56', 'text_value': None, 'type': 'DOSE_Lower', 'units': 'microg/ml', 'value': '1.56'}, {'comments': None, 'relation': '=', 'result_flag': 0, 'standard_relation': '=', 'standard_text_value': None, 'standard_type': 'DOSE_Upper', 'standard_units': 'microg/ml', 'standard_value': '100.0', 'text_value': None, 'type': 'DOSE_Upper', 'units': 'microg/ml', 'value': '100.0'}, {'comments': None, 'relation': '=', 'result_flag': 0, 'standard_relation': '=', 'standard_text_value': None, 'standard_type': 'TIME', 'standard_units': 'hr', 'standard_value': '24.0', 'text_value': None, 'type': 'TIME', 'units': 'hrs', 'value': '24.0'}]",CHEMBL5391157,Antibiofilm activity against methicillin-resistant Staphylococcus aureus ATCC 33591 assessed as inhibition of biofilm formation incubated for 24 hrs by crystal violet staining based analysis,F,,,BAO_0000179,BAO_0000218,organism-based format,CC1(C)C(c2cnc3c4ccc(C(F)(F)F)cc4nn3c2)=Nc2c1ccc1ccccc21,,,CHEMBL5390226,Bioorg Med Chem,2023,,CHEMBL5432217,,CHEMBL5432217,,0,http://www.openphacts.org/units/MicrogramPerMilliliter,4010200,=,1,0,=,,MBIC50,ug ml-1,,100.0,CHEMBL352,Staphylococcus aureus,Staphylococcus aureus,1280,,,MBIC50,ug ml-1,UO_0000274,,100.0,232324.19447393663,3.6339055599829235
5550,,,19304588,[],CHEMBL4414410,Antibiofilm activity against Staphylococcus aureus ATCC 25923 after 24 hrs by crystal violet staining based assay,F,,,BAO_0000190,BAO_0000218,organism-based format,O=C(c1cc(Cl)cc(Cl)c1O)c1[nH]c(Br)c(Br)c1Br,,,CHEMBL4411342,Bioorg Med Chem,2019,,CHEMBL4088841,,CHEMBL4088841,4.69,0,http://www.openphacts.org/units/Nanomolar,3223502,=,1,1,=,,IC50,nM,,20300.0,CHEMBL352,Staphylococcus aureus,Staphylococcus aureus,1280,,,IC50,uM,UO_0000065,,20.3,20300.0,4.692503962086787
8104,,,24898338,"[{'comments': None, 'relation': '=', 'result_flag': 0, 'standard_relation': '=', 'standard_text_value': None, 'standard_type': 'TIME', 'standard_units': 'hr', 'standard_value': '24.0', 'text_value': None, 'type': 'Time', 'units': 'hrs', 'value': '24.0'}]",CHEMBL5159907,Antibiofilm activity against Salmonella typhimurium ATCC 14028 assessed as inhibition of biofilm formation incubated for 24 hrs by crystal violet staining based spectrophotometry,F,,,BAO_0000190,BAO_0000218,organism-based format,CN(Cc1ccsc1)CC1CCN(CCc2ccc(Br)cc2)CC1,,,CHEMBL5154764,Eur J Med Chem,2022,,CHEMBL5190055,,CHEMBL5190055,5.52,0,http://www.openphacts.org/units/Nanomolar,3891400,=,1,1,=,,IC50,nM,,3000.0,CHEMBL351,Salmonella enterica subsp. enterica serovar Typhimurium,Salmonella typhimurium,90371,,,IC50,uM,UO_0000065,,3.0,3000.0,5.522878745280337
5015,,,19127362,[],CHEMBL4374185,Antibiofilm activity against Mycobacterium smegmatis str. MC2 155 ATCC 700084 after 48 hrs by crystal violet staining based reporter assay,F,,,BAO_0000190,BAO_0000218,organism-based format,Cl.Nc1ncc2cc(NC(=O)C(Cl)(Cl)Cl)ccc2n1,,,CHEMBL4373648,Medchemcomm,2019,,CHEMBL4452134,,CHEMBL4597255,4.3,0,http://www.openphacts.org/units/Nanomolar,3192255,=,1,1,=,,IC50,nM,,50000.0,CHEMBL613088,Mycolicibacterium smegmatis,Mycolicibacterium smegmatis,1772,,,IC50,uM,UO_0000065,,50.0,50000.0,4.301029995663981
1932,,,15087787,[],CHEMBL3388394,Inhibition of biofilm formation in methicillin-resistant Staphylococcus aureus MTCC 96 after 36 hr incubation by tissue culture plate method,F,,,BAO_0000190,BAO_0000218,organism-based format,O=C(O)CSCC(=O)Nc1ccc(-c2nc3cc(Cl)ccc3[nH]2)cc1,,,CHEMBL3352166,Bioorg Med Chem,2014,,CHEMBL3344039,,CHEMBL3344039,5.01,0,http://www.openphacts.org/units/Nanomolar,2266652,=,1,1,=,,IC50,nM,,9720.0,CHEMBL352,Staphylococcus aureus,Staphylococcus aureus,1280,,,IC50,uM,UO_0000065,,9.72,9720.0,5.012333735073725
5957,,,22444676,"[{'comments': None, 'relation': '=', 'result_flag': 0, 'standard_relation': '=', 'standard_text_value': None, 'standard_type': 'TIME', 'standard_units': 'hr', 'standard_value': '24.0', 'text_value': None, 'type': 'Time', 'units': 'hrs', 'value': '24.0'}]",CHEMBL4679314,Inhibition of biofilm formation in Escherichia coli MTCC 739 incubated for 24 hrs by crystal violet staining based microtiter plate method,F,,,BAO_0000190,BAO_0000218,organism-based format,COc1ccc(-n2cc(COc3ccc(/C=N/Nc4nc(-c5cc6ccccc6oc5=O)cs4)cc3)nn2)cc1,,,CHEMBL4673372,Bioorg Med Chem Lett,2021,,CHEMBL4756495,,CHEMBL4756495,4.5,0,http://www.openphacts.org/units/Nanomolar,3517641,=,1,1,=,,IC50,nM,,31300.0,CHEMBL354,Escherichia coli,Escherichia coli,562,,,IC50,uM,UO_0000065,,31.3,31300.0,4.504455662453552
4813,,,19051495,[],CHEMBL4354899,Antibiofilm activity against Streptococcus mutans assessed as inhibition of biofilm formation,F,,,BAO_0000190,BAO_0000218,organism-based format,Oc1cc(O)cc(/C=C/c2ccc(O)c(O)c2)c1,,,CHEMBL4354780,Medchemcomm,2019,,CHEMBL69863,PICEATANNOL,CHEMBL69863,4.28,0,http://www.openphacts.org/units/Nanomolar,3178369,=,1,1,=,,IC50,nM,,52000.0,CHEMBL612426,Streptococcus mutans,Streptococcus mutans,1309,,,IC50,uM,UO_0000065,,52.0,52000.0,4.2839966563652006
1772,,,14667372,[],CHEMBL3268492,Antimicrobial activity against Streptococcus mutans 240 assessed as inhibition of biofilm formation after 48 hrs by crystal violet staining-based spectrophotometry,F,,,BAO_0000179,BAO_0000218,organism-based format,Cl.Nc1nc(-c2ccc(NC(=O)c3cc4cc(F)ccc4[nH]3)cc2)c[nH]1,,,CHEMBL3259692,Bioorg Med Chem Lett,2014,,CHEMBL3261445,,CHEMBL3302231,,0,http://www.openphacts.org/units/Micromolar,2099985,=,1,0,=,,MBIC50,uM,,50.0,CHEMBL612426,Streptococcus mutans,Streptococcus mutans,1309,,,MBIC50,uM,UO_0000064,,50.0,50000.0,4.301029995663981
4973,,,19107456,[],CHEMBL4369768,Antibiofilm activity against Mycobacterium smegmatis str. MC2 155 ATCC 700084 assessed as inhibition of biofilm formation incubated for 48 hrs by crystal violet reporter assay,F,,,BAO_0000190,BAO_0000218,organism-based format,CCCCCc1ccc(C(=O)Nc2ccc3c(c2)nc(N)n3CCc2cccc(OC)c2)cc1,,,CHEMBL4368897,Medchemcomm,2019,,CHEMBL3301691,,CHEMBL3301691,4.9,0,http://www.openphacts.org/units/Nanomolar,3188134,=,1,1,=,,IC50,nM,,12500.0,CHEMBL613088,Mycolicibacterium smegmatis,Mycolicibacterium smegmatis,1772,,,IC50,uM,UO_0000065,,12.5,12500.0,4.903089986991944
2455,,,16531897,[],CHEMBL3791790,Antibiofilm activity against Bacillus subtilis MTCC 121 after 24 hrs by crystal violet staining based assay,F,,,BAO_0000190,BAO_0000218,organism-based format,COC(=O)CCCCCCCCCC[N+](C)(C1CCCCC1)C1CCCCC1.[Cl-],,,CHEMBL3784971,Bioorg Med Chem Lett,2016,,CHEMBL3785316,,CHEMBL3787743,,0,http://www.openphacts.org/units/MicrogramPerMilliliter,2768109,=,1,1,=,,IC50,ug.mL-1,,4.4,CHEMBL359,Bacillus subtilis,Bacillus subtilis,1423,,,IC50,ug ml-1,UO_0000274,,4.4,10229.774689212463,4.990133931518467
2027,,,15178575,[],CHEMBL3405141,Antimicrobial activity against Bacillus subtilis MTCC 121 assessed as inhibition of biofilm formation after 24 hrs,F,,,BAO_0000190,BAO_0000218,organism-based format,Cc1ccc(C2=CC(c3oc(CO)cc(=O)c3O)c3ccccc3O2)cc1,,,CHEMBL3400018,Bioorg Med Chem Lett,2015,,CHEMBL3402105,,CHEMBL3402105,,0,http://www.openphacts.org/units/MicrogramPerMilliliter,2283219,=,1,1,=,,IC50,ug.mL-1,,20.1,CHEMBL359,Bacillus subtilis,Bacillus subtilis,1423,,,IC50,ug ml-1,UO_0000274,,20.1,55466.48416997579,4.255969361685081
9349,,,25722568,"[{'comments': None, 'relation': '=', 'result_flag': 0, 'standard_relation': '=', 'standard_text_value': None, 'standard_type': 'DOSE_Lower', 'standard_units': 'microg/ml', 'standard_value': '1.56', 'text_value': None, 'type': 'DOSE_Lower', 'units': 'microg/ml', 'value': '1.56'}, {'comments': None, 'relation': '=', 'result_flag': 0, 'standard_relation': '=', 'standard_text_value': None, 'standard_type': 'DOSE_Upper', 'standard_units': 'microg/ml', 'standard_value': '100.0', 'text_value': None, 'type': 'DOSE_Upper', 'units': 'microg/ml', 'value': '100.0'}, {'comments': None, 'relation': '=', 'result_flag': 0, 'standard_relation': '=', 'standard_text_value': None, 'standard_type': 'TIME', 'standard_units': 'hr', 'standard_value': '24.0', 'text_value': None, 'type': 'TIME', 'units': 'hrs', 'value': '24.0'}]",CHEMBL5391156,Antibiofilm activity against methicillin-susceptible Staphylococcus aureus ATCC 29213 assessed as inhibition of biofilm formation incubated for 24 hrs by crystal violet staining based analysis,F,,,BAO_0000179,BAO_0000218,organism-based format,CC1(C)C(c2cnn(-c3ccc(C(=O)O)cc3)c2)=Nc2ccc(Cl)cc21,,,CHEMBL5390226,Bioorg Med Chem,2023,,CHEMBL5417922,,CHEMBL5417922,,0,http://www.openphacts.org/units/MicrogramPerMilliliter,4010176,=,1,0,=,,MBIC50,ug ml-1,,6.25,CHEMBL352,Staphylococcus aureus,Staphylococcus aureus,1280,,,MBIC50,ug ml-1,UO_0000274,,6.25,17084.905144606633,4.767387428061489
1046,,,12675063,[],CHEMBL2344064,Antibacterial activity against methicillin-resistant Staphylococcus aureus ATCC BAA-44 assessed as inhibition of biofilm growth after 24 hrs by crystal violet reporter assay,F,,,BAO_0000190,BAO_0000218,organism-based format,CCCCCCn1cc(CCCCCc2cn(CCNC(=O)c3ccc(CCCCC)cc3)nn2)nc1N.Cl,,,CHEMBL2331213,Eur J Med Chem,2013,,CHEMBL2332799,,CHEMBL2365408,5.21,0,http://www.openphacts.org/units/Nanomolar,1866606,=,1,1,=,,IC50,nM,,6200.0,CHEMBL352,Staphylococcus aureus,Staphylococcus aureus,1280,,,IC50,uM,UO_0000065,,6.2,6200.0,5.207608310501746
3415,,,18570209,[],CHEMBL4220812,Antibiofilm activity against Salmonella typhimurium ATCC 14028 after 24 hrs by crystal violet staining based assay,F,,,BAO_0000190,BAO_0000218,organism-based format,Brc1ccc(-c2cnc(NCCCCCNc3ncc(-c4ccc(Br)cc4)[nH]3)[nH]2)cc1,,,CHEMBL4219072,Bioorg Med Chem,2018,,CHEMBL4226038,,CHEMBL4226038,5.19,0,http://www.openphacts.org/units/Nanomolar,3083458,=,1,1,=,,IC50,nM,,6500.0,CHEMBL351,Salmonella enterica subsp. enterica serovar Typhimurium,Salmonella typhimurium,90371,,,IC50,uM,UO_0000065,,6.5,6500.0,5.187086643357144
5402,,,19241872,[],CHEMBL4399782,Antibiofilm activity against Klebsiella planticola MTCC 530 assessed as inhibition of biofilm formation by crystal violet staining-based microtitre plate assay,F,,,BAO_0000190,BAO_0000218,organism-based format,O=C(c1cn(-c2ccc(Cl)cc2)nn1)c1c(-c2ccc(Cl)cc2)nc2sccn12,,,CHEMBL4396937,Bioorg Med Chem Lett,2019,,CHEMBL4454717,,CHEMBL4454717,,0,http://www.openphacts.org/units/MicrogramPerMilliliter,3211952,=,1,1,=,,IC50,ug.mL-1,,16.8,CHEMBL613271,Raoultella planticola,Raoultella planticola,575,,,IC50,ug ml-1,UO_0000274,,16.8,38154.50302624256,4.418454198887571
264,,,5190356,[],CHEMBL1663615,Antibiofilm activity in Salmonella Typhimurium ATCC 14028 assessed as inhibition of biofilm formation at 25 degC after 24 hrs,F,,,BAO_0000190,BAO_0000218,organism-based format,Cn1c(-c2ccc(Cl)cc2)cnc1N,Outside typical range,"Values for this activity type are unusually large/small, so may not be accurate",CHEMBL1649413,J Med Chem,2011,,CHEMBL1301126,,CHEMBL1301126,,0,http://www.openphacts.org/units/Nanomolar,1322078,=,1,1,=,,IC50,nM,,108100.0,CHEMBL351,Salmonella enterica subsp. enterica serovar Typhimurium,Salmonella typhimurium,90371,,,IC50,uM,UO_0000065,,108.1,108100.0,3.96617430604669
338,,,5190430,[],CHEMBL1663615,Antibiofilm activity in Salmonella Typhimurium ATCC 14028 assessed as inhibition of biofilm formation at 25 degC after 24 hrs,F,,,BAO_0000190,BAO_0000218,organism-based format,C[n+]1c(-c2cccc([N+](=O)[O-])c2)cn2cccnc21.[O-][Cl+3]([O-])([O-])[O-],Outside typical range,"Values for this activity type are unusually large/small, so may not be accurate",CHEMBL1649413,J Med Chem,2011,,CHEMBL1649873,,CHEMBL1739651,,0,http://www.openphacts.org/units/Nanomolar,1322152,=,1,1,=,,IC50,nM,,427300.0,CHEMBL351,Salmonella enterica subsp. enterica serovar Typhimurium,Salmonella typhimurium,90371,,,IC50,uM,UO_0000065,,427.3,427300.0,3.3692671071828038
2447,,,16531889,[],CHEMBL3791789,Antibiofilm activity against Staphylococcus aureus MTCC 96 after 24 hrs by crystal violet staining based assay,F,,,BAO_0000190,BAO_0000218,organism-based format,CCCCCCCC[N+](C)(CCCCCCCC)CCCCCCCCCCC(=O)OC.[Cl-],,,CHEMBL3784971,Bioorg Med Chem Lett,2016,,CHEMBL3787330,,CHEMBL3787742,,0,http://www.openphacts.org/units/MicrogramPerMilliliter,2768108,=,1,1,=,,IC50,ug.mL-1,,3.2,CHEMBL352,Staphylococcus aureus,Staphylococcus aureus,1280,,,IC50,ug ml-1,UO_0000274,,3.2,6527.1888009758095,5.185273825018733
3520,,,18570314,[],CHEMBL4220815,Antibiofilm activity against Staphylococcus aureus SH1000 after 48 hrs by crystal violet staining based assay,F,,,BAO_0000190,BAO_0000218,organism-based format,Nc1ncc(-c2ccccc2)n1CCCCCCCn1c(-c2ccccc2)cnc1N,,,CHEMBL4219072,Bioorg Med Chem,2018,,CHEMBL4228498,,CHEMBL4228498,4.93,0,http://www.openphacts.org/units/Nanomolar,3083411,=,1,1,=,,IC50,nM,,11700.0,CHEMBL352,Staphylococcus aureus,Staphylococcus aureus,1280,,,IC50,uM,UO_0000065,,11.7,11700.0,4.931814138253839
3699,,,18730768,[],CHEMBL4260145,Antibiofilm activity against Salmonella typhimurium ATCC 14028 after 24 hrs by crystal violet staining based assay,F,,,BAO_0000190,BAO_0000218,organism-based format,CCCCCc1ccc(C(=O)Nc2ccc3nc(N)n(CC)c3c2)cc1.Cl,,,CHEMBL4257552,Medchemcomm,2018,,CHEMBL4286952,,CHEMBL4301248,4.7,0,http://www.openphacts.org/units/Nanomolar,3111835,=,1,1,=,,IC50,nM,,20000.0,CHEMBL351,Salmonella enterica subsp. enterica serovar Typhimurium,Salmonella typhimurium,90371,,,IC50,uM,UO_0000065,40.0,20.0,20000.0,4.698970004336019
357,,,5190608,[],CHEMBL1663695,Antibiofilm activity in Salmonella Typhimurium ATCC 14028 assessed as inhibition of biofilm formation at 37 degC after 24 hrs,F,,,BAO_0000190,BAO_0000218,organism-based format,Nc1ncc(-c2ccc(F)cc2)[nH]1,Outside typical range,"Values for this activity type are unusually large/small, so may not be accurate",CHEMBL1649413,J Med Chem,2011,,CHEMBL1649771,,CHEMBL1649771,,0,http://www.openphacts.org/units/Nanomolar,1322047,=,1,1,=,,IC50,nM,,238400.0,CHEMBL351,Salmonella enterica subsp. enterica serovar Typhimurium,Salmonella typhimurium,90371,,,IC50,uM,UO_0000065,,238.4,238400.0,3.622693748931801
3519,,,18570313,[],CHEMBL4220815,Antibiofilm activity against Staphylococcus aureus SH1000 after 48 hrs by crystal violet staining based assay,F,,,BAO_0000190,BAO_0000218,organism-based format,Nc1ncc(-c2ccccc2)n1CCCCCCCCn1c(-c2ccccc2)cnc1N,,,CHEMBL4219072,Bioorg Med Chem,2018,,CHEMBL4227929,,CHEMBL4227929,4.65,0,http://www.openphacts.org/units/Nanomolar,3083410,=,1,1,=,,IC50,nM,,22200.0,CHEMBL352,Staphylococcus aureus,Staphylococcus aureus,1280,,,IC50,uM,UO_0000065,,22.2,22200.0,4.653647025549361
637,,,6304675,[],CHEMBL1815005,Antimicrobial activity against Salmonella Typhimurium ATCC 14028 assessed as inhibition of biofilm formation after 24 hrs by spectrophotometry,F,,,BAO_0000190,BAO_0000218,organism-based format,CCCCCCCCNc1ncc(-c2ccc(S(C)(=O)=O)cc2)[nH]1,,,CHEMBL1811868,Bioorg Med Chem,2011,,CHEMBL1814365,,CHEMBL1814365,4.38,0,http://www.openphacts.org/units/Nanomolar,1448962,=,1,1,=,,IC50,nM,,41800.0,CHEMBL351,Salmonella enterica subsp. enterica serovar Typhimurium,Salmonella typhimurium,90371,,,IC50,uM,UO_0000065,,41.8,41800.0,4.3788237182249645
2508,,,16605492,[],CHEMBL3813217,Antibiofilm activity against Staphylococcus aureus MLS16 MTCC 2940 after 24 hrs by crystal violet staining based assay,F,,,BAO_0000190,BAO_0000218,organism-based format,CN(C)C(=O)c1ccc(-c2cc(C3=C(N4CC4)C(=O)C=C(N4CC4)C3=O)no2)s1,,,CHEMBL3808371,Eur J Med Chem,2016,,CHEMBL3809785,,CHEMBL3809785,5.0,0,http://www.openphacts.org/units/Nanomolar,2778939,=,1,1,=,,IC50,nM,,10100.0,CHEMBL352,Staphylococcus aureus,Staphylococcus aureus,1280,,,IC50,uM,UO_0000065,,10.1,10100.0,4.995678626217358
7704,,,24824018,"[{'comments': None, 'relation': '=', 'result_flag': 0, 'standard_relation': '=', 'standard_text_value': None, 'standard_type': 'TIME', 'standard_units': 'hr', 'standard_value': '22.0', 'text_value': None, 'type': 'Time', 'units': 'hrs', 'value': '22.0'}]",CHEMBL5140867,Antibiofilm activity against methicillin-sensitive Staphylococcus aureus UAMS-1 measured after 22 hrs by crystal violet staining based assay,F,,,BAO_0003035,BAO_0000218,organism-based format,O=c1oc2c(O[C@@H]3OC[C@@H](O)[C@H](O)[C@H]3O)c(O)cc3c(=O)oc4c(O)c(O)cc1c4c23,,,CHEMBL5137057,J Med Chem,2022,,CHEMBL5198965,,CHEMBL5198965,,0,http://www.openphacts.org/units/MicrogramPerMilliliter,3876868,=,1,1,=,,MIC50,ug.mL-1,,32.0,CHEMBL352,Staphylococcus aureus,Staphylococcus aureus,1280,,,MIC50,ug ml-1,UO_0000274,,32.0,73680.25990711678,4.1326488508347206
8154,,,24898388,"[{'comments': None, 'relation': '=', 'result_flag': 0, 'standard_relation': '=', 'standard_text_value': None, 'standard_type': 'TIME', 'standard_units': 'hr', 'standard_value': '24.0', 'text_value': None, 'type': 'Time', 'units': 'hrs', 'value': '24.0'}]",CHEMBL5159908,Antibiofilm activity against Salmonella typhimurium ATCC 14028 assessed as biofilm dispersal effect incubated for 24 hrs by crystal violet staining based spectrophotometry,F,,,BAO_0000188,BAO_0000218,organism-based format,COc1ccccc1CCN1CCC(CN(C)Cc2ccsc2)CC1,Outside typical range,"Values for this activity type are unusually large/small, so may not be accurate",CHEMBL5154764,Eur J Med Chem,2022,,CHEMBL5198212,,CHEMBL5198212,,0,http://www.openphacts.org/units/Nanomolar,3891393,=,1,1,=,,EC50,nM,,11763000.0,CHEMBL351,Salmonella enterica subsp. enterica serovar Typhimurium,Salmonella typhimurium,90371,,,EC50,uM,UO_0000065,,11763.0,11763000.0,1.929481902980131
713,,,6305761,[],CHEMBL1815005,Antimicrobial activity against Salmonella Typhimurium ATCC 14028 assessed as inhibition of biofilm formation after 24 hrs by spectrophotometry,F,,,BAO_0000190,BAO_0000218,organism-based format,O[C@@]1(c2ccccc2)C[n+]2cccnc2N1C1CCCCCCC1.[Br-],,,CHEMBL1811868,Bioorg Med Chem,2011,,CHEMBL1814217,,CHEMBL1851955,4.23,0,http://www.openphacts.org/units/Nanomolar,1448756,=,1,1,=,,IC50,nM,,58400.0,CHEMBL351,Salmonella enterica subsp. enterica serovar Typhimurium,Salmonella typhimurium,90371,,,IC50,uM,UO_0000065,,58.4,58400.0,4.2335871528876
2789,,,16819069,[],CHEMBL3872386,Antibiofilm activity against Staphylococcus aureus ATCC 25923 after 24 hrs by crystal-violet stain based assay,F,,,BAO_0000190,BAO_0000019,assay format,Cc1c(C(=O)Nc2ccccc2)cnn1-c1ccccc1,Outside typical range,"Values for this activity type are unusually large/small, so may not be accurate",CHEMBL3872202,Eur J Med Chem,2016,,CHEMBL1699362,,CHEMBL1699362,,0,http://www.openphacts.org/units/Nanomolar,2812683,=,1,1,=,,IC50,nM,,112000.0,CHEMBL352,Staphylococcus aureus,Staphylococcus aureus,1280,,,IC50,uM,UO_0000065,,112.0,112000.0,3.950781977329818
3366,,,18552869,[],CHEMBL4199796,Antibiofilm activity against methicillin-resistant Staphylococcus aureus ATCC 43300 assessed induction of dispersion of preformed biofilm after 24 hrs by crystal violet staining based method,F,,,BAO_0000188,BAO_0000218,organism-based format,Cl.Nc1nc(-c2c[nH]c3cc(Br)ccc23)c[nH]1,Outside typical range,"Values for this activity type are unusually large/small, so may not be accurate",CHEMBL4196121,ACS Med Chem Lett,2018,,CHEMBL4213261,,CHEMBL4300103,,0,http://www.openphacts.org/units/Nanomolar,3080293,=,1,1,=,,EC50,nM,,101000.0,CHEMBL352,Staphylococcus aureus,Staphylococcus aureus,1280,,,EC50,uM,UO_0000065,,101.0,101000.0,3.995678626217358
2521,,,16605505,[],CHEMBL3813215,Antibiofilm activity against Bacillus subtilis MTCC 121 after 24 hrs by crystal violet staining based assay,F,,,BAO_0000190,BAO_0000218,organism-based format,CCCN(C)C(=O)c1ccc(-c2cc(C3=C(N4CC4)C(=O)C=C(N4CC4)C3=O)no2)s1,,,CHEMBL3808371,Eur J Med Chem,2016,,CHEMBL3809220,,CHEMBL3809220,5.66,0,http://www.openphacts.org/units/Nanomolar,2778941,=,1,1,=,,IC50,nM,,2200.0,CHEMBL359,Bacillus subtilis,Bacillus subtilis,1423,,,IC50,uM,UO_0000065,,2.2,2200.0,5.657577319177793
5641,,,20704023,[],CHEMBL4627903,Antibiofilm activity against Escherichia coli UTI89 incubated for 2 days at 23 degC followed by 1 day incubation at RT,F,,,BAO_0000179,BAO_0000218,organism-based format,CC1(C)CC[C@]2(C(=O)O)CC[C@]3(C)C(=CC[C@@H]4[C@@]5(C)C[C@@H](C(=O)NC6CC6)[C@H](O)C(C)(C)[C@@H]5CC[C@]43C)[C@@H]2C1,,,CHEMBL4627274,Bioorg Med Chem,2020,,CHEMBL4643194,,CHEMBL4643194,,0,http://www.openphacts.org/units/MicrogramPerMilliliter,3486848,=,1,0,=,,MBIC50,ug ml-1,,4.0,CHEMBL354,Escherichia coli,Escherichia coli,562,,,MBIC50,ug ml-1,UO_0000274,,4.0,7410.1381805517185,5.130173693438811
3410,,,18570204,[],CHEMBL4220812,Antibiofilm activity against Salmonella typhimurium ATCC 14028 after 24 hrs by crystal violet staining based assay,F,,,BAO_0000190,BAO_0000218,organism-based format,Clc1ccc(-c2cnc(NCCCCNc3ncc(-c4ccc(Cl)cc4)[nH]3)[nH]2)cc1,,,CHEMBL4219072,Bioorg Med Chem,2018,,CHEMBL4224972,,CHEMBL4224972,4.91,0,http://www.openphacts.org/units/Nanomolar,3083453,=,1,1,=,,IC50,nM,,12300.0,CHEMBL351,Salmonella enterica subsp. enterica serovar Typhimurium,Salmonella typhimurium,90371,,,IC50,uM,UO_0000065,,12.3,12300.0,4.910094888560602
3393,,,18570187,[],CHEMBL4220812,Antibiofilm activity against Salmonella typhimurium ATCC 14028 after 24 hrs by crystal violet staining based assay,F,,,BAO_0000190,BAO_0000218,organism-based format,Nc1ncc(-c2ccc(Br)cc2)n1CCCn1c(-c2ccc(Br)cc2)cnc1N,,,CHEMBL4219072,Bioorg Med Chem,2018,,CHEMBL4225849,,CHEMBL4225849,5.57,0,http://www.openphacts.org/units/Nanomolar,3083436,=,1,1,=,,IC50,nM,,2700.0,CHEMBL351,Salmonella enterica subsp. enterica serovar Typhimurium,Salmonella typhimurium,90371,,,IC50,uM,UO_0000065,,2.7,2700.0,5.568636235841012
8101,,,24898335,"[{'comments': None, 'relation': '=', 'result_flag': 0, 'standard_relation': '=', 'standard_text_value': None, 'standard_type': 'TIME', 'standard_units': 'hr', 'standard_value': '24.0', 'text_value': None, 'type': 'Time', 'units': 'hrs', 'value': '24.0'}]",CHEMBL5159907,Antibiofilm activity against Salmonella typhimurium ATCC 14028 assessed as inhibition of biofilm formation incubated for 24 hrs by crystal violet staining based spectrophotometry,F,,,BAO_0000190,BAO_0000218,organism-based format,CN(Cc1ccsc1)CC1CCN(CCc2cccc(Cl)c2)CC1,,,CHEMBL5154764,Eur J Med Chem,2022,,CHEMBL5193688,,CHEMBL5193688,5.7,0,http://www.openphacts.org/units/Nanomolar,3891397,=,1,1,=,,IC50,nM,,2000.0,CHEMBL351,Salmonella enterica subsp. enterica serovar Typhimurium,Salmonella typhimurium,90371,,,IC50,uM,UO_0000065,,2.0,2000.0,5.698970004336019
8139,,,24898373,"[{'comments': None, 'relation': '=', 'result_flag': 0, 'standard_relation': '=', 'standard_text_value': None, 'standard_type': 'TIME', 'standard_units': 'hr', 'standard_value': '24.0', 'text_value': None, 'type': 'Time', 'units': 'hrs', 'value': '24.0'}]",CHEMBL5159907,Antibiofilm activity against Salmonella typhimurium ATCC 14028 assessed as inhibition of biofilm formation incubated for 24 hrs by crystal violet staining based spectrophotometry,F,,,BAO_0000190,BAO_0000218,organism-based format,CN(Cc1ccsc1)CC1CCN(Cc2cccc(I)c2)CC1,,,CHEMBL5154764,Eur J Med Chem,2022,,CHEMBL5178039,,CHEMBL5178039,5.0,0,http://www.openphacts.org/units/Nanomolar,3891436,=,1,1,=,,IC50,nM,,10000.0,CHEMBL351,Salmonella enterica subsp. enterica serovar Typhimurium,Salmonella typhimurium,90371,,,IC50,uM,UO_0000065,,10.0,10000.0,5.0
2025,,,15178573,[],CHEMBL3405141,Antimicrobial activity against Bacillus subtilis MTCC 121 assessed as inhibition of biofilm formation after 24 hrs,F,,,BAO_0000190,BAO_0000218,organism-based format,O=c1cc(CO)oc(C2C=C(c3ccccc3)Oc3ccccc32)c1O,,,CHEMBL3400018,Bioorg Med Chem Lett,2015,,CHEMBL3402101,,CHEMBL3402101,,0,http://www.openphacts.org/units/MicrogramPerMilliliter,2283215,=,1,1,=,,IC50,ug.mL-1,,3.4,CHEMBL359,Bacillus subtilis,Bacillus subtilis,1423,,,IC50,ug ml-1,UO_0000274,,3.4,9760.18647697457,5.010541884674764
3512,,,18570306,[],CHEMBL4220814,Antibiofilm activity against Escherichia coli TG1 after 24 hrs by crystal violet staining based assay,F,,,BAO_0000190,BAO_0000218,organism-based format,Brc1ccc(-c2cnc(NCCCCCCCCNc3ncc(-c4ccc(Br)cc4)[nH]3)[nH]2)cc1,,,CHEMBL4219072,Bioorg Med Chem,2018,,CHEMBL4225767,,CHEMBL4225767,4.04,0,http://www.openphacts.org/units/Nanomolar,3083455,=,1,1,=,,IC50,nM,,90600.0,CHEMBL354,Escherichia coli,Escherichia coli,562,,,IC50,uM,UO_0000065,,90.6,90600.0,4.042871802323187
3990,,,18935698,[],CHEMBL4326960,Antibiofilm activity against Staphylococcus aureus ATCC 29213,F,,,BAO_0000190,BAO_0000218,organism-based format,CCOC(=O)/C(=N/Nc1ccc(Cl)c(Cl)c1)C(=O)c1cc(C)nn1CC,,,CHEMBL4325854,Eur J Med Chem,2019,,CHEMBL4566959,,CHEMBL4566959,5.77,0,http://www.openphacts.org/units/Nanomolar,3159064,=,1,1,=,,IC50,nM,,1700.0,CHEMBL352,Staphylococcus aureus,Staphylococcus aureus,1280,,,IC50,uM,UO_0000065,,1.7,1700.0,5.769551078621726
3159,,,18470437,[],CHEMBL4182537,Anti-biofilm activity against Pseudoalteromonas ulvae TC14 assessed as inhibition of bacterial adhesion incubated for 15 hrs at 20 degC by Syto 61 dye based fluorimetric assay,F,,,BAO_0000188,BAO_0000218,organism-based format,COc1cccc(CCNC(=O)c2cn(-c3cccc(OC)c3)nn2)c1,,,CHEMBL4177720,Bioorg Med Chem Lett,2018,,CHEMBL4214226,,CHEMBL4214226,4.09,0,http://www.openphacts.org/units/Nanomolar,3065752,=,1,1,=,,EC50,nM,,80600.0,CHEMBL4296595,Pseudoalteromonas ulvae,Pseudoalteromonas ulvae,107327,,,EC50,uM,UO_0000065,,80.6,80600.0,4.09366495819491
3526,,,18570320,[],CHEMBL4220815,Antibiofilm activity against Staphylococcus aureus SH1000 after 48 hrs by crystal violet staining based assay,F,,,BAO_0000190,BAO_0000218,organism-based format,Nc1ncc(-c2ccc(F)cc2)n1CCCCCCCCn1c(-c2ccc(F)cc2)cnc1N,,,CHEMBL4219072,Bioorg Med Chem,2018,,CHEMBL4226614,,CHEMBL4226614,4.65,0,http://www.openphacts.org/units/Nanomolar,3083417,=,1,1,=,,IC50,nM,,22400.0,CHEMBL352,Staphylococcus aureus,Staphylococcus aureus,1280,,,IC50,uM,UO_0000065,,22.4,22400.0,4.649751981665837
290,,,5190382,[],CHEMBL1663615,Antibiofilm activity in Salmonella Typhimurium ATCC 14028 assessed as inhibition of biofilm formation at 25 degC after 24 hrs,F,,,BAO_0000190,BAO_0000218,organism-based format,CCCCn1c(-c2ccc(F)cc2)cnc1N,,,CHEMBL1649413,J Med Chem,2011,,CHEMBL1649826,,CHEMBL1649826,4.25,0,http://www.openphacts.org/units/Nanomolar,1322104,=,1,1,=,,IC50,nM,,56200.0,CHEMBL351,Salmonella enterica subsp. enterica serovar Typhimurium,Salmonella typhimurium,90371,,,IC50,uM,UO_0000065,,56.2,56200.0,4.250263684430939
4409,,,18982263,[],CHEMBL4339393,Antibiofilm activity against Escherichia coli ATCC 25922 incubated for 24 hrs by crystal violet-staining based assay,F,,,BAO_0000179,BAO_0000218,organism-based format,Br.Cn1cc(-c2nn3cc(-c4ccc([N+](=O)[O-])cc4)nc3s2)c2cc(Br)ccc21,,,CHEMBL4339190,Eur J Med Chem,2019,,CHEMBL4456006,,CHEMBL4597938,,0,http://www.openphacts.org/units/Micromolar,3166590,=,1,0,=,,MBIC50,uM,,19.6,CHEMBL354,Escherichia coli,Escherichia coli,562,,,MBIC50,uM,UO_0000064,,19.6,19600.0,4.707743928643524
8185,,,24898419,"[{'comments': None, 'relation': '=', 'result_flag': 0, 'standard_relation': '=', 'standard_text_value': None, 'standard_type': 'TIME', 'standard_units': 'hr', 'standard_value': '24.0', 'text_value': None, 'type': 'Time', 'units': 'hrs', 'value': '24.0'}]",CHEMBL5159908,Antibiofilm activity against Salmonella typhimurium ATCC 14028 assessed as biofilm dispersal effect incubated for 24 hrs by crystal violet staining based spectrophotometry,F,,,BAO_0000188,BAO_0000218,organism-based format,CN(Cc1ccsc1)CC1CCN(Cc2cccc(F)c2F)CC1,Outside typical range,"Values for this activity type are unusually large/small, so may not be accurate",CHEMBL5154764,Eur J Med Chem,2022,,CHEMBL5173802,,CHEMBL5173802,,0,http://www.openphacts.org/units/Nanomolar,3891430,=,1,1,=,,EC50,nM,,870000.0,CHEMBL351,Salmonella enterica subsp. enterica serovar Typhimurium,Salmonella typhimurium,90371,,,EC50,uM,UO_0000065,,870.0,870000.0,3.0604807473813818
645,,,6304683,[],CHEMBL1815005,Antimicrobial activity against Salmonella Typhimurium ATCC 14028 assessed as inhibition of biofilm formation after 24 hrs by spectrophotometry,F,,,BAO_0000190,BAO_0000218,organism-based format,CCCCCCCCNc1ncc(-c2ccc(OC)cc2)[nH]1,Outside typical range,"Values for this activity type are unusually large/small, so may not be accurate",CHEMBL1811868,Bioorg Med Chem,2011,,CHEMBL1814258,,CHEMBL1814258,,0,http://www.openphacts.org/units/Nanomolar,1448802,=,1,1,=,,IC50,nM,,400000.0,CHEMBL351,Salmonella enterica subsp. enterica serovar Typhimurium,Salmonella typhimurium,90371,,,IC50,uM,UO_0000065,,400.0,400000.0,3.3979400086720375
3541,,,18570335,[],CHEMBL4220815,Antibiofilm activity against Staphylococcus aureus SH1000 after 48 hrs by crystal violet staining based assay,F,,,BAO_0000190,BAO_0000218,organism-based format,Nc1ncc(-c2ccc(Br)cc2)n1CCCCCCCn1c(-c2ccc(Br)cc2)cnc1N,,,CHEMBL4219072,Bioorg Med Chem,2018,,CHEMBL4227415,,CHEMBL4227415,5.26,0,http://www.openphacts.org/units/Nanomolar,3083432,=,1,1,=,,IC50,nM,,5500.0,CHEMBL352,Staphylococcus aureus,Staphylococcus aureus,1280,,,IC50,uM,UO_0000065,,5.5,5500.0,5.259637310505756
8823,,,25575442,"[{'comments': None, 'relation': '=', 'result_flag': 0, 'standard_relation': '=', 'standard_text_value': None, 'standard_type': 'TIME', 'standard_units': 'hr', 'standard_value': '24.0', 'text_value': None, 'type': 'TIME', 'units': 'hrs', 'value': '24.0'}]",CHEMBL5352620,Antibiofilm activity against Staphylococcus aureus ATCC 25923 after 24 hrs by crystal violet staining based assay,F,,,BAO_0000190,BAO_0000218,organism-based format,COCCn1cc(-c2nc(-c3cn(C)c4ncccc34)cs2)c2cc(F)ccc21,,,CHEMBL5352385,Eur J Med Chem,2022,,CHEMBL5415525,,CHEMBL5415525,6.4,0,http://www.openphacts.org/units/Nanomolar,3981690,=,1,1,=,,IC50,nM,,400.0,CHEMBL352,Staphylococcus aureus,Staphylococcus aureus,1280,,,IC50,uM,UO_0000065,,0.4,400.0,6.3979400086720375
6065,,,22446295,[],CHEMBL4679608,Antibiofilm activity against Streptococcus mutans UA159 assessed as inhibition of biofilm formation by serial dilution method,F,,,BAO_0000190,BAO_0000218,organism-based format,COC(=O)c1ccc(NC(=O)c2cnc3ccccc3c2)cc1,,,CHEMBL4673385,ACS Med Chem Lett,2021,,CHEMBL4785710,,CHEMBL4785710,4.04,0,http://www.openphacts.org/units/Nanomolar,3517928,=,1,1,=,,IC50,nM,,92300.0,CHEMBL612426,Streptococcus mutans,Streptococcus mutans,1309,,,IC50,uM,UO_0000065,,92.3,92300.0,4.034798298974088
159,,,3469097,[],CHEMBL1252263,Antimicrobial activity against Salmonella Typhimurium ATCC 14028 assessed as inhibition of biofilm formation after 48 hrs using crystal violet staining by microtiter plate assay,F,,,BAO_0000190,BAO_0000218,organism-based format,CCC1=CC(=C(Br)Br)OC1=O,Outside typical range,"Values for this activity type are unusually large/small, so may not be accurate",CHEMBL1250426,Bioorg Med Chem,2010,,CHEMBL1253276,,CHEMBL1253276,,0,http://www.openphacts.org/units/Nanomolar,955111,=,1,1,=,,IC50,nM,,199900.0,CHEMBL351,Salmonella enterica subsp. enterica serovar Typhimurium,Salmonella typhimurium,90371,,,IC50,uM,UO_0000065,,199.9,199900.0,3.6991872058818833
2029,,,15178577,[],CHEMBL3405141,Antimicrobial activity against Bacillus subtilis MTCC 121 assessed as inhibition of biofilm formation after 24 hrs,F,,,BAO_0000190,BAO_0000218,organism-based format,O=c1cc(CO)oc(C2C=C(c3ccc4c(c3)OCO4)Oc3ccccc32)c1O,,,CHEMBL3400018,Bioorg Med Chem Lett,2015,,CHEMBL3402107,,CHEMBL3402107,,0,http://www.openphacts.org/units/MicrogramPerMilliliter,2283221,=,1,1,=,,IC50,ug.mL-1,,8.1,CHEMBL359,Bacillus subtilis,Bacillus subtilis,1423,,,IC50,ug ml-1,UO_0000274,,8.1,20644.14840339175,4.685203027603322
2777,,,16819057,[],CHEMBL3872386,Antibiofilm activity against Staphylococcus aureus ATCC 25923 after 24 hrs by crystal-violet stain based assay,F,,,BAO_0000190,BAO_0000019,assay format,CCOC(=O)c1cn[nH]c1N,Outside typical range,"Values for this activity type are unusually large/small, so may not be accurate",CHEMBL3872202,Eur J Med Chem,2016,,CHEMBL507899,,CHEMBL507899,,0,http://www.openphacts.org/units/Nanomolar,2812681,=,1,1,=,,IC50,nM,,213000.0,CHEMBL352,Staphylococcus aureus,Staphylococcus aureus,1280,,,IC50,uM,UO_0000065,,213.0,213000.0,3.671620396561262
661,,,6304699,[],CHEMBL1815005,Antimicrobial activity against Salmonella Typhimurium ATCC 14028 assessed as inhibition of biofilm formation after 24 hrs by spectrophotometry,F,,,BAO_0000190,BAO_0000218,organism-based format,CCNc1ncc(-c2ccc([N+](=O)[O-])cc2)[nH]1,Outside typical range,"Values for this activity type are unusually large/small, so may not be accurate",CHEMBL1811868,Bioorg Med Chem,2011,,CHEMBL1814245,,CHEMBL1814245,,0,http://www.openphacts.org/units/Nanomolar,1448786,=,1,1,=,,IC50,nM,,171300.0,CHEMBL351,Salmonella enterica subsp. enterica serovar Typhimurium,Salmonella typhimurium,90371,,,IC50,uM,UO_0000065,,171.3,171300.0,3.7662426370344892
4338,,,18982192,[],CHEMBL4339390,Antibiofilm activity against Staphylococcus aureus ATCC 6538 incubated for 24 hrs by crystal violet-staining based assay,F,,,BAO_0000179,BAO_0000218,organism-based format,Br.COc1ccc(OC)c(-c2cn3nc(-c4cn(C)c5ccc(Br)cc45)sc3n2)c1,,,CHEMBL4339190,Eur J Med Chem,2019,,CHEMBL4439509,,CHEMBL4595437,,0,http://www.openphacts.org/units/Micromolar,3166588,=,1,0,=,,MBIC50,uM,,8.9,CHEMBL352,Staphylococcus aureus,Staphylococcus aureus,1280,,,MBIC50,uM,UO_0000064,,8.9,8900.0,5.050609993355087
3381,,,18570175,[],CHEMBL4220812,Antibiofilm activity against Salmonella typhimurium ATCC 14028 after 24 hrs by crystal violet staining based assay,F,,,BAO_0000190,BAO_0000218,organism-based format,Nc1ncc(-c2ccc(F)cc2)n1CCCn1c(-c2ccc(F)cc2)cnc1N,,,CHEMBL4219072,Bioorg Med Chem,2018,,CHEMBL4227991,,CHEMBL4227991,5.13,0,http://www.openphacts.org/units/Nanomolar,3083422,=,1,1,=,,IC50,nM,,7400.0,CHEMBL351,Salmonella enterica subsp. enterica serovar Typhimurium,Salmonella typhimurium,90371,,,IC50,uM,UO_0000065,,7.4,7400.0,5.130768280269024
2032,,,15178580,[],CHEMBL3405142,Antimicrobial activity against Escherichia coli MTCC 739 assessed as inhibition of biofilm formation after 24 hrs,F,,,BAO_0000190,BAO_0000218,organism-based format,O=c1cc(CO)oc(C2C=C(c3ccccc3)Oc3ccccc32)c1O,,,CHEMBL3400018,Bioorg Med Chem Lett,2015,,CHEMBL3402101,,CHEMBL3402101,,0,http://www.openphacts.org/units/MicrogramPerMilliliter,2283215,=,1,1,=,,IC50,ug.mL-1,,5.2,CHEMBL354,Escherichia coli,Escherichia coli,562,,,IC50,ug ml-1,UO_0000274,,5.2,14927.344023608166,4.8260174580822195
8176,,,24898410,"[{'comments': None, 'relation': '=', 'result_flag': 0, 'standard_relation': '=', 'standard_text_value': None, 'standard_type': 'TIME', 'standard_units': 'hr', 'standard_value': '24.0', 'text_value': None, 'type': 'Time', 'units': 'hrs', 'value': '24.0'}]",CHEMBL5159908,Antibiofilm activity against Salmonella typhimurium ATCC 14028 assessed as biofilm dispersal effect incubated for 24 hrs by crystal violet staining based spectrophotometry,F,,,BAO_0000188,BAO_0000218,organism-based format,CN(Cc1ccsc1)CC1CCN(Cc2cccc(Br)c2)CC1,Outside typical range,"Values for this activity type are unusually large/small, so may not be accurate",CHEMBL5154764,Eur J Med Chem,2022,,CHEMBL5203738,,CHEMBL5203738,,0,http://www.openphacts.org/units/Nanomolar,3891419,=,1,1,=,,EC50,nM,,142000.0,CHEMBL351,Salmonella enterica subsp. enterica serovar Typhimurium,Salmonella typhimurium,90371,,,EC50,uM,UO_0000065,,142.0,142000.0,3.8477116556169433
1134,,,13840643,[],CHEMBL3095560,Antibiofilm activity against Klebsiella planticola MTCC 530 after 24 hrs by crystal violet assay,F,,,BAO_0000190,BAO_0000218,organism-based format,O=C(NCc1cn(Cc2cccc([N+](=O)[O-])c2)nn1)c1ccc([N+](=O)[O-])o1,,,CHEMBL3091424,Bioorg Med Chem Lett,2013,,CHEMBL3093115,,CHEMBL3093115,,0,http://www.openphacts.org/units/MicrogramPerMilliliter,1953075,=,1,1,=,,IC50,ug.mL-1,,14.5,CHEMBL613271,Raoultella planticola,Raoultella planticola,575,,,IC50,ug ml-1,UO_0000274,,14.5,38947.39952242429,4.409521534416683
5985,,,22444704,"[{'comments': None, 'relation': '=', 'result_flag': 0, 'standard_relation': '=', 'standard_text_value': None, 'standard_type': 'TIME', 'standard_units': 'hr', 'standard_value': '24.0', 'text_value': None, 'type': 'Time', 'units': 'hrs', 'value': '24.0'}]",CHEMBL4679317,Inhibition of biofilm formation in Bacillus subtilis MTCC 121 incubated for 24 hrs by crystal violet staining based microtiter plate method,F,,,BAO_0000190,BAO_0000218,organism-based format,COc1ccc(-n2cc(COc3ccc(/C=N/Nc4nc(-c5cc6cc(Br)cc(Br)c6oc5=O)cs4)cc3)nn2)cc1,,,CHEMBL4673372,Bioorg Med Chem Lett,2021,,CHEMBL4788796,,CHEMBL4788796,4.37,0,http://www.openphacts.org/units/Nanomolar,3517649,=,1,1,=,,IC50,nM,,42600.0,CHEMBL359,Bacillus subtilis,Bacillus subtilis,1423,,,IC50,uM,UO_0000065,,42.6,42600.0,4.370590400897281
3390,,,18570184,[],CHEMBL4220812,Antibiofilm activity against Salmonella typhimurium ATCC 14028 after 24 hrs by crystal violet staining based assay,F,,,BAO_0000190,BAO_0000218,organism-based format,Nc1ncc(-c2ccc(Br)cc2)n1CCCCCCn1c(-c2ccc(Br)cc2)cnc1N,,,CHEMBL4219072,Bioorg Med Chem,2018,,CHEMBL4228520,,CHEMBL4228520,5.08,0,http://www.openphacts.org/units/Nanomolar,3083433,=,1,1,=,,IC50,nM,,8400.0,CHEMBL351,Salmonella enterica subsp. enterica serovar Typhimurium,Salmonella typhimurium,90371,,,IC50,uM,UO_0000065,,8.4,8400.0,5.075720713938118
360,,,5190611,[],CHEMBL1663695,Antibiofilm activity in Salmonella Typhimurium ATCC 14028 assessed as inhibition of biofilm formation at 37 degC after 24 hrs,F,,,BAO_0000190,BAO_0000218,organism-based format,Nc1ncc(-c2ccc([N+](=O)[O-])cc2)[nH]1,Outside typical range,"Values for this activity type are unusually large/small, so may not be accurate",CHEMBL1649413,J Med Chem,2011,,CHEMBL1649774,,CHEMBL1649774,,0,http://www.openphacts.org/units/Nanomolar,1322050,=,1,1,=,,IC50,nM,,395700.0,CHEMBL351,Salmonella enterica subsp. enterica serovar Typhimurium,Salmonella typhimurium,90371,,,IC50,uM,UO_0000065,,395.7,395700.0,3.402633949733972
175,,,3469113,[],CHEMBL1252263,Antimicrobial activity against Salmonella Typhimurium ATCC 14028 assessed as inhibition of biofilm formation after 48 hrs using crystal violet staining by microtiter plate assay,F,,,BAO_0000190,BAO_0000218,organism-based format,CCCC(OC(C)=O)C1=C(Br)/C(=C/Br)OC1=O,Outside typical range,"Values for this activity type are unusually large/small, so may not be accurate",CHEMBL1250426,Bioorg Med Chem,2010,,CHEMBL1253386,,CHEMBL1253386,,0,http://www.openphacts.org/units/Nanomolar,955272,=,1,1,=,,IC50,nM,,131600.0,CHEMBL351,Salmonella enterica subsp. enterica serovar Typhimurium,Salmonella typhimurium,90371,,,IC50,uM,UO_0000065,,131.6,131600.0,3.8807441107220635
1674,,,14534681,[],CHEMBL3223733,Inhibition of biofilm formation in Staphylococcus aureus 29213 after 24 hrs by crystal violet staining-based assay,F,,,BAO_0000190,BAO_0000218,organism-based format,CCCCCCc1ccc(C(=O)NCCn2cc(C[C@@]34CCN[C@@H]3Nc3ccccc34)nn2)cc1,,,CHEMBL3217512,Medchemcomm,2013,,CHEMBL3219746,,CHEMBL3219746,4.9,0,http://www.openphacts.org/units/Nanomolar,2074657,=,1,1,=,,IC50,nM,,12500.0,CHEMBL352,Staphylococcus aureus,Staphylococcus aureus,1280,,,IC50,uM,UO_0000065,,12.5,12500.0,4.903089986991944
1766,,,14667366,[],CHEMBL3268492,Antimicrobial activity against Streptococcus mutans 240 assessed as inhibition of biofilm formation after 48 hrs by crystal violet staining-based spectrophotometry,F,,,BAO_0000179,BAO_0000218,organism-based format,Nc1nc(/C=C/CNC(=O)c2cc3cc(F)ccc3[nH]2)c[nH]1,,,CHEMBL3259692,Bioorg Med Chem Lett,2014,,CHEMBL3261431,,CHEMBL3261431,,0,http://www.openphacts.org/units/Micromolar,2099965,=,1,0,=,,MBIC50,uM,,60.0,CHEMBL612426,Streptococcus mutans,Streptococcus mutans,1309,,,MBIC50,uM,UO_0000064,,60.0,60000.0,4.221848749616356
8116,,,24898350,"[{'comments': None, 'relation': '=', 'result_flag': 0, 'standard_relation': '=', 'standard_text_value': None, 'standard_type': 'TIME', 'standard_units': 'hr', 'standard_value': '24.0', 'text_value': None, 'type': 'Time', 'units': 'hrs', 'value': '24.0'}]",CHEMBL5159907,Antibiofilm activity against Salmonella typhimurium ATCC 14028 assessed as inhibition of biofilm formation incubated for 24 hrs by crystal violet staining based spectrophotometry,F,,,BAO_0000190,BAO_0000218,organism-based format,CN(Cc1ccsc1)CC1CCN(CCc2cccc(Cl)c2Cl)CC1,,,CHEMBL5154764,Eur J Med Chem,2022,,CHEMBL5208628,,CHEMBL5208628,6.31,0,http://www.openphacts.org/units/Nanomolar,3891412,=,1,1,=,,IC50,nM,,490.0,CHEMBL351,Salmonella enterica subsp. enterica serovar Typhimurium,Salmonella typhimurium,90371,,,IC50,uM,UO_0000065,,0.49,490.0,6.309803919971486
2827,,,16819160,[],CHEMBL3872395,Antibiofilm activity against Staphylococcus aureus ATCC 29213 after 24 hrs by safranin staining based assay,F,,,BAO_0000190,BAO_0000019,assay format,CCOC(=O)/C(=N/Nc1ccccc1F)C(=O)c1cc(C)nn1CC,,,CHEMBL3872202,Eur J Med Chem,2016,,CHEMBL3979640,,CHEMBL3979640,4.89,0,http://www.openphacts.org/units/Nanomolar,2812695,=,1,1,=,,IC50,nM,,13000.0,CHEMBL352,Staphylococcus aureus,Staphylococcus aureus,1280,,,IC50,uM,UO_0000065,,13.0,13000.0,4.886056647693163
1047,,,12675064,[],CHEMBL2344064,Antibacterial activity against methicillin-resistant Staphylococcus aureus ATCC BAA-44 assessed as inhibition of biofilm growth after 24 hrs by crystal violet reporter assay,F,,,BAO_0000190,BAO_0000218,organism-based format,CCCCCc1ccc(C(=O)NCCn2cc(CCCCCc3cn(CCCCC)c(N)n3)nn2)cc1.Cl,,,CHEMBL2331213,Eur J Med Chem,2013,,CHEMBL2332800,,CHEMBL2365702,5.38,0,http://www.openphacts.org/units/Nanomolar,1866607,=,1,1,=,,IC50,nM,,4140.0,CHEMBL352,Staphylococcus aureus,Staphylococcus aureus,1280,,,IC50,uM,UO_0000065,,4.14,4140.0,5.3829996588791005
2774,,,16819054,[],CHEMBL3872386,Antibiofilm activity against Staphylococcus aureus ATCC 25923 after 24 hrs by crystal-violet stain based assay,F,,,BAO_0000190,BAO_0000019,assay format,CCOC(=O)c1cnn(-c2ccccn2)c1N,Outside typical range,"Values for this activity type are unusually large/small, so may not be accurate",CHEMBL3872202,Eur J Med Chem,2016,,CHEMBL1348548,,CHEMBL1348548,,0,http://www.openphacts.org/units/Nanomolar,2812678,=,1,1,=,,IC50,nM,,102000.0,CHEMBL352,Staphylococcus aureus,Staphylococcus aureus,1280,,,IC50,uM,UO_0000065,,102.0,102000.0,3.991399828238082
6053,,,22446283,[],CHEMBL4679608,Antibiofilm activity against Streptococcus mutans UA159 assessed as inhibition of biofilm formation by serial dilution method,F,,,BAO_0000190,BAO_0000218,organism-based format,NCc1ccccc1NC(=O)c1ccc2ccccc2n1,Outside typical range,"Values for this activity type are unusually large/small, so may not be accurate",CHEMBL4673385,ACS Med Chem Lett,2021,,CHEMBL4750192,,CHEMBL4750192,,0,http://www.openphacts.org/units/Nanomolar,3517940,=,1,1,=,,IC50,nM,,202100.0,CHEMBL612426,Streptococcus mutans,Streptococcus mutans,1309,,,IC50,uM,UO_0000065,,202.1,202100.0,3.694433686484696
5400,,,19241870,[],CHEMBL4399782,Antibiofilm activity against Klebsiella planticola MTCC 530 assessed as inhibition of biofilm formation by crystal violet staining-based microtitre plate assay,F,,,BAO_0000190,BAO_0000218,organism-based format,O=C(c1cn(-c2ccc(F)cc2Br)nn1)c1c(-c2ccccc2)nc2sccn12,,,CHEMBL4396937,Bioorg Med Chem Lett,2019,,CHEMBL4438816,,CHEMBL4438816,,0,http://www.openphacts.org/units/MicrogramPerMilliliter,3211946,=,1,1,=,,IC50,ug.mL-1,,17.3,CHEMBL613271,Raoultella planticola,Raoultella planticola,575,,,IC50,ug ml-1,UO_0000274,,17.3,36941.26339120797,4.432488255770506
5000,,,19127347,[],CHEMBL4374185,Antibiofilm activity against Mycobacterium smegmatis str. MC2 155 ATCC 700084 after 48 hrs by crystal violet staining based reporter assay,F,,,BAO_0000190,BAO_0000218,organism-based format,Cl.Nc1ncc2cc(NC(=O)c3ccccc3)ccc2n1,,,CHEMBL4373648,Medchemcomm,2019,,CHEMBL4575940,,CHEMBL4598305,4.47,0,http://www.openphacts.org/units/Nanomolar,3192240,=,1,1,=,,IC50,nM,,34000.0,CHEMBL613088,Mycolicibacterium smegmatis,Mycolicibacterium smegmatis,1772,,,IC50,uM,UO_0000065,,34.0,34000.0,4.468521082957745
9358,,,25722577,"[{'comments': None, 'relation': '=', 'result_flag': 0, 'standard_relation': '=', 'standard_text_value': None, 'standard_type': 'DOSE_Lower', 'standard_units': 'microg/ml', 'standard_value': '1.56', 'text_value': None, 'type': 'DOSE_Lower', 'units': 'microg/ml', 'value': '1.56'}, {'comments': None, 'relation': '=', 'result_flag': 0, 'standard_relation': '=', 'standard_text_value': None, 'standard_type': 'DOSE_Upper', 'standard_units': 'microg/ml', 'standard_value': '100.0', 'text_value': None, 'type': 'DOSE_Upper', 'units': 'microg/ml', 'value': '100.0'}, {'comments': None, 'relation': '=', 'result_flag': 0, 'standard_relation': '=', 'standard_text_value': None, 'standard_type': 'TIME', 'standard_units': 'hr', 'standard_value': '24.0', 'text_value': None, 'type': 'TIME', 'units': 'hrs', 'value': '24.0'}]",CHEMBL5391156,Antibiofilm activity against methicillin-susceptible Staphylococcus aureus ATCC 29213 assessed as inhibition of biofilm formation incubated for 24 hrs by crystal violet staining based analysis,F,,,BAO_0000179,BAO_0000218,organism-based format,CC1(C)C(c2cnc3c4ccccc4nn3c2)=Nc2c1ccc1ccccc21,,,CHEMBL5390226,Bioorg Med Chem,2023,,CHEMBL5427610,,CHEMBL5427610,,0,http://www.openphacts.org/units/MicrogramPerMilliliter,4010185,=,1,0,=,,MBIC50,ug ml-1,,25.0,CHEMBL352,Staphylococcus aureus,Staphylococcus aureus,1280,,,MBIC50,ug ml-1,UO_0000274,,25.0,68977.69537242435,4.161291320026024
5992,,,22444711,"[{'comments': None, 'relation': '=', 'result_flag': 0, 'standard_relation': '=', 'standard_text_value': None, 'standard_type': 'TIME', 'standard_units': 'hr', 'standard_value': '24.0', 'text_value': None, 'type': 'Time', 'units': 'hrs', 'value': '24.0'}]",CHEMBL4679317,Inhibition of biofilm formation in Bacillus subtilis MTCC 121 incubated for 24 hrs by crystal violet staining based microtiter plate method,F,,,BAO_0000190,BAO_0000218,organism-based format,COc1ccc(-n2cc(COc3ccc(/C=N/Nc4nc(-c5cc6c(ccc7ccccc76)oc5=O)cs4)cc3)nn2)cc1,,,CHEMBL4673372,Bioorg Med Chem Lett,2021,,CHEMBL4753788,,CHEMBL4753788,4.43,0,http://www.openphacts.org/units/Nanomolar,3517642,=,1,1,=,,IC50,nM,,37500.0,CHEMBL359,Bacillus subtilis,Bacillus subtilis,1423,,,IC50,uM,UO_0000065,,37.5,37500.0,4.425968732272281
1129,,,13840638,[],CHEMBL3095560,Antibiofilm activity against Klebsiella planticola MTCC 530 after 24 hrs by crystal violet assay,F,,,BAO_0000190,BAO_0000218,organism-based format,COc1ccc(Cn2cc(CNC(=O)c3ccc([N+](=O)[O-])o3)nn2)cc1,,,CHEMBL3091424,Bioorg Med Chem Lett,2013,,CHEMBL3093120,,CHEMBL3093120,,0,http://www.openphacts.org/units/MicrogramPerMilliliter,1953080,=,1,1,=,,IC50,ug.mL-1,,24.0,CHEMBL613271,Raoultella planticola,Raoultella planticola,575,,,IC50,ug ml-1,UO_0000274,,24.0,67165.5575021129,4.172853376074136
3236,,,18511425,[],CHEMBL4191874,Antibiofilm activity against Staphylococcus aureus SH1000 after 48 hrs by crystal violet staining based method,F,,,BAO_0000179,BAO_0000218,organism-based format,CCCCCCc1nc(N)n(CC(=O)Nc2ccccc2)c1-c1ccccc1Br,,,CHEMBL4190235,Eur J Med Chem,2017,,CHEMBL4204831,,CHEMBL4204831,,0,http://www.openphacts.org/units/Micromolar,3073300,=,1,0,=,,MBIC50,uM,,6.6,CHEMBL352,Staphylococcus aureus,Staphylococcus aureus,1280,,,MBIC50,uM,UO_0000064,,6.6,6600.0,5.180456064458131
321,,,5190413,[],CHEMBL1663615,Antibiofilm activity in Salmonella Typhimurium ATCC 14028 assessed as inhibition of biofilm formation at 25 degC after 24 hrs,F,,,BAO_0000190,BAO_0000218,organism-based format,Nc1ncc(-c2ccc(Cl)cc2)n1C1CCCCCCC1,,,CHEMBL1649413,J Med Chem,2011,,CHEMBL1649857,,CHEMBL1649857,4.89,0,http://www.openphacts.org/units/Nanomolar,1322135,=,1,1,=,,IC50,nM,,12900.0,CHEMBL351,Salmonella enterica subsp. enterica serovar Typhimurium,Salmonella typhimurium,90371,,,IC50,uM,UO_0000065,,12.9,12900.0,4.889410289700751
577,,,6152592,[],CHEMBL1763327,Antibacterial activity against Escherichia coli UTI89 assessed as inhibition of biofilm formation after 24 hrs,F,,,BAO_0000188,BAO_0000218,organism-based format,O=C(O)[C@@H]1CSc2c(-c3cccc(C(F)(F)F)c3)c(Cc3ccc4[nH]ccc4c3)cc(=O)n21,,,CHEMBL1759904,Eur J Med Chem,2011,,CHEMBL1761551,,CHEMBL1761551,4.52,0,http://www.openphacts.org/units/Nanomolar,1413765,=,1,1,=,,EC50,nM,,30000.0,CHEMBL354,Escherichia coli,Escherichia coli,562,,,EC50,uM,UO_0000065,,30.0,30000.0,4.522878745280337
794,,,6306956,[],CHEMBL1815005,Antimicrobial activity against Salmonella Typhimurium ATCC 14028 assessed as inhibition of biofilm formation after 24 hrs by spectrophotometry,F,,,BAO_0000190,BAO_0000218,organism-based format,CCN1c2nccc[n+]2C[C@@]1(O)c1ccc([N+](=O)[O-])cc1.[Br-],Outside typical range,"Values for this activity type are unusually large/small, so may not be accurate",CHEMBL1811868,Bioorg Med Chem,2011,,CHEMBL1814028,,CHEMBL1851681,,0,http://www.openphacts.org/units/Nanomolar,1448534,=,1,1,=,,IC50,nM,,578800.0,CHEMBL351,Salmonella enterica subsp. enterica serovar Typhimurium,Salmonella typhimurium,90371,,,IC50,uM,UO_0000065,,578.8,578800.0,3.237471477553
3546,,,18570340,[],CHEMBL4220815,Antibiofilm activity against Staphylococcus aureus SH1000 after 48 hrs by crystal violet staining based assay,F,,,BAO_0000190,BAO_0000218,organism-based format,c1ccc(-c2cnc(NCCCCCCCCNc3ncc(-c4ccccc4)[nH]3)[nH]2)cc1,Outside typical range,"Values for this activity type are unusually large/small, so may not be accurate",CHEMBL4219072,Bioorg Med Chem,2018,,CHEMBL4225897,,CHEMBL4225897,,0,http://www.openphacts.org/units/Nanomolar,3083437,=,1,1,=,,IC50,nM,,300000.0,CHEMBL352,Staphylococcus aureus,Staphylococcus aureus,1280,,,IC50,uM,UO_0000065,,300.0,300000.0,3.5228787452803374
586,,,6303259,[],CHEMBL1815005,Antimicrobial activity against Salmonella Typhimurium ATCC 14028 assessed as inhibition of biofilm formation after 24 hrs by spectrophotometry,F,,,BAO_0000190,BAO_0000218,organism-based format,COc1cccc(CNc2ncc(-c3ccc([N+](=O)[O-])cc3)[nH]2)c1,,,CHEMBL1811868,Bioorg Med Chem,2011,,CHEMBL1814379,,CHEMBL1814379,4.72,0,http://www.openphacts.org/units/Nanomolar,1448976,=,1,1,=,,IC50,nM,,19070.0,CHEMBL351,Salmonella enterica subsp. enterica serovar Typhimurium,Salmonella typhimurium,90371,,,IC50,uM,UO_0000065,,19.07,19070.0,4.719649306953994
3509,,,18570303,[],CHEMBL4220814,Antibiofilm activity against Escherichia coli TG1 after 24 hrs by crystal violet staining based assay,F,,,BAO_0000190,BAO_0000218,organism-based format,Clc1ccc(-c2cnc(NCCCCCNc3ncc(-c4ccc(Cl)cc4)[nH]3)[nH]2)cc1,,,CHEMBL4219072,Bioorg Med Chem,2018,,CHEMBL4228995,,CHEMBL4228995,4.92,0,http://www.openphacts.org/units/Nanomolar,3083452,=,1,1,=,,IC50,nM,,12000.0,CHEMBL354,Escherichia coli,Escherichia coli,562,,,IC50,uM,UO_0000065,,12.0,12000.0,4.920818753952375
3733,,,18730806,[],CHEMBL4260145,Antibiofilm activity against Salmonella typhimurium ATCC 14028 after 24 hrs by crystal violet staining based assay,F,,,BAO_0000190,BAO_0000218,organism-based format,CCCCCCCCCC(=O)Nc1ccc2c(c1)nc(N)n2CCCc1ccccc1.Cl,,,CHEMBL4257552,Medchemcomm,2018,,CHEMBL4285401,,CHEMBL4300228,5.0,0,http://www.openphacts.org/units/Nanomolar,3111844,=,1,1,=,,IC50,nM,,10000.0,CHEMBL351,Salmonella enterica subsp. enterica serovar Typhimurium,Salmonella typhimurium,90371,,,IC50,uM,UO_0000065,15.0,10.0,10000.0,5.0
1903,,,15087758,[],CHEMBL3388394,Inhibition of biofilm formation in methicillin-resistant Staphylococcus aureus MTCC 96 after 36 hr incubation by tissue culture plate method,F,,,BAO_0000190,BAO_0000218,organism-based format,O=C(O)CCC(=O)Nc1ccc(-c2nc3cc(F)ccc3[nH]2)cc1,,,CHEMBL3352166,Bioorg Med Chem,2014,,CHEMBL3344010,,CHEMBL3344010,4.08,0,http://www.openphacts.org/units/Nanomolar,2266623,=,1,1,=,,IC50,nM,,82700.0,CHEMBL352,Staphylococcus aureus,Staphylococcus aureus,1280,,,IC50,uM,UO_0000065,,82.7,82700.0,4.082494490447453
4297,,,18982151,[],CHEMBL4339389,Antibiofilm activity against Staphylococcus aureus ATCC 25923 incubated for 24 hrs by crystal violet-staining based assay,F,,,BAO_0000179,BAO_0000218,organism-based format,Br.COc1cccc(-c2cn3nc(-c4c[nH]c5ccccc45)sc3n2)c1,,,CHEMBL4339190,Eur J Med Chem,2019,,CHEMBL4463225,,CHEMBL4596144,,0,http://www.openphacts.org/units/Micromolar,3166575,=,1,0,=,,MBIC50,uM,,80.2,CHEMBL352,Staphylococcus aureus,Staphylococcus aureus,1280,,,MBIC50,uM,UO_0000064,,80.2,80200.0,4.095825631715837
5399,,,19241869,[],CHEMBL4399782,Antibiofilm activity against Klebsiella planticola MTCC 530 assessed as inhibition of biofilm formation by crystal violet staining-based microtitre plate assay,F,,,BAO_0000190,BAO_0000218,organism-based format,O=C(c1cn(-c2ccc(Cl)cc2)nn1)c1c(-c2ccccc2)nc2sccn12,,,CHEMBL4396937,Bioorg Med Chem Lett,2019,,CHEMBL4471932,,CHEMBL4471932,,0,http://www.openphacts.org/units/MicrogramPerMilliliter,3211945,=,1,1,=,,IC50,ug.mL-1,,14.6,CHEMBL613271,Raoultella planticola,Raoultella planticola,575,,,IC50,ug ml-1,UO_0000274,,14.6,35972.10929608002,4.444034095715257
1931,,,15087786,[],CHEMBL3388394,Inhibition of biofilm formation in methicillin-resistant Staphylococcus aureus MTCC 96 after 36 hr incubation by tissue culture plate method,F,,,BAO_0000190,BAO_0000218,organism-based format,O=C(O)COCC(=O)Nc1ccc(-c2nc3cc(Cl)ccc3[nH]2)cc1,,,CHEMBL3352166,Bioorg Med Chem,2014,,CHEMBL3344038,,CHEMBL3344038,4.15,0,http://www.openphacts.org/units/Nanomolar,2266651,=,1,1,=,,IC50,nM,,71230.0,CHEMBL352,Staphylococcus aureus,Staphylococcus aureus,1280,,,IC50,uM,UO_0000065,,71.23,71230.0,4.147337055655431
5969,,,22444688,"[{'comments': None, 'relation': '=', 'result_flag': 0, 'standard_relation': '=', 'standard_text_value': None, 'standard_type': 'TIME', 'standard_units': 'hr', 'standard_value': '24.0', 'text_value': None, 'type': 'Time', 'units': 'hrs', 'value': '24.0'}]",CHEMBL4679315,Inhibition of biofilm formation in Klebsiella planticola MTCC 530 incubated for 24 hrs by crystal violet staining based microtiter plate method,F,,,BAO_0000190,BAO_0000218,organism-based format,COc1ccc(-n2cc(COc3ccc(/C=N/Nc4nc(-c5cc6ccccc6oc5=O)cs4)cc3)nn2)cc1,,,CHEMBL4673372,Bioorg Med Chem Lett,2021,,CHEMBL4756495,,CHEMBL4756495,4.45,0,http://www.openphacts.org/units/Nanomolar,3517641,=,1,1,=,,IC50,nM,,35700.0,CHEMBL613271,Raoultella planticola,Raoultella planticola,575,,,IC50,uM,UO_0000065,,35.7,35700.0,4.447331783887806
3944,,,18935639,[],CHEMBL4326949,Antibiofilm activity against methicillin-resistant Staphylococcus aureus,F,,,BAO_0000190,BAO_0000218,organism-based format,CCCCCCCCCCCCCCNC(=O)Cn1cc(C[C@@]23CNC[C@@H]2Nc2ccccc23)nn1,,,CHEMBL4325854,Eur J Med Chem,2019,,CHEMBL4445416,,CHEMBL4445416,5.27,0,http://www.openphacts.org/units/Nanomolar,3159054,=,1,1,=,,IC50,nM,,5400.0,CHEMBL352,Staphylococcus aureus,Staphylococcus aureus,1280,,,IC50,uM,UO_0000065,,5.4,5400.0,5.267606240177031
9152,,,25636804,"[{'comments': None, 'relation': '=', 'result_flag': 0, 'standard_relation': '=', 'standard_text_value': None, 'standard_type': 'TIME_Lower', 'standard_units': 'hrs', 'standard_value': '18.0', 'text_value': None, 'type': 'TIME_Lower', 'units': 'hrs', 'value': '18.0'}, {'comments': None, 'relation': '=', 'result_flag': 0, 'standard_relation': '=', 'standard_text_value': None, 'standard_type': 'TIME_Upper', 'standard_units': 'hrs', 'standard_value': '24.0', 'text_value': None, 'type': 'TIME_Upper', 'units': 'hrs', 'value': '24.0'}]",CHEMBL5367240,Antibiofilm activity against Staphylococcus aureus RN4220 incubated for 18 to 24 hrs by broth microdilution method,F,,,BAO_0000179,BAO_0000218,organism-based format,O=C(CCc1ccc(O)cc1)c1c(O)cc(O)cc1O[C@@H]1O[C@H](O)[C@@H](O)[C@H](O)[C@H]1O,,,CHEMBL5365456,Bioorg Med Chem,2023,,CHEMBL5426434,,CHEMBL5426434,,0,http://www.openphacts.org/units/MicrogramPerMilliliter,3994001,=,1,0,=,,MBIC50,ug ml-1,,16.0,CHEMBL352,Staphylococcus aureus,Staphylococcus aureus,1280,,,MBIC50,ug ml-1,UO_0000274,,16.0,37880.043372649656,4.421589532401298
3569,,,18570363,[],CHEMBL4220815,Antibiofilm activity against Staphylococcus aureus SH1000 after 48 hrs by crystal violet staining based assay,F,,,BAO_0000190,BAO_0000218,organism-based format,Brc1ccc(-c2cnc(NCCCNc3ncc(-c4ccc(Br)cc4)[nH]3)[nH]2)cc1,,,CHEMBL4219072,Bioorg Med Chem,2018,,CHEMBL4226291,,CHEMBL4226291,4.62,0,http://www.openphacts.org/units/Nanomolar,3083460,=,1,1,=,,IC50,nM,,24200.0,CHEMBL352,Staphylococcus aureus,Staphylococcus aureus,1280,,,IC50,uM,UO_0000065,,24.2,24200.0,4.616184634019569
667,,,6304705,[],CHEMBL1815005,Antimicrobial activity against Salmonella Typhimurium ATCC 14028 assessed as inhibition of biofilm formation after 24 hrs by spectrophotometry,F,,,BAO_0000190,BAO_0000218,organism-based format,CC(C)CNc1ncc(-c2ccc(Cl)cc2)[nH]1,,,CHEMBL1811868,Bioorg Med Chem,2011,,CHEMBL1814240,,CHEMBL1814240,5.7,0,http://www.openphacts.org/units/Nanomolar,1448780,=,1,1,=,,IC50,nM,,2000.0,CHEMBL351,Salmonella enterica subsp. enterica serovar Typhimurium,Salmonella typhimurium,90371,,,IC50,uM,UO_0000065,,2.0,2000.0,5.698970004336019
5014,,,19127361,[],CHEMBL4374185,Antibiofilm activity against Mycobacterium smegmatis str. MC2 155 ATCC 700084 after 48 hrs by crystal violet staining based reporter assay,F,,,BAO_0000190,BAO_0000218,organism-based format,Cl.Nc1ncc2cc(NC(=O)CCl)ccc2n1,,,CHEMBL4373648,Medchemcomm,2019,,CHEMBL4563931,,CHEMBL4597730,4.37,0,http://www.openphacts.org/units/Nanomolar,3192254,=,1,1,=,,IC50,nM,,43000.0,CHEMBL613088,Mycolicibacterium smegmatis,Mycolicibacterium smegmatis,1772,,,IC50,uM,UO_0000065,,43.0,43000.0,4.366531544420414
6224,,,22750712,"[{'comments': None, 'relation': '=', 'result_flag': 0, 'standard_relation': '=', 'standard_text_value': None, 'standard_type': 'TIME', 'standard_units': 'hr', 'standard_value': '24.0', 'text_value': None, 'type': 'Time', 'units': 'hrs', 'value': '24.0'}]",CHEMBL4699742,Antibiofilm activity against Mycobacterium smegmatis mc2 155 ATCC 700084 assessed as inhibition of biofilm formation measured after 24 hrs by crystal violet reporter assay,F,,,BAO_0000190,BAO_0000218,organism-based format,Nc1nccc(-c2c[nH]c3ccccc23)n1,,,CHEMBL4699393,RSC Med Chem,2020,,CHEMBL48082,,CHEMBL48082,4.53,0,http://www.openphacts.org/units/Nanomolar,3530918,=,1,1,=,,IC50,nM,,29500.0,CHEMBL613088,Mycolicibacterium smegmatis,Mycolicibacterium smegmatis,1772,,,IC50,uM,UO_0000065,,29.5,29500.0,4.530177984021837
4322,,,18982176,[],CHEMBL4339389,Antibiofilm activity against Staphylococcus aureus ATCC 25923 incubated for 24 hrs by crystal violet-staining based assay,F,,,BAO_0000179,BAO_0000218,organism-based format,FC(F)(F)c1ccc(-c2cn3nc(-c4c[nH]c5ccc(Br)cc45)sc3n2)cc1,,,CHEMBL4339190,Eur J Med Chem,2019,,CHEMBL4526917,,CHEMBL4526917,,0,http://www.openphacts.org/units/Micromolar,3166603,=,1,0,=,,MBIC50,uM,,16.8,CHEMBL352,Staphylococcus aureus,Staphylococcus aureus,1280,,,MBIC50,uM,UO_0000064,,16.8,16800.0,4.774690718274137
1044,,,12675061,[],CHEMBL2344064,Antibacterial activity against methicillin-resistant Staphylococcus aureus ATCC BAA-44 assessed as inhibition of biofilm growth after 24 hrs by crystal violet reporter assay,F,,,BAO_0000190,BAO_0000218,organism-based format,CCCCCc1ccc(C(=O)NCCn2cc(CCCCCc3cn(Cc4ccccc4)c(N)n3)nn2)cc1.Cl,,,CHEMBL2331213,Eur J Med Chem,2013,,CHEMBL2332797,,CHEMBL2365253,5.14,0,http://www.openphacts.org/units/Nanomolar,1866604,=,1,1,=,,IC50,nM,,7160.0,CHEMBL352,Staphylococcus aureus,Staphylococcus aureus,1280,,,IC50,uM,UO_0000065,,7.16,7160.0,5.145086977692144
3951,,,18935646,[],CHEMBL4326949,Antibiofilm activity against methicillin-resistant Staphylococcus aureus,F,,,BAO_0000188,BAO_0000218,organism-based format,CCCCOc1ccc(Br)c(/C=C(\C)Cn2cc(CCCCCc3c[nH]c(N)n3)nn2)c1F,,,CHEMBL4325854,Eur J Med Chem,2019,,CHEMBL4557209,,CHEMBL4557209,5.35,0,http://www.openphacts.org/units/Nanomolar,3159043,=,1,1,=,,EC50,nM,,4500.0,CHEMBL352,Staphylococcus aureus,Staphylococcus aureus,1280,,,EC50,uM,UO_0000065,9.8,4.5,4500.0,5.346787486224656
309,,,5190401,[],CHEMBL1663615,Antibiofilm activity in Salmonella Typhimurium ATCC 14028 assessed as inhibition of biofilm formation at 25 degC after 24 hrs,F,,,BAO_0000190,BAO_0000218,organism-based format,CCCCCCCCn1c(-c2cccc3ccccc23)cnc1N,,,CHEMBL1649413,J Med Chem,2011,,CHEMBL1649845,,CHEMBL1649845,5.18,0,http://www.openphacts.org/units/Nanomolar,1322123,=,1,1,=,,IC50,nM,,6600.0,CHEMBL351,Salmonella enterica subsp. enterica serovar Typhimurium,Salmonella typhimurium,90371,,,IC50,uM,UO_0000065,,6.6,6600.0,5.180456064458131
641,,,6304679,[],CHEMBL1815005,Antimicrobial activity against Salmonella Typhimurium ATCC 14028 assessed as inhibition of biofilm formation after 24 hrs by spectrophotometry,F,,,BAO_0000190,BAO_0000218,organism-based format,CNc1ncc(-c2ccc(F)c(F)c2)[nH]1,Outside typical range,"Values for this activity type are unusually large/small, so may not be accurate",CHEMBL1811868,Bioorg Med Chem,2011,,CHEMBL1814261,,CHEMBL1814261,,0,http://www.openphacts.org/units/Nanomolar,1448806,=,1,1,=,,IC50,nM,,601900.0,CHEMBL351,Salmonella enterica subsp. enterica serovar Typhimurium,Salmonella typhimurium,90371,,,IC50,uM,UO_0000065,,601.9,601900.0,3.2204756566752097
5003,,,19127350,[],CHEMBL4374185,Antibiofilm activity against Mycobacterium smegmatis str. MC2 155 ATCC 700084 after 48 hrs by crystal violet staining based reporter assay,F,,,BAO_0000190,BAO_0000218,organism-based format,CCCc1ccc(C(=O)Nc2ccc3nc(N)ncc3c2)cc1.Cl,,,CHEMBL4373648,Medchemcomm,2019,,CHEMBL4476363,,CHEMBL4598370,4.8,0,http://www.openphacts.org/units/Nanomolar,3192243,=,1,1,=,,IC50,nM,,16000.0,CHEMBL613088,Mycolicibacterium smegmatis,Mycolicibacterium smegmatis,1772,,,IC50,uM,UO_0000065,,16.0,16000.0,4.795880017344075
3514,,,18570308,[],CHEMBL4220814,Antibiofilm activity against Escherichia coli TG1 after 24 hrs by crystal violet staining based assay,F,,,BAO_0000190,BAO_0000218,organism-based format,Brc1ccc(-c2cnc(NCCCCCCNc3ncc(-c4ccc(Br)cc4)[nH]3)[nH]2)cc1,,,CHEMBL4219072,Bioorg Med Chem,2018,,CHEMBL4226912,,CHEMBL4226912,5.08,0,http://www.openphacts.org/units/Nanomolar,3083457,=,1,1,=,,IC50,nM,,8300.0,CHEMBL354,Escherichia coli,Escherichia coli,562,,,IC50,uM,UO_0000065,,8.3,8300.0,5.080921907623926
8152,,,24898386,"[{'comments': None, 'relation': '=', 'result_flag': 0, 'standard_relation': '=', 'standard_text_value': None, 'standard_type': 'TIME', 'standard_units': 'hr', 'standard_value': '24.0', 'text_value': None, 'type': 'Time', 'units': 'hrs', 'value': '24.0'}]",CHEMBL5159908,Antibiofilm activity against Salmonella typhimurium ATCC 14028 assessed as biofilm dispersal effect incubated for 24 hrs by crystal violet staining based spectrophotometry,F,,,BAO_0000188,BAO_0000218,organism-based format,CN(Cc1ccsc1)CC1CCN(CCc2cccc(F)c2)CC1,Outside typical range,"Values for this activity type are unusually large/small, so may not be accurate",CHEMBL5154764,Eur J Med Chem,2022,,CHEMBL5199030,,CHEMBL5199030,,0,http://www.openphacts.org/units/Nanomolar,3891390,=,1,1,=,,EC50,nM,,388000.0,CHEMBL351,Salmonella enterica subsp. enterica serovar Typhimurium,Salmonella typhimurium,90371,,,EC50,uM,UO_0000065,,388.0,388000.0,3.4111682744057923
1899,,,15087754,[],CHEMBL3388394,Inhibition of biofilm formation in methicillin-resistant Staphylococcus aureus MTCC 96 after 36 hr incubation by tissue culture plate method,F,,,BAO_0000190,BAO_0000218,organism-based format,O=C(O)CCC(=O)Nc1ccc(-c2nc3ccccc3[nH]2)cc1,,,CHEMBL3352166,Bioorg Med Chem,2014,,CHEMBL3344006,,CHEMBL3344006,4.05,0,http://www.openphacts.org/units/Nanomolar,2266619,=,1,1,=,,IC50,nM,,88310.0,CHEMBL352,Staphylococcus aureus,Staphylococcus aureus,1280,,,IC50,uM,UO_0000065,,88.31,88310.0,4.053990115234235
174,,,3469112,[],CHEMBL1252263,Antimicrobial activity against Salmonella Typhimurium ATCC 14028 assessed as inhibition of biofilm formation after 48 hrs using crystal violet staining by microtiter plate assay,F,,,BAO_0000190,BAO_0000218,organism-based format,CCCCCC(Br)C1=C(Br)/C(=C/Br)OC1=O,,,CHEMBL1250426,Bioorg Med Chem,2010,,CHEMBL1253385,,CHEMBL1253385,5.49,0,http://www.openphacts.org/units/Nanomolar,955271,=,1,1,=,,IC50,nM,,3235.0,CHEMBL351,Salmonella enterica subsp. enterica serovar Typhimurium,Salmonella typhimurium,90371,,,IC50,uM,UO_0000065,,3.235,3235.0,5.490125714995281
682,,,6305674,[],CHEMBL1815005,Antimicrobial activity against Salmonella Typhimurium ATCC 14028 assessed as inhibition of biofilm formation after 24 hrs by spectrophotometry,F,,,BAO_0000190,BAO_0000218,organism-based format,O[C@@]1(c2ccccc2)C[n+]2cccnc2N1Cc1ccccc1.[Br-],Outside typical range,"Values for this activity type are unusually large/small, so may not be accurate",CHEMBL1811868,Bioorg Med Chem,2011,,CHEMBL1814228,,CHEMBL1852738,,0,http://www.openphacts.org/units/Nanomolar,1448767,=,1,1,=,,IC50,nM,,211900.0,CHEMBL351,Salmonella enterica subsp. enterica serovar Typhimurium,Salmonella typhimurium,90371,,,IC50,uM,UO_0000065,,211.9,211900.0,3.673869043289205
5365,,,19241835,[],CHEMBL4399776,Antibiofilm activity against Bacillus subtilis MTCC 121 assessed as inhibition of biofilm formation by crystal violet staining-based microtitre plate assay,F,,,BAO_0000190,BAO_0000218,organism-based format,O=C(c1cn(-c2ccc(Br)cc2)nn1)c1c(-c2ccccc2)nc2sccn12,,,CHEMBL4396937,Bioorg Med Chem Lett,2019,,CHEMBL4483036,,CHEMBL4483036,,0,http://www.openphacts.org/units/MicrogramPerMilliliter,3211947,=,1,1,=,,IC50,ug.mL-1,,16.0,CHEMBL359,Bacillus subtilis,Bacillus subtilis,1423,,,IC50,ug ml-1,UO_0000274,,16.0,35530.21067194289,4.449402217408194
8144,,,24898378,"[{'comments': None, 'relation': '=', 'result_flag': 0, 'standard_relation': '=', 'standard_text_value': None, 'standard_type': 'TIME', 'standard_units': 'hr', 'standard_value': '24.0', 'text_value': None, 'type': 'Time', 'units': 'hrs', 'value': '24.0'}]",CHEMBL5159907,Antibiofilm activity against Salmonella typhimurium ATCC 14028 assessed as inhibition of biofilm formation incubated for 24 hrs by crystal violet staining based spectrophotometry,F,,,BAO_0000190,BAO_0000218,organism-based format,CN(Cc1ccsc1)CC1CCN(CCc2ccc(-c3ccccc3)cc2)CC1,,,CHEMBL5154764,Eur J Med Chem,2022,,CHEMBL5189478,,CHEMBL5189478,5.5,0,http://www.openphacts.org/units/Nanomolar,3891441,=,1,1,=,,IC50,nM,,3200.0,CHEMBL351,Salmonella enterica subsp. enterica serovar Typhimurium,Salmonella typhimurium,90371,,,IC50,uM,UO_0000065,,3.2,3200.0,5.494850021680094
3253,,,18511442,[],CHEMBL4191874,Antibiofilm activity against Staphylococcus aureus SH1000 after 48 hrs by crystal violet staining based method,F,,,BAO_0000179,BAO_0000218,organism-based format,COc1ccc(Cc2nc(N)n(CC(=O)Nc3ccc(C)cc3)c2-c2ccccc2Br)cc1,,,CHEMBL4190235,Eur J Med Chem,2017,,CHEMBL4203454,,CHEMBL4203454,,0,http://www.openphacts.org/units/Micromolar,3073317,=,1,0,=,,MBIC50,uM,,8.2,CHEMBL352,Staphylococcus aureus,Staphylococcus aureus,1280,,,MBIC50,uM,UO_0000064,,8.2,8200.0,5.086186147616284
6036,,,22446266,[],CHEMBL4679608,Antibiofilm activity against Streptococcus mutans UA159 assessed as inhibition of biofilm formation by serial dilution method,F,,,BAO_0000190,BAO_0000218,organism-based format,CC(C)(C)OC(=O)NCc1ccccc1NC(=O)c1cccc2ccccc12,Outside typical range,"Values for this activity type are unusually large/small, so may not be accurate",CHEMBL4673385,ACS Med Chem Lett,2021,,CHEMBL4746796,,CHEMBL4746796,,0,http://www.openphacts.org/units/Nanomolar,3517957,=,1,1,=,,IC50,nM,,195600.0,CHEMBL612426,Streptococcus mutans,Streptococcus mutans,1309,,,IC50,uM,UO_0000065,,195.6,195600.0,3.7086311495484177
6087,,,22446317,[],CHEMBL4679608,Antibiofilm activity against Streptococcus mutans UA159 assessed as inhibition of biofilm formation by serial dilution method,F,,,BAO_0000190,BAO_0000218,organism-based format,NC(=O)c1cccc(NC(=O)c2cc3ccccc3s2)c1,Outside typical range,"Values for this activity type are unusually large/small, so may not be accurate",CHEMBL4673385,ACS Med Chem Lett,2021,,CHEMBL4742848,,CHEMBL4742848,,0,http://www.openphacts.org/units/Nanomolar,3517906,=,1,1,=,,IC50,nM,,115900.0,CHEMBL612426,Streptococcus mutans,Streptococcus mutans,1309,,,IC50,uM,UO_0000065,,115.9,115900.0,3.935916564036404
1127,,,13840636,[],CHEMBL3095560,Antibiofilm activity against Klebsiella planticola MTCC 530 after 24 hrs by crystal violet assay,F,,,BAO_0000190,BAO_0000218,organism-based format,COc1ccc(Cn2cc(CNC(=O)c3ccc([N+](=O)[O-])o3)nn2)cc1F,,,CHEMBL3091424,Bioorg Med Chem Lett,2013,,CHEMBL3093122,,CHEMBL3093122,,0,http://www.openphacts.org/units/MicrogramPerMilliliter,1953082,=,1,1,=,,IC50,ug.mL-1,,9.8,CHEMBL613271,Raoultella planticola,Raoultella planticola,575,,,IC50,ug ml-1,UO_0000274,,9.8,26111.33018576345,4.583171003411752
1681,,,14541447,[],CHEMBL3227446,Antimicrobial activity against methicillin-resistant Staphylococcus aureus ATCC 43300 assessed as inhibition of biofilm formation after 24 hrs by crystal violet staining-based microscopy,F,,,BAO_0000190,BAO_0000218,organism-based format,CCCCCCCCn1c(N)nc2cc(NC(=O)c3ccc(CCCCC)cc3)ccc21.Cl,,,CHEMBL3217587,Medchemcomm,2012,,CHEMBL3218054,,CHEMBL3304153,5.03,0,http://www.openphacts.org/units/Nanomolar,2072398,=,1,1,=,,IC50,nM,,9300.0,CHEMBL352,Staphylococcus aureus,Staphylococcus aureus,1280,,,IC50,uM,UO_0000065,,9.3,9300.0,5.031517051446064
5794,,,22408036,"[{'comments': None, 'relation': '=', 'result_flag': 0, 'standard_relation': '=', 'standard_text_value': None, 'standard_type': 'TIME', 'standard_units': 'hr', 'standard_value': '24.0', 'text_value': None, 'type': 'Time', 'units': 'hrs', 'value': '24.0'}]",CHEMBL4670886,Inhibition of biofilm formation in methicillin-resistant Staphylococcus aureus ATCC 43300 incubated for 24 hrs by crystal violet staining based microtiter plate method,F,,,BAO_0000190,BAO_0000218,organism-based format,Nc1nc(-c2nc3ccccc3c(=O)[nH]2)cc(-c2cccs2)n1,,,CHEMBL4665809,Bioorg Med Chem Lett,2020,,CHEMBL4765194,,CHEMBL4765194,4.15,0,http://www.openphacts.org/units/Nanomolar,3510938,=,1,1,=,,IC50,nM,,71000.0,CHEMBL352,Staphylococcus aureus,Staphylococcus aureus,1280,,,IC50,uM,UO_0000065,,71.0,71000.0,4.1487416512809245
6228,,,22750716,"[{'comments': None, 'relation': '=', 'result_flag': 0, 'standard_relation': '=', 'standard_text_value': None, 'standard_type': 'TIME', 'standard_units': 'hr', 'standard_value': '24.0', 'text_value': None, 'type': 'Time', 'units': 'hrs', 'value': '24.0'}]",CHEMBL4699742,Antibiofilm activity against Mycobacterium smegmatis mc2 155 ATCC 700084 assessed as inhibition of biofilm formation measured after 24 hrs by crystal violet reporter assay,F,,,BAO_0000190,BAO_0000218,organism-based format,CN(C)c1nccc(-c2c[nH]c3ccc(Br)cc23)n1,,,CHEMBL4699393,RSC Med Chem,2020,,CHEMBL4302258,,CHEMBL4302258,4.84,0,http://www.openphacts.org/units/Nanomolar,3530922,=,1,1,=,,IC50,nM,,14300.0,CHEMBL613088,Mycolicibacterium smegmatis,Mycolicibacterium smegmatis,1772,,,IC50,uM,UO_0000065,,14.3,14300.0,4.844663962534939
4354,,,18982208,[],CHEMBL4339390,Antibiofilm activity against Staphylococcus aureus ATCC 6538 incubated for 24 hrs by crystal violet-staining based assay,F,,,BAO_0000179,BAO_0000218,organism-based format,Cn1cc(-c2nn3cc(-c4ccc(F)cc4)nc3s2)c2cc(Cl)ccc21,,,CHEMBL4339190,Eur J Med Chem,2019,,CHEMBL4447734,,CHEMBL4447734,,0,http://www.openphacts.org/units/Micromolar,3166607,=,1,0,=,,MBIC50,uM,,50.4,CHEMBL352,Staphylococcus aureus,Staphylococcus aureus,1280,,,MBIC50,uM,UO_0000064,,50.4,50400.0,4.297569463554475
3334,,,18552667,[],CHEMBL4199792,Inhibition of biofilm formation in methicillin-resistant Staphylococcus aureus ATCC 43300 after 24 hrs by crystal violet staining based method,F,,,BAO_0000190,BAO_0000218,organism-based format,Cl.Nc1nccc(-c2c[nH]c3ccc(I)cc23)n1,,,CHEMBL4196121,ACS Med Chem Lett,2018,,CHEMBL4217378,,CHEMBL4300807,4.31,0,http://www.openphacts.org/units/Nanomolar,3080269,=,1,1,=,,IC50,nM,,49300.0,CHEMBL352,Staphylococcus aureus,Staphylococcus aureus,1280,,,IC50,uM,UO_0000065,,49.3,49300.0,4.30715308072277
315,,,5190407,[],CHEMBL1663615,Antibiofilm activity in Salmonella Typhimurium ATCC 14028 assessed as inhibition of biofilm formation at 25 degC after 24 hrs,F,,,BAO_0000190,BAO_0000218,organism-based format,Nc1ncc(-c2ccccc2)n1C1CCCCCCC1,,,CHEMBL1649413,J Med Chem,2011,,CHEMBL1649851,,CHEMBL1649851,4.39,0,http://www.openphacts.org/units/Nanomolar,1322129,=,1,1,=,,IC50,nM,,40500.0,CHEMBL351,Salmonella enterica subsp. enterica serovar Typhimurium,Salmonella typhimurium,90371,,,IC50,uM,UO_0000065,,40.5,40500.0,4.392544976785332
3379,,,18570173,[],CHEMBL4220812,Antibiofilm activity against Salmonella typhimurium ATCC 14028 after 24 hrs by crystal violet staining based assay,F,,,BAO_0000190,BAO_0000218,organism-based format,Nc1ncc(-c2ccc(F)cc2)n1CCCCCn1c(-c2ccc(F)cc2)cnc1N,,,CHEMBL4219072,Bioorg Med Chem,2018,,CHEMBL4227198,,CHEMBL4227198,5.32,0,http://www.openphacts.org/units/Nanomolar,3083420,=,1,1,=,,IC50,nM,,4800.0,CHEMBL351,Salmonella enterica subsp. enterica serovar Typhimurium,Salmonella typhimurium,90371,,,IC50,uM,UO_0000065,,4.8,4800.0,5.318758762624412
3362,,,18552799,[],CHEMBL4199792,Inhibition of biofilm formation in methicillin-resistant Staphylococcus aureus ATCC 43300 after 24 hrs by crystal violet staining based method,F,,,BAO_0000190,BAO_0000218,organism-based format,Cl.Nc1nccc(-c2c[nH]c3c(Br)cccc23)n1,,,CHEMBL4196121,ACS Med Chem Lett,2018,,CHEMBL4208053,,CHEMBL1802963,4.0,0,http://www.openphacts.org/units/Nanomolar,3080272,=,1,1,=,,IC50,nM,,99800.0,CHEMBL352,Staphylococcus aureus,Staphylococcus aureus,1280,,,IC50,uM,UO_0000065,,99.8,99800.0,4.000869458712629
3582,,,18583862,[],CHEMBL4223117,Antibiofilm activity against Staphylococcus aureus MLS16 MTCC 2940 after 24 hrs by crystal violet staining-based assay,F,,,BAO_0000190,BAO_0000218,organism-based format,O=C(c1nc(-c2ccccc2)c2c(C(F)(F)F)cc(-c3ccccc3)nc2n1)N1CCN(CCO)CC1,,,CHEMBL4219190,Bioorg Med Chem Lett,2018,,CHEMBL4225195,,CHEMBL4225195,,0,http://www.openphacts.org/units/MicrogramPerMilliliter,3086030,=,1,1,=,,IC50,ug.mL-1,,10.8,CHEMBL352,Staphylococcus aureus,Staphylococcus aureus,1280,,,IC50,ug ml-1,UO_0000274,,10.8,21280.11727709076,4.672025982925249
6010,,,22444729,"[{'comments': None, 'relation': '=', 'result_flag': 0, 'standard_relation': '=', 'standard_text_value': None, 'standard_type': 'TIME', 'standard_units': 'hr', 'standard_value': '24.0', 'text_value': None, 'type': 'Time', 'units': 'hrs', 'value': '24.0'}]",CHEMBL4679319,Inhibition of biofilm formation in Staphylococcus aureus MTCC 92 incubated for 24 hrs by crystal violet staining based microtiter plate method,F,,,BAO_0000190,BAO_0000218,organism-based format,COc1ccc(-n2cc(COc3ccc(/C=N/Nc4nc(-c5cc6cccc(Br)c6oc5=O)cs4)cc3)nn2)cc1,,,CHEMBL4673372,Bioorg Med Chem Lett,2021,,CHEMBL4762632,,CHEMBL4762632,4.49,0,http://www.openphacts.org/units/Nanomolar,3517648,=,1,1,=,,IC50,nM,,32600.0,CHEMBL352,Staphylococcus aureus,Staphylococcus aureus,1280,,,IC50,uM,UO_0000065,,32.6,32600.0,4.486782399932061
6567,,,22906025,"[{'comments': None, 'relation': '=', 'result_flag': 0, 'standard_relation': '=', 'standard_text_value': None, 'standard_type': 'TIME', 'standard_units': 'hr', 'standard_value': '24.0', 'text_value': None, 'type': 'Time', 'units': 'hrs', 'value': '24.0'}]",CHEMBL4733175,Antibiofilm activity against Escherichia coli ATCC 25922 after 24 hrs by crystal violet staining based assay,F,,,BAO_0000179,BAO_0000218,organism-based format,Cn1cc(C(=O)c2nc(-c3cn(C)c4ccc(Cl)cc34)no2)c2ccccc21,,,CHEMBL4732050,Eur J Med Chem,2021,,CHEMBL4797065,,CHEMBL4797065,,0,http://www.openphacts.org/units/Micromolar,3556010,=,1,0,=,,MBIC50,uM,,59.6,CHEMBL354,Escherichia coli,Escherichia coli,562,,,MBIC50,uM,UO_0000064,,59.6,59600.0,4.2247537402597635
3229,,,18511391,[],CHEMBL4191872,Antibiofilm activity against Salmonella typhimurium ATCC 14028 after 24 hrs by crystal violet staining based method,F,,,BAO_0000179,BAO_0000218,organism-based format,COc1ccc(NC(=O)Cn2c(N)nc(Cc3ccc(C(C)(C)C)cc3)c2-c2ccccc2Br)cc1,,,CHEMBL4190235,Eur J Med Chem,2017,,CHEMBL4209643,,CHEMBL4209643,,0,http://www.openphacts.org/units/Micromolar,3073320,=,1,0,=,,MBIC50,uM,,231.2,CHEMBL351,Salmonella enterica subsp. enterica serovar Typhimurium,Salmonella typhimurium,90371,,,MBIC50,uM,UO_0000064,,231.2,231200.0,3.636012170251509
6564,,,22906022,"[{'comments': None, 'relation': '=', 'result_flag': 0, 'standard_relation': '=', 'standard_text_value': None, 'standard_type': 'TIME', 'standard_units': 'hr', 'standard_value': '24.0', 'text_value': None, 'type': 'Time', 'units': 'hrs', 'value': '24.0'}]",CHEMBL4733175,Antibiofilm activity against Escherichia coli ATCC 25922 after 24 hrs by crystal violet staining based assay,F,,,BAO_0000179,BAO_0000218,organism-based format,Cn1cc(C(=O)c2nc(-c3cn(C)c4ccccc34)no2)c2cc(Br)ccc21,,,CHEMBL4732050,Eur J Med Chem,2021,,CHEMBL4751150,,CHEMBL4751150,,0,http://www.openphacts.org/units/Micromolar,3555999,=,1,0,=,,MBIC50,uM,,39.3,CHEMBL354,Escherichia coli,Escherichia coli,562,,,MBIC50,uM,UO_0000064,,39.3,39300.0,4.405607449624573
2039,,,15178590,[],CHEMBL3405140,Antimicrobial activity against Staphylococcus aureus MLS-16 MTCC 2940 assessed as inhibition of biofilm formation after 24 hrs,F,,,BAO_0000190,BAO_0000218,organism-based format,CC[C@H]1OC(=O)[C@H](C)[C@@H](O[C@H]2C[C@@](C)(OC)[C@@H](O)[C@H](C)O2)[C@H](C)[C@@H](O[C@@H]2O[C@H](C)C[C@H](N(C)C)[C@H]2O)[C@](C)(O)C[C@@H](C)C(=O)[C@H](C)[C@@H](O)[C@]1(C)O,,,CHEMBL3400018,Bioorg Med Chem Lett,2015,,CHEMBL532,ERYTHROMYCIN,CHEMBL532,,0,http://www.openphacts.org/units/MicrogramPerMilliliter,2283232,=,1,1,=,,IC50,ug.mL-1,,0.23,CHEMBL352,Staphylococcus aureus,Staphylococcus aureus,1280,,,IC50,ug ml-1,UO_0000274,,0.23,313.37839623836913,6.503930946341775
6207,,,22750695,"[{'comments': None, 'relation': '=', 'result_flag': 0, 'standard_relation': '=', 'standard_text_value': None, 'standard_type': 'TIME', 'standard_units': 'hr', 'standard_value': '24.0', 'text_value': None, 'type': 'Time', 'units': 'hrs', 'value': '24.0'}]",CHEMBL4699742,Antibiofilm activity against Mycobacterium smegmatis mc2 155 ATCC 700084 assessed as inhibition of biofilm formation measured after 24 hrs by crystal violet reporter assay,F,,,BAO_0000190,BAO_0000218,organism-based format,Nc1nccc(-c2c[nH]c3ccc(F)cc23)n1,,,CHEMBL4699393,RSC Med Chem,2020,,CHEMBL2334968,,CHEMBL2334968,4.8,0,http://www.openphacts.org/units/Nanomolar,3530901,=,1,1,=,,IC50,nM,,16000.0,CHEMBL613088,Mycolicibacterium smegmatis,Mycolicibacterium smegmatis,1772,,,IC50,uM,UO_0000065,,16.0,16000.0,4.795880017344075
778,,,6306940,[],CHEMBL1815005,Antimicrobial activity against Salmonella Typhimurium ATCC 14028 assessed as inhibition of biofilm formation after 24 hrs by spectrophotometry,F,,,BAO_0000190,BAO_0000218,organism-based format,CCCCN1c2nccc[n+]2C[C@@]1(O)c1ccc(OC)cc1.[Br-],Outside typical range,"Values for this activity type are unusually large/small, so may not be accurate",CHEMBL1811868,Bioorg Med Chem,2011,,CHEMBL1814044,,CHEMBL1851960,,0,http://www.openphacts.org/units/Nanomolar,1448550,=,1,1,=,,IC50,nM,,314400.0,CHEMBL351,Salmonella enterica subsp. enterica serovar Typhimurium,Salmonella typhimurium,90371,,,IC50,uM,UO_0000065,,314.4,314400.0,3.50251746263263
816,,,6306978,[],CHEMBL1815005,Antimicrobial activity against Salmonella Typhimurium ATCC 14028 assessed as inhibition of biofilm formation after 24 hrs by spectrophotometry,F,,,BAO_0000190,BAO_0000218,organism-based format,CCCCCCN1c2nccc[n+]2C[C@@]1(O)c1ccccc1.[Br-],Outside typical range,"Values for this activity type are unusually large/small, so may not be accurate",CHEMBL1811868,Bioorg Med Chem,2011,,CHEMBL1814005,,CHEMBL1851647,,0,http://www.openphacts.org/units/Nanomolar,1448511,=,1,1,=,,IC50,nM,,102000.0,CHEMBL351,Salmonella enterica subsp. enterica serovar Typhimurium,Salmonella typhimurium,90371,,,IC50,uM,UO_0000065,,102.0,102000.0,3.991399828238082
307,,,5190399,[],CHEMBL1663615,Antibiofilm activity in Salmonella Typhimurium ATCC 14028 assessed as inhibition of biofilm formation at 25 degC after 24 hrs,F,,,BAO_0000190,BAO_0000218,organism-based format,CCCCCCCCn1c(-c2ccc(-c3ccc([N+](=O)[O-])cc3)cc2)cnc1N,Outside typical range,"Values for this activity type are unusually large/small, so may not be accurate",CHEMBL1649413,J Med Chem,2011,,CHEMBL1649843,,CHEMBL1649843,,0,http://www.openphacts.org/units/Nanomolar,1322121,=,1,1,=,,IC50,nM,,116500.0,CHEMBL351,Salmonella enterica subsp. enterica serovar Typhimurium,Salmonella typhimurium,90371,,,IC50,uM,UO_0000065,,116.5,116500.0,3.9336740746379624
6233,,,22750721,"[{'comments': None, 'relation': '=', 'result_flag': 0, 'standard_relation': '=', 'standard_text_value': None, 'standard_type': 'TIME', 'standard_units': 'hr', 'standard_value': '24.0', 'text_value': None, 'type': 'Time', 'units': 'hrs', 'value': '24.0'}]",CHEMBL4699742,Antibiofilm activity against Mycobacterium smegmatis mc2 155 ATCC 700084 assessed as inhibition of biofilm formation measured after 24 hrs by crystal violet reporter assay,F,,,BAO_0000190,BAO_0000218,organism-based format,Nc1ncc(-c2c[nH]c3ccc(Cl)cc23)[nH]1,,,CHEMBL4699393,RSC Med Chem,2020,,CHEMBL4760505,,CHEMBL4760505,4.8,0,http://www.openphacts.org/units/Nanomolar,3530927,=,1,1,=,,IC50,nM,,16000.0,CHEMBL613088,Mycolicibacterium smegmatis,Mycolicibacterium smegmatis,1772,,,IC50,uM,UO_0000065,,16.0,16000.0,4.795880017344075
1045,,,12675062,[],CHEMBL2344064,Antibacterial activity against methicillin-resistant Staphylococcus aureus ATCC BAA-44 assessed as inhibition of biofilm growth after 24 hrs by crystal violet reporter assay,F,,,BAO_0000190,BAO_0000218,organism-based format,CCCCCc1ccc(C(=O)NCCn2cc(CCCCCc3cn(-c4ccccc4)c(N)n3)nn2)cc1.Cl,,,CHEMBL2331213,Eur J Med Chem,2013,,CHEMBL2332798,,CHEMBL2365393,4.6,0,http://www.openphacts.org/units/Nanomolar,1866605,=,1,1,=,,IC50,nM,,25100.0,CHEMBL352,Staphylococcus aureus,Staphylococcus aureus,1280,,,IC50,uM,UO_0000065,,25.1,25100.0,4.600326278518962
595,,,6303268,[],CHEMBL1815005,Antimicrobial activity against Salmonella Typhimurium ATCC 14028 assessed as inhibition of biofilm formation after 24 hrs by spectrophotometry,F,,,BAO_0000190,BAO_0000218,organism-based format,Brc1ccc(-c2cnc(NC3CCCC3)[nH]2)cc1,,,CHEMBL1811868,Bioorg Med Chem,2011,,CHEMBL1814370,,CHEMBL1814370,4.92,0,http://www.openphacts.org/units/Nanomolar,1448967,=,1,1,=,,IC50,nM,,12100.0,CHEMBL351,Salmonella enterica subsp. enterica serovar Typhimurium,Salmonella typhimurium,90371,,,IC50,uM,UO_0000065,,12.1,12100.0,4.91721462968355
651,,,6304689,[],CHEMBL1815005,Antimicrobial activity against Salmonella Typhimurium ATCC 14028 assessed as inhibition of biofilm formation after 24 hrs by spectrophotometry,F,,,BAO_0000190,BAO_0000218,organism-based format,CCCCNc1ncc(-c2ccc(Br)cc2)[nH]1,,,CHEMBL1811868,Bioorg Med Chem,2011,,CHEMBL1814253,,CHEMBL1814253,5.15,0,http://www.openphacts.org/units/Nanomolar,1448796,=,1,1,=,,IC50,nM,,7100.0,CHEMBL351,Salmonella enterica subsp. enterica serovar Typhimurium,Salmonella typhimurium,90371,,,IC50,uM,UO_0000065,,7.1,7100.0,5.1487416512809245
5955,,,22444674,"[{'comments': None, 'relation': '=', 'result_flag': 0, 'standard_relation': '=', 'standard_text_value': None, 'standard_type': 'TIME', 'standard_units': 'hr', 'standard_value': '24.0', 'text_value': None, 'type': 'Time', 'units': 'hrs', 'value': '24.0'}]",CHEMBL4679314,Inhibition of biofilm formation in Escherichia coli MTCC 739 incubated for 24 hrs by crystal violet staining based microtiter plate method,F,,,BAO_0000190,BAO_0000218,organism-based format,COc1ccc(-n2cc(COc3ccc(/C=N/Nc4nc(-c5cc6cccc(OC)c6oc5=O)cs4)cc3)nn2)cc1,,,CHEMBL4673372,Bioorg Med Chem Lett,2021,,CHEMBL4800245,,CHEMBL4800245,4.17,0,http://www.openphacts.org/units/Nanomolar,3517643,=,1,1,=,,IC50,nM,,68000.0,CHEMBL354,Escherichia coli,Escherichia coli,562,,,IC50,uM,UO_0000065,,68.0,68000.0,4.167491087293763
5786,,,22408028,"[{'comments': None, 'relation': '=', 'result_flag': 0, 'standard_relation': '=', 'standard_text_value': None, 'standard_type': 'TIME', 'standard_units': 'hr', 'standard_value': '24.0', 'text_value': None, 'type': 'Time', 'units': 'hrs', 'value': '24.0'}]",CHEMBL4670886,Inhibition of biofilm formation in methicillin-resistant Staphylococcus aureus ATCC 43300 incubated for 24 hrs by crystal violet staining based microtiter plate method,F,,,BAO_0000190,BAO_0000218,organism-based format,Nc1nc(-c2ccc(Br)cc2)cc(-c2nc3ccccc3c(=O)[nH]2)n1,,,CHEMBL4665809,Bioorg Med Chem Lett,2020,,CHEMBL4796187,,CHEMBL4796187,4.33,0,http://www.openphacts.org/units/Nanomolar,3510933,=,1,1,=,,IC50,nM,,47300.0,CHEMBL352,Staphylococcus aureus,Staphylococcus aureus,1280,,,IC50,uM,UO_0000065,,47.3,47300.0,4.325138859262188
3548,,,18570342,[],CHEMBL4220815,Antibiofilm activity against Staphylococcus aureus SH1000 after 48 hrs by crystal violet staining based assay,F,,,BAO_0000190,BAO_0000218,organism-based format,c1ccc(-c2cnc(NCCCCCCNc3ncc(-c4ccccc4)[nH]3)[nH]2)cc1,,,CHEMBL4219072,Bioorg Med Chem,2018,,CHEMBL4226161,,CHEMBL4226161,4.0,0,http://www.openphacts.org/units/Nanomolar,3083439,=,1,1,=,,IC50,nM,,99400.0,CHEMBL352,Staphylococcus aureus,Staphylococcus aureus,1280,,,IC50,uM,UO_0000065,,99.4,99400.0,4.002613615602686
5052,,,19147132,[],CHEMBL4379054,Antibiofilm activity against methicillin-resistant Staphylococcus aureus assessed as inhibition of biofilm formation incubated for overnight by crystal violet staining based microtiter plate assay,F,,,BAO_0000190,BAO_0000218,organism-based format,CC[C@H](C)[C@H](NC(=O)[C@H](CCCN)NC(=O)[C@@H](NC(=O)[C@H](C)NC(=O)[C@@H](NC(=O)[C@@H](NC(=O)[C@H](CC(C)C)NC(=O)[C@H](CCCN)NC(=O)[C@@H](N)C(C)C)[C@@H](C)CC)C(C)C)C(C)C)C(=O)N[C@@H](Cc1c[nH]c2ccccc12)C(=O)N[C@@H](CCCN)C(=O)N[C@@H](CCCN)C(N)=O,,,CHEMBL4376833,J Med Chem,2019,,CHEMBL4535752,,CHEMBL4535752,4.5,0,http://www.openphacts.org/units/Nanomolar,3195605,=,1,1,=,,IC50,nM,,32000.0,CHEMBL352,Staphylococcus aureus,Staphylococcus aureus,1280,,,IC50,uM,UO_0000065,,32.0,32000.0,4.494850021680094
6043,,,22446273,[],CHEMBL4679608,Antibiofilm activity against Streptococcus mutans UA159 assessed as inhibition of biofilm formation by serial dilution method,F,,,BAO_0000190,BAO_0000218,organism-based format,NC(=O)c1ccccc1NC(=O)c1cccc2ccccc12,Outside typical range,"Values for this activity type are unusually large/small, so may not be accurate",CHEMBL4673385,ACS Med Chem Lett,2021,,CHEMBL4795819,,CHEMBL4795819,,0,http://www.openphacts.org/units/Nanomolar,3517950,=,1,1,=,,IC50,nM,,150100.0,CHEMBL612426,Streptococcus mutans,Streptococcus mutans,1309,,,IC50,uM,UO_0000065,,150.1,150100.0,3.8236193077567293
4975,,,19107458,[],CHEMBL4369768,Antibiofilm activity against Mycobacterium smegmatis str. MC2 155 ATCC 700084 assessed as inhibition of biofilm formation incubated for 48 hrs by crystal violet reporter assay,F,,,BAO_0000190,BAO_0000218,organism-based format,CCCCCc1ccc(C(=O)Nc2ccc3c(c2)nc(N)n3CCCc2ccc(OC)cc2)cc1,,,CHEMBL4368897,Medchemcomm,2019,,CHEMBL4465964,,CHEMBL4465964,5.37,0,http://www.openphacts.org/units/Nanomolar,3188136,=,1,1,=,,IC50,nM,,4300.0,CHEMBL613088,Mycolicibacterium smegmatis,Mycolicibacterium smegmatis,1772,,,IC50,uM,UO_0000065,,4.3,4300.0,5.366531544420413
807,,,6306969,[],CHEMBL1815005,Antimicrobial activity against Salmonella Typhimurium ATCC 14028 assessed as inhibition of biofilm formation after 24 hrs by spectrophotometry,F,,,BAO_0000190,BAO_0000218,organism-based format,CCCCN1c2nccc[n+]2C[C@@]1(O)c1ccc(Cl)cc1.[Br-],,,CHEMBL1811868,Bioorg Med Chem,2011,,CHEMBL1814015,,CHEMBL1851919,4.53,0,http://www.openphacts.org/units/Nanomolar,1448521,=,1,1,=,,IC50,nM,,29700.0,CHEMBL351,Salmonella enterica subsp. enterica serovar Typhimurium,Salmonella typhimurium,90371,,,IC50,uM,UO_0000065,,29.7,29700.0,4.527243550682788
774,,,6306936,[],CHEMBL1815005,Antimicrobial activity against Salmonella Typhimurium ATCC 14028 assessed as inhibition of biofilm formation after 24 hrs by spectrophotometry,F,,,BAO_0000190,BAO_0000218,organism-based format,CCCCCCCCN1c2nccc[n+]2C[C@@]1(O)c1ccc(Cl)c(Cl)c1.[Br-],,,CHEMBL1811868,Bioorg Med Chem,2011,,CHEMBL1814206,,CHEMBL1851750,5.15,0,http://www.openphacts.org/units/Nanomolar,1448745,=,1,1,=,,IC50,nM,,7100.0,CHEMBL351,Salmonella enterica subsp. enterica serovar Typhimurium,Salmonella typhimurium,90371,,,IC50,uM,UO_0000065,,7.1,7100.0,5.1487416512809245
5048,,,19147128,[],CHEMBL4379054,Antibiofilm activity against methicillin-resistant Staphylococcus aureus assessed as inhibition of biofilm formation incubated for overnight by crystal violet staining based microtiter plate assay,F,,,BAO_0000190,BAO_0000218,organism-based format,CC[C@H](C)[C@H](NC(=O)[C@H](CCCNC(=N)N)NC(=O)[C@@H](NC(=O)[C@H](CCCCN)NC(=O)[C@@H](NC(=O)[C@@H](NC(=O)[C@H](CC(C)C)NC(=O)[C@H](CCCNC(=N)N)NC(=O)[C@@H](N)C(C)C)[C@@H](C)CC)C(C)C)C(C)C)C(=O)N[C@@H](Cc1c[nH]c2ccccc12)C(=O)N[C@@H](CCCNC(=N)N)C(=O)N[C@@H](CCCNC(=N)N)C(N)=O,,,CHEMBL4376833,J Med Chem,2019,,CHEMBL4555829,,CHEMBL4555829,5.4,0,http://www.openphacts.org/units/Nanomolar,3195601,=,1,1,=,,IC50,nM,,4000.0,CHEMBL352,Staphylococcus aureus,Staphylococcus aureus,1280,,,IC50,uM,UO_0000065,6.0,4.0,4000.0,5.3979400086720375
3719,,,18730792,[],CHEMBL4260145,Antibiofilm activity against Salmonella typhimurium ATCC 14028 after 24 hrs by crystal violet staining based assay,F,,,BAO_0000190,BAO_0000218,organism-based format,Cl.Nc1nc2cc(NC(=O)Nc3ccc(Cl)c(Cl)c3)ccc2n1CCCc1ccccc1,,,CHEMBL4257552,Medchemcomm,2018,,CHEMBL4279932,,CHEMBL4299923,5.11,0,http://www.openphacts.org/units/Nanomolar,3111858,=,1,1,=,,IC50,nM,,7690.0,CHEMBL351,Salmonella enterica subsp. enterica serovar Typhimurium,Salmonella typhimurium,90371,,,IC50,uM,UO_0000065,,7.69,7690.0,5.114073660198569
1760,,,14667335,[],CHEMBL3268490,Antimicrobial activity against methicillin-resistant Staphylococcus aureus 25762 assessed as inhibition of biofilm formation after 48 hrs by crystal violet staining-based spectrophotometry,F,,,BAO_0000179,BAO_0000218,organism-based format,Cl.Nc1nc(-c2cccc(NC(=O)c3cc4cc(OC(F)(F)F)ccc4[nH]3)c2)c[nH]1,,,CHEMBL3259692,Bioorg Med Chem Lett,2014,,CHEMBL3261433,,CHEMBL3304329,,0,http://www.openphacts.org/units/Micromolar,2099969,=,1,0,=,,MBIC50,uM,,20.0,CHEMBL352,Staphylococcus aureus,Staphylococcus aureus,1280,,,MBIC50,uM,UO_0000064,,20.0,20000.0,4.698970004336019
1687,,,14541453,[],CHEMBL3227446,Antimicrobial activity against methicillin-resistant Staphylococcus aureus ATCC 43300 assessed as inhibition of biofilm formation after 24 hrs by crystal violet staining-based microscopy,F,,,BAO_0000190,BAO_0000218,organism-based format,CCCCCc1ccc(C(=O)Nc2ccc3c(c2)nc(N)n3CCc2ccccc2)cc1.Cl,,,CHEMBL3217587,Medchemcomm,2012,,CHEMBL3218060,,CHEMBL3301796,5.33,0,http://www.openphacts.org/units/Nanomolar,2072404,=,1,1,=,,IC50,nM,,4700.0,CHEMBL352,Staphylococcus aureus,Staphylococcus aureus,1280,,,IC50,uM,UO_0000065,,4.7,4700.0,5.327902142064282
6261,,,22750749,"[{'comments': None, 'relation': '=', 'result_flag': 0, 'standard_relation': '=', 'standard_text_value': None, 'standard_type': 'TIME', 'standard_units': 'hr', 'standard_value': '24.0', 'text_value': None, 'type': 'Time', 'units': 'hrs', 'value': '24.0'}]",CHEMBL4699743,Antibiofilm activity against Mycobacterium smegmatis mc2 155 ATCC 700084 assessed as dispersion of preformed biofilms measured after 24 hrs by crystal violet reporter assay,F,,,BAO_0000188,BAO_0000218,organism-based format,CNc1nccc(-c2c[nH]c3ccc(Br)cc23)n1,,,CHEMBL4699393,RSC Med Chem,2020,,CHEMBL4300611,,CHEMBL4300611,4.35,0,http://www.openphacts.org/units/Nanomolar,3530921,=,1,1,=,,EC50,nM,,45000.0,CHEMBL613088,Mycolicibacterium smegmatis,Mycolicibacterium smegmatis,1772,,,EC50,uM,UO_0000065,,45.0,45000.0,4.346787486224656
1934,,,15087789,[],CHEMBL3388394,Inhibition of biofilm formation in methicillin-resistant Staphylococcus aureus MTCC 96 after 36 hr incubation by tissue culture plate method,F,,,BAO_0000190,BAO_0000218,organism-based format,O=C(O)CSCC(=O)Nc1ccc(-c2nc3cc([N+](=O)[O-])ccc3[nH]2)cc1,,,CHEMBL3352166,Bioorg Med Chem,2014,,CHEMBL3341781,,CHEMBL3341781,4.99,0,http://www.openphacts.org/units/Nanomolar,2266654,=,1,1,=,,IC50,nM,,10320.0,CHEMBL352,Staphylococcus aureus,Staphylococcus aureus,1280,,,IC50,uM,UO_0000065,,10.32,10320.0,4.986320302708808
800,,,6306962,[],CHEMBL1815005,Antimicrobial activity against Salmonella Typhimurium ATCC 14028 assessed as inhibition of biofilm formation after 24 hrs by spectrophotometry,F,,,BAO_0000190,BAO_0000218,organism-based format,CCCCCCCCCCN1c2nccc[n+]2C[C@@]1(O)c1ccc(Cl)cc1.[Br-],,,CHEMBL1811868,Bioorg Med Chem,2011,,CHEMBL1814022,,CHEMBL1852710,4.29,0,http://www.openphacts.org/units/Nanomolar,1448528,=,1,1,=,,IC50,nM,,51300.0,CHEMBL351,Salmonella enterica subsp. enterica serovar Typhimurium,Salmonella typhimurium,90371,,,IC50,uM,UO_0000065,,51.3,51300.0,4.289882634888183
1951,,,15125507,[],CHEMBL3381972,Anti-biofilm activity against Staphylococcus aureus MLS-16 MTCC 2940 assessed as inhibition of biofilm formation incubated for 24 hrs by crystal violet staining based modified biofilm inhibition assay,F,,,BAO_0000190,BAO_0000218,organism-based format,CCCCCCC(C/C=C\CCCCCCCC(=O)OC)/N=C\c1ccc(Cl)cc1,,,CHEMBL3351415,Bioorg Med Chem Lett,2014,,CHEMBL3337772,,CHEMBL3337772,5.37,0,http://www.openphacts.org/units/Nanomolar,2272895,=,1,1,=,,IC50,nM,,4300.0,CHEMBL352,Staphylococcus aureus,Staphylococcus aureus,1280,,,IC50,uM,UO_0000065,,4.3,4300.0,5.366531544420413
648,,,6304686,[],CHEMBL1815005,Antimicrobial activity against Salmonella Typhimurium ATCC 14028 assessed as inhibition of biofilm formation after 24 hrs by spectrophotometry,F,,,BAO_0000190,BAO_0000218,organism-based format,CCCCCCCCNc1ncc(-c2ccc(Br)cc2)[nH]1,,,CHEMBL1811868,Bioorg Med Chem,2011,,CHEMBL1814256,,CHEMBL1814256,5.72,0,http://www.openphacts.org/units/Nanomolar,1448799,=,1,1,=,,IC50,nM,,1900.0,CHEMBL351,Salmonella enterica subsp. enterica serovar Typhimurium,Salmonella typhimurium,90371,,,IC50,uM,UO_0000065,,1.9,1900.0,5.721246399047171
8111,,,24898345,"[{'comments': None, 'relation': '=', 'result_flag': 0, 'standard_relation': '=', 'standard_text_value': None, 'standard_type': 'TIME', 'standard_units': 'hr', 'standard_value': '24.0', 'text_value': None, 'type': 'Time', 'units': 'hrs', 'value': '24.0'}]",CHEMBL5159907,Antibiofilm activity against Salmonella typhimurium ATCC 14028 assessed as inhibition of biofilm formation incubated for 24 hrs by crystal violet staining based spectrophotometry,F,,,BAO_0000190,BAO_0000218,organism-based format,CN(Cc1ccsc1)CC1CCN(Cc2ccccc2)CC1,,,CHEMBL5154764,Eur J Med Chem,2022,,CHEMBL5194027,,CHEMBL5194027,4.57,0,http://www.openphacts.org/units/Nanomolar,3891407,=,1,1,=,,IC50,nM,,26700.0,CHEMBL351,Salmonella enterica subsp. enterica serovar Typhimurium,Salmonella typhimurium,90371,,,IC50,uM,UO_0000065,,26.7,26700.0,4.573488738635425
574,,,6152589,[],CHEMBL1763327,Antibacterial activity against Escherichia coli UTI89 assessed as inhibition of biofilm formation after 24 hrs,F,,,BAO_0000188,BAO_0000218,organism-based format,O=C(O)[C@@H]1CSc2c(C3CC3)c(COc3cccc4ccccc34)cc(=O)n21,,,CHEMBL1759904,Eur J Med Chem,2011,,CHEMBL1761546,,CHEMBL1761546,4.5,0,http://www.openphacts.org/units/Nanomolar,1413760,=,1,1,=,,EC50,nM,,32000.0,CHEMBL354,Escherichia coli,Escherichia coli,562,,,EC50,uM,UO_0000065,,32.0,32000.0,4.494850021680094
2490,,,16603724,[],CHEMBL3813334,Antibiofilm activity against Klebsiella planticola MTCC 530 after 24 hrs by crystal violet staining based assay,F,,,BAO_0000190,BAO_0000218,organism-based format,O=C(O)c1cn(C2CC2)c2cc(N3CCNCC3)c(F)cc2c1=O,,,CHEMBL3808371,Eur J Med Chem,2016,,CHEMBL8,CIPROFLOXACIN,CHEMBL8,6.22,0,http://www.openphacts.org/units/Nanomolar,2779005,=,1,1,=,,IC50,nM,,600.0,CHEMBL613271,Raoultella planticola,Raoultella planticola,575,,,IC50,uM,UO_0000065,,0.6,600.0,6.221848749616356
6054,,,22446284,[],CHEMBL4679608,Antibiofilm activity against Streptococcus mutans UA159 assessed as inhibition of biofilm formation by serial dilution method,F,,,BAO_0000190,BAO_0000218,organism-based format,CC(C)(C)OC(=O)NCc1ccccc1NC(=O)c1ccc2ccccc2n1,,,CHEMBL4673385,ACS Med Chem Lett,2021,,CHEMBL4790347,,CHEMBL4790347,4.17,0,http://www.openphacts.org/units/Nanomolar,3517939,=,1,1,=,,IC50,nM,,67500.0,CHEMBL612426,Streptococcus mutans,Streptococcus mutans,1309,,,IC50,uM,UO_0000065,,67.5,67500.0,4.170696227168975
813,,,6306975,[],CHEMBL1815005,Antimicrobial activity against Salmonella Typhimurium ATCC 14028 assessed as inhibition of biofilm formation after 24 hrs by spectrophotometry,F,,,BAO_0000190,BAO_0000218,organism-based format,CCCCCCCCCN1c2nccc[n+]2C[C@@]1(O)c1ccccc1.[Br-],,,CHEMBL1811868,Bioorg Med Chem,2011,,CHEMBL1814008,,CHEMBL1851956,5.08,0,http://www.openphacts.org/units/Nanomolar,1448514,=,1,1,=,,IC50,nM,,8300.0,CHEMBL351,Salmonella enterica subsp. enterica serovar Typhimurium,Salmonella typhimurium,90371,,,IC50,uM,UO_0000065,,8.3,8300.0,5.080921907623926
4335,,,18982189,[],CHEMBL4339390,Antibiofilm activity against Staphylococcus aureus ATCC 6538 incubated for 24 hrs by crystal violet-staining based assay,F,,,BAO_0000179,BAO_0000218,organism-based format,Br.COc1ccc(OC)c(-c2cn3nc(-c4c[nH]c5ccc(Br)cc45)sc3n2)c1,,,CHEMBL4339190,Eur J Med Chem,2019,,CHEMBL4447176,,CHEMBL4596381,,0,http://www.openphacts.org/units/Micromolar,3166584,=,1,0,=,,MBIC50,uM,,16.5,CHEMBL352,Staphylococcus aureus,Staphylococcus aureus,1280,,,MBIC50,uM,UO_0000064,,16.5,16500.0,4.782516055786093
6070,,,22446300,[],CHEMBL4679608,Antibiofilm activity against Streptococcus mutans UA159 assessed as inhibition of biofilm formation by serial dilution method,F,,,BAO_0000190,BAO_0000218,organism-based format,NC(=O)c1ccccc1NC(=O)c1cnc2ccccc2c1,,,CHEMBL4673385,ACS Med Chem Lett,2021,,CHEMBL4743727,,CHEMBL4743727,4.82,0,http://www.openphacts.org/units/Nanomolar,3517923,=,1,1,=,,IC50,nM,,15300.0,CHEMBL612426,Streptococcus mutans,Streptococcus mutans,1309,,,IC50,uM,UO_0000065,,15.3,15300.0,4.815308569182402
2021,,,15178569,[],CHEMBL3405140,Antimicrobial activity against Staphylococcus aureus MLS-16 MTCC 2940 assessed as inhibition of biofilm formation after 24 hrs,F,,,BAO_0000190,BAO_0000218,organism-based format,COc1ccc(C2=CC(c3oc(CO)cc(=O)c3O)c3ccccc3O2)cc1,,,CHEMBL3400018,Bioorg Med Chem Lett,2015,,CHEMBL3402106,,CHEMBL3402106,,0,http://www.openphacts.org/units/MicrogramPerMilliliter,2283220,=,1,1,=,,IC50,ug.mL-1,,15.4,CHEMBL352,Staphylococcus aureus,Staphylococcus aureus,1280,,,IC50,ug ml-1,UO_0000274,,15.4,40699.82557217612,4.390407452032857
5401,,,19241871,[],CHEMBL4399782,Antibiofilm activity against Klebsiella planticola MTCC 530 assessed as inhibition of biofilm formation by crystal violet staining-based microtitre plate assay,F,,,BAO_0000190,BAO_0000218,organism-based format,O=C(c1cn(-c2ccc(Br)cc2)nn1)c1c(-c2ccccc2)nc2sccn12,,,CHEMBL4396937,Bioorg Med Chem Lett,2019,,CHEMBL4483036,,CHEMBL4483036,,0,http://www.openphacts.org/units/MicrogramPerMilliliter,3211947,=,1,1,=,,IC50,ug.mL-1,,21.1,CHEMBL613271,Raoultella planticola,Raoultella planticola,575,,,IC50,ug ml-1,UO_0000274,,21.1,46855.46532362469,4.329239744766427
6518,,,22905976,"[{'comments': None, 'relation': '=', 'result_flag': 0, 'standard_relation': '=', 'standard_text_value': None, 'standard_type': 'TIME', 'standard_units': 'hr', 'standard_value': '24.0', 'text_value': None, 'type': 'Time', 'units': 'hrs', 'value': '24.0'}]",CHEMBL4733169,Antibiofilm activity against Staphylococcus aureus ATCC 25923 after 24 hrs by crystal violet staining based assay,F,,,BAO_0000179,BAO_0000218,organism-based format,Cn1cc(C(=O)c2nc(-c3cn(C)c4ccc(F)cc34)no2)c2cc(F)ccc21,,,CHEMBL4732050,Eur J Med Chem,2021,,CHEMBL4740066,,CHEMBL4740066,,0,http://www.openphacts.org/units/Micromolar,3556005,=,1,0,=,,MBIC50,uM,,0.7,CHEMBL352,Staphylococcus aureus,Staphylococcus aureus,1280,,,MBIC50,uM,UO_0000064,,0.7,700.0,6.154901959985743
3414,,,18570208,[],CHEMBL4220812,Antibiofilm activity against Salmonella typhimurium ATCC 14028 after 24 hrs by crystal violet staining based assay,F,,,BAO_0000190,BAO_0000218,organism-based format,Brc1ccc(-c2cnc(NCCCCCCNc3ncc(-c4ccc(Br)cc4)[nH]3)[nH]2)cc1,,,CHEMBL4219072,Bioorg Med Chem,2018,,CHEMBL4226912,,CHEMBL4226912,4.8,0,http://www.openphacts.org/units/Nanomolar,3083457,=,1,1,=,,IC50,nM,,15700.0,CHEMBL351,Salmonella enterica subsp. enterica serovar Typhimurium,Salmonella typhimurium,90371,,,IC50,uM,UO_0000065,,15.7,15700.0,4.804100347590766
3230,,,18511392,[],CHEMBL4191872,Antibiofilm activity against Salmonella typhimurium ATCC 14028 after 24 hrs by crystal violet staining based method,F,,,BAO_0000179,BAO_0000218,organism-based format,Nc1nc(Cc2ccccc2)c(-c2ccccc2Br)n1CC(=O)NCc1ccccc1,,,CHEMBL4190235,Eur J Med Chem,2017,,CHEMBL4216975,,CHEMBL4216975,,0,http://www.openphacts.org/units/Micromolar,3073321,=,1,0,=,,MBIC50,uM,,38.8,CHEMBL351,Salmonella enterica subsp. enterica serovar Typhimurium,Salmonella typhimurium,90371,,,MBIC50,uM,UO_0000064,,38.8,38800.0,4.411168274405792
1142,,,13840651,[],CHEMBL3095561,Antibiofilm activity against Staphylococcus aureus MLS-16 MTCC 2940 after 24 hrs by crystal violet assay,F,,,BAO_0000190,BAO_0000218,organism-based format,O=C(NCc1cn(Cc2ccc(F)c(Cl)c2)nn1)c1ccc([N+](=O)[O-])o1,,,CHEMBL3091424,Bioorg Med Chem Lett,2013,,CHEMBL3093118,,CHEMBL3093118,,0,http://www.openphacts.org/units/MicrogramPerMilliliter,1953078,=,1,1,=,,IC50,ug.mL-1,,1.1,CHEMBL352,Staphylococcus aureus,Staphylococcus aureus,1280,,,IC50,ug ml-1,UO_0000274,,1.1,2896.756948924907,5.53808794254871
4043,,,18935751,[],CHEMBL4326969,Antibiofilm activity against methicillin-resistant Staphylococcus aureus ATCC BAA-44 preformed biofilms assessed as reduction in biofilm dispersion,F,,,BAO_0000190,BAO_0000218,organism-based format,CCCCC(Cl)(Cl)C1NC(=O)/C(=C/c2ccc(C(F)(F)F)cc2)O1,,,CHEMBL4325854,Eur J Med Chem,2019,,CHEMBL4445074,,CHEMBL4445074,5.33,0,http://www.openphacts.org/units/Nanomolar,3159075,=,1,1,=,,IC50,nM,,4700.0,CHEMBL352,Staphylococcus aureus,Staphylococcus aureus,1280,,,IC50,uM,UO_0000065,,4.7,4700.0,5.327902142064282
575,,,6152590,[],CHEMBL1763327,Antibacterial activity against Escherichia coli UTI89 assessed as inhibition of biofilm formation after 24 hrs,F,,,BAO_0000188,BAO_0000218,organism-based format,O=C(O)[C@@H]1CSc2c(-c3cccc(C(F)(F)F)c3)c(COc3cccc4ccccc34)cc(=O)n21,,,CHEMBL1759904,Eur J Med Chem,2011,,CHEMBL1761547,,CHEMBL1761547,4.43,0,http://www.openphacts.org/units/Nanomolar,1413761,=,1,1,=,,EC50,nM,,37000.0,CHEMBL354,Escherichia coli,Escherichia coli,562,,,EC50,uM,UO_0000065,,37.0,37000.0,4.431798275933005
4324,,,18982178,[],CHEMBL4339389,Antibiofilm activity against Staphylococcus aureus ATCC 25923 incubated for 24 hrs by crystal violet-staining based assay,F,,,BAO_0000179,BAO_0000218,organism-based format,COc1ccc(OC)c(-c2cn3nc(-c4cn(C)c5ccc(Cl)cc45)sc3n2)c1,,,CHEMBL4339190,Eur J Med Chem,2019,,CHEMBL4581620,,CHEMBL4581620,,0,http://www.openphacts.org/units/Micromolar,3166606,=,1,0,=,,MBIC50,uM,,163.0,CHEMBL352,Staphylococcus aureus,Staphylococcus aureus,1280,,,MBIC50,uM,UO_0000064,,163.0,163000.0,3.787812395596042
5840,,,22421795,"[{'comments': None, 'relation': '=', 'result_flag': 0, 'standard_relation': '=', 'standard_text_value': None, 'standard_type': 'TIME', 'standard_units': 'hr', 'standard_value': '24.0', 'text_value': None, 'type': 'Time', 'units': 'hrs', 'value': '24.0'}]",CHEMBL4673711,Inhibition of biofilm formation in methicillin-resistant Staphylococcus aureus ATCC 43300 incubated for 24 hrs by crystal violet staining based assay,F,,,BAO_0000190,BAO_0000218,organism-based format,Cl.Nc1ncc(-c2ccccc2NC(=O)c2cc(Br)cc(Br)c2)cn1,,,CHEMBL4673191,RSC Med Chem,2021,,CHEMBL4790329,,CHEMBL4803653,4.16,0,http://www.openphacts.org/units/Nanomolar,3513621,=,1,1,=,,IC50,nM,,69000.0,CHEMBL352,Staphylococcus aureus,Staphylococcus aureus,1280,,,IC50,uM,UO_0000065,,69.0,69000.0,4.161150909262744
6232,,,22750720,"[{'comments': None, 'relation': '=', 'result_flag': 0, 'standard_relation': '=', 'standard_text_value': None, 'standard_type': 'TIME', 'standard_units': 'hr', 'standard_value': '24.0', 'text_value': None, 'type': 'Time', 'units': 'hrs', 'value': '24.0'}]",CHEMBL4699742,Antibiofilm activity against Mycobacterium smegmatis mc2 155 ATCC 700084 assessed as inhibition of biofilm formation measured after 24 hrs by crystal violet reporter assay,F,,,BAO_0000190,BAO_0000218,organism-based format,Nc1ncc(-c2c[nH]c3cc(Cl)ccc23)[nH]1,,,CHEMBL4699393,RSC Med Chem,2020,,CHEMBL4787499,,CHEMBL4787499,4.99,0,http://www.openphacts.org/units/Nanomolar,3530926,=,1,1,=,,IC50,nM,,10300.0,CHEMBL613088,Mycolicibacterium smegmatis,Mycolicibacterium smegmatis,1772,,,IC50,uM,UO_0000065,,10.3,10300.0,4.987162775294828
818,,,6306980,[],CHEMBL1815005,Antimicrobial activity against Salmonella Typhimurium ATCC 14028 assessed as inhibition of biofilm formation after 24 hrs by spectrophotometry,F,,,BAO_0000190,BAO_0000218,organism-based format,CC(C)CN1c2nccc[n+]2C[C@@]1(O)c1ccccc1.[Br-],Outside typical range,"Values for this activity type are unusually large/small, so may not be accurate",CHEMBL1811868,Bioorg Med Chem,2011,,CHEMBL1814003,,CHEMBL1851966,,0,http://www.openphacts.org/units/Nanomolar,1448509,=,1,1,=,,IC50,nM,,131200.0,CHEMBL351,Salmonella enterica subsp. enterica serovar Typhimurium,Salmonella typhimurium,90371,,,IC50,uM,UO_0000065,,131.2,131200.0,3.8820661649603583
2444,,,16531886,[],CHEMBL3791789,Antibiofilm activity against Staphylococcus aureus MTCC 96 after 24 hrs by crystal violet staining based assay,F,,,BAO_0000190,BAO_0000218,organism-based format,CCCCCC[N+](C)(C)CCCCCCCCCCC(=O)OC.[Cl-],,,CHEMBL3784971,Bioorg Med Chem Lett,2016,,CHEMBL3787402,,CHEMBL3787736,,0,http://www.openphacts.org/units/MicrogramPerMilliliter,2768102,=,1,1,=,,IC50,ug.mL-1,,2.5,CHEMBL352,Staphylococcus aureus,Staphylococcus aureus,1280,,,IC50,ug ml-1,UO_0000274,,2.5,6867.86771937343,5.163178078289722
9413,,,25722632,"[{'comments': None, 'relation': '=', 'result_flag': 0, 'standard_relation': '=', 'standard_text_value': None, 'standard_type': 'DOSE_Lower', 'standard_units': 'microg/ml', 'standard_value': '1.56', 'text_value': None, 'type': 'DOSE_Lower', 'units': 'microg/ml', 'value': '1.56'}, {'comments': None, 'relation': '=', 'result_flag': 0, 'standard_relation': '=', 'standard_text_value': None, 'standard_type': 'DOSE_Upper', 'standard_units': 'microg/ml', 'standard_value': '100.0', 'text_value': None, 'type': 'DOSE_Upper', 'units': 'microg/ml', 'value': '100.0'}, {'comments': None, 'relation': '=', 'result_flag': 0, 'standard_relation': '=', 'standard_text_value': None, 'standard_type': 'TIME', 'standard_units': 'hr', 'standard_value': '24.0', 'text_value': None, 'type': 'TIME', 'units': 'hrs', 'value': '24.0'}]",CHEMBL5391157,Antibiofilm activity against methicillin-resistant Staphylococcus aureus ATCC 33591 assessed as inhibition of biofilm formation incubated for 24 hrs by crystal violet staining based analysis,F,,,BAO_0000179,BAO_0000218,organism-based format,CCOC(=O)c1ccc2c(c1)C(C)(C)C(c1cnc3c4c(OC)cccc4nn3c1)=N2,,,CHEMBL5390226,Bioorg Med Chem,2023,,CHEMBL5434875,,CHEMBL5434875,,0,http://www.openphacts.org/units/MicrogramPerMilliliter,4010192,=,1,0,=,,MBIC50,ug ml-1,,12.5,CHEMBL352,Staphylococcus aureus,Staphylococcus aureus,1280,,,MBIC50,ug ml-1,UO_0000274,,12.5,30159.362069173505,4.520577848901993
3633,,,18667653,[],CHEMBL4233916,Antibiofilm activity against Escherichia coli UTI89 preformed biofilms,F,,,BAO_0000190,BAO_0000218,organism-based format,COc1ccc(-c2ccc(S[C@H]3O[C@H](CO)[C@@H](O)[C@H](O)[C@@H]3O)c(C)c2)cn1,,,CHEMBL4229447,Bioorg Med Chem Lett,2018,,CHEMBL4240199,,CHEMBL4240199,,0,http://www.openphacts.org/units/MicrogramPerMilliliter,3100628,=,1,1,=,,IC50,ug.mL-1,,0.56,CHEMBL354,Escherichia coli,Escherichia coli,562,,,IC50,ug ml-1,UO_0000274,,0.56,1423.2668549106515,5.846713664392336
2840,,,17987946,[],CHEMBL3999630,Antibiofilm activity against Bacillus subtilis MTCC 121 after 24 hrs by crystal violet staining based assay,F,,,BAO_0000190,BAO_0000019,assay format,Cc1ccc(N2C=Nc3c(c(=O)n(C)c(=O)n3C)C2c2cn(-c3ccccc3)nc2-c2ccc([N+](=O)[O-])cc2)cc1,,,CHEMBL3997821,Bioorg Med Chem Lett,2017,,CHEMBL4089999,,CHEMBL4089999,,0,http://www.openphacts.org/units/MicrogramPerMilliliter,2979972,=,1,1,=,,IC50,ug.mL-1,,18.3,CHEMBL359,Bacillus subtilis,Bacillus subtilis,1423,,,IC50,ug ml-1,UO_0000274,,18.3,33420.07944117243,4.475992522102058
2026,,,15178574,[],CHEMBL3405141,Antimicrobial activity against Bacillus subtilis MTCC 121 assessed as inhibition of biofilm formation after 24 hrs,F,,,BAO_0000190,BAO_0000218,organism-based format,O=c1cc(CO)oc(C2C=C(c3ccc(Cl)cc3)Oc3ccccc32)c1O,,,CHEMBL3400018,Bioorg Med Chem Lett,2015,,CHEMBL3402102,,CHEMBL3402102,,0,http://www.openphacts.org/units/MicrogramPerMilliliter,2283216,=,1,1,=,,IC50,ug.mL-1,,3.6,CHEMBL359,Bacillus subtilis,Bacillus subtilis,1423,,,IC50,ug ml-1,UO_0000274,,3.6,9404.413282166355,5.0266682938154466
3720,,,18730793,[],CHEMBL4260145,Antibiofilm activity against Salmonella typhimurium ATCC 14028 after 24 hrs by crystal violet staining based assay,F,,,BAO_0000190,BAO_0000218,organism-based format,Cl.Nc1nc2cc(C(=O)Nc3ccc(Cl)c(Cl)c3)ccc2n1CCCc1ccccc1,,,CHEMBL4257552,Medchemcomm,2018,,CHEMBL4290587,,CHEMBL4300328,4.9,0,http://www.openphacts.org/units/Nanomolar,3111857,=,1,1,=,,IC50,nM,,12600.0,CHEMBL351,Salmonella enterica subsp. enterica serovar Typhimurium,Salmonella typhimurium,90371,,,IC50,uM,UO_0000065,,12.6,12600.0,4.899629454882437
2023,,,15178571,[],CHEMBL3405140,Antimicrobial activity against Staphylococcus aureus MLS-16 MTCC 2940 assessed as inhibition of biofilm formation after 24 hrs,F,,,BAO_0000190,BAO_0000218,organism-based format,CC(C)CC1=CC(c2oc(CO)cc(=O)c2O)c2ccccc2O1,,,CHEMBL3400018,Bioorg Med Chem Lett,2015,,CHEMBL3402111,,CHEMBL3402111,,0,http://www.openphacts.org/units/MicrogramPerMilliliter,2283225,=,1,1,=,,IC50,ug.mL-1,,9.2,CHEMBL352,Staphylococcus aureus,Staphylococcus aureus,1280,,,IC50,ug ml-1,UO_0000274,,9.2,28017.6876880535,4.552567710083692
1049,,,12675066,[],CHEMBL2344064,Antibacterial activity against methicillin-resistant Staphylococcus aureus ATCC BAA-44 assessed as inhibition of biofilm growth after 24 hrs by crystal violet reporter assay,F,,,BAO_0000190,BAO_0000218,organism-based format,C=CCn1cc(CCCCCc2cn(CCNC(=O)c3ccc(CCCCC)cc3)nn2)nc1N.Cl,,,CHEMBL2331213,Eur J Med Chem,2013,,CHEMBL2332802,,CHEMBL2365466,4.88,0,http://www.openphacts.org/units/Nanomolar,1866609,=,1,1,=,,IC50,nM,,13200.0,CHEMBL352,Staphylococcus aureus,Staphylococcus aureus,1280,,,IC50,uM,UO_0000065,,13.2,13200.0,4.87942606879415
650,,,6304688,[],CHEMBL1815005,Antimicrobial activity against Salmonella Typhimurium ATCC 14028 assessed as inhibition of biofilm formation after 24 hrs by spectrophotometry,F,,,BAO_0000190,BAO_0000218,organism-based format,CC(C)CNc1ncc(-c2ccc(Br)cc2)[nH]1,,,CHEMBL1811868,Bioorg Med Chem,2011,,CHEMBL1814254,,CHEMBL1814254,5.54,0,http://www.openphacts.org/units/Nanomolar,1448797,=,1,1,=,,IC50,nM,,2900.0,CHEMBL351,Salmonella enterica subsp. enterica serovar Typhimurium,Salmonella typhimurium,90371,,,IC50,uM,UO_0000065,,2.9,2900.0,5.537602002101044
5363,,,19241833,[],CHEMBL4399776,Antibiofilm activity against Bacillus subtilis MTCC 121 assessed as inhibition of biofilm formation by crystal violet staining-based microtitre plate assay,F,,,BAO_0000190,BAO_0000218,organism-based format,O=C(c1cn(-c2ccc(Cl)cc2)nn1)c1c(-c2ccccc2)nc2sccn12,,,CHEMBL4396937,Bioorg Med Chem Lett,2019,,CHEMBL4471932,,CHEMBL4471932,,0,http://www.openphacts.org/units/MicrogramPerMilliliter,3211945,=,1,1,=,,IC50,ug.mL-1,,11.4,CHEMBL359,Bacillus subtilis,Bacillus subtilis,1423,,,IC50,ug ml-1,UO_0000274,,11.4,28087.81136817207,4.551482100163222
4404,,,18982258,[],CHEMBL4339393,Antibiofilm activity against Escherichia coli ATCC 25922 incubated for 24 hrs by crystal violet-staining based assay,F,,,BAO_0000179,BAO_0000218,organism-based format,Br.COc1cccc(-c2cn3nc(-c4c[nH]c5ccccc45)sc3n2)c1,,,CHEMBL4339190,Eur J Med Chem,2019,,CHEMBL4463225,,CHEMBL4596144,,0,http://www.openphacts.org/units/Micromolar,3166575,=,1,0,=,,MBIC50,uM,,69.7,CHEMBL354,Escherichia coli,Escherichia coli,562,,,MBIC50,uM,UO_0000064,,69.7,69700.0,4.15676722190199
5836,,,22421791,"[{'comments': None, 'relation': '=', 'result_flag': 0, 'standard_relation': '=', 'standard_text_value': None, 'standard_type': 'TIME', 'standard_units': 'hr', 'standard_value': '24.0', 'text_value': None, 'type': 'Time', 'units': 'hrs', 'value': '24.0'}]",CHEMBL4673709,Inhibition of biofilm formation in methicillin-resistant Staphylococcus aureus ATCC 6538 incubated for 24 hrs by crystal violet staining based assay,F,,,BAO_0000190,BAO_0000218,organism-based format,Cl.Nc1nccc(-c2cccc(NC(=O)c3cc(Cl)cc(Cl)c3)c2)n1,,,CHEMBL4673191,RSC Med Chem,2021,,CHEMBL4795167,,CHEMBL4803906,4.6,0,http://www.openphacts.org/units/Nanomolar,3513626,=,1,1,=,,IC50,nM,,24900.0,CHEMBL352,Staphylococcus aureus,Staphylococcus aureus,1280,,,IC50,uM,UO_0000065,,24.9,24900.0,4.603800652904264
2018,,,15178566,[],CHEMBL3405140,Antimicrobial activity against Staphylococcus aureus MLS-16 MTCC 2940 assessed as inhibition of biofilm formation after 24 hrs,F,,,BAO_0000190,BAO_0000218,organism-based format,O=c1cc(CO)oc(C2C=C(c3ccccc3)Oc3ccccc32)c1O,,,CHEMBL3400018,Bioorg Med Chem Lett,2015,,CHEMBL3402101,,CHEMBL3402101,,0,http://www.openphacts.org/units/MicrogramPerMilliliter,2283215,=,1,1,=,,IC50,ug.mL-1,,8.3,CHEMBL352,Staphylococcus aureus,Staphylococcus aureus,1280,,,IC50,ug ml-1,UO_0000274,,8.3,23826.337576143807,4.622942709340944
6107,,,22446337,[],CHEMBL4679608,Antibiofilm activity against Streptococcus mutans UA159 assessed as inhibition of biofilm formation by serial dilution method,F,,,BAO_0000190,BAO_0000218,organism-based format,NCc1ccccc1NC(=O)c1cc2cc([N+](=O)[O-])ccc2s1,Outside typical range,"Values for this activity type are unusually large/small, so may not be accurate",CHEMBL4673385,ACS Med Chem Lett,2021,,CHEMBL4790000,,CHEMBL4790000,,0,http://www.openphacts.org/units/Nanomolar,3517886,=,1,1,=,,IC50,nM,,106200.0,CHEMBL612426,Streptococcus mutans,Streptococcus mutans,1309,,,IC50,uM,UO_0000065,,106.2,106200.0,3.9738754832545498
815,,,6306977,[],CHEMBL1815005,Antimicrobial activity against Salmonella Typhimurium ATCC 14028 assessed as inhibition of biofilm formation after 24 hrs by spectrophotometry,F,,,BAO_0000190,BAO_0000218,organism-based format,CCCCCCCN1c2nccc[n+]2C[C@@]1(O)c1ccccc1.[Br-],,,CHEMBL1811868,Bioorg Med Chem,2011,,CHEMBL1814006,,CHEMBL1852712,4.63,0,http://www.openphacts.org/units/Nanomolar,1448512,=,1,1,=,,IC50,nM,,23400.0,CHEMBL351,Salmonella enterica subsp. enterica serovar Typhimurium,Salmonella typhimurium,90371,,,IC50,uM,UO_0000065,,23.4,23400.0,4.6307841425898575
3773,,,18781243,[],CHEMBL4270107,Antibiofilm activity against Staphylococcus aureus Rosenbach ATCC 25923 after 24 hrs by crystal-violet based UV-Vis spectroscopy,F,,,BAO_0000188,BAO_0000218,organism-based format,O=C(Nc1ccc(Sc2nc3ccccc3s2)cc1)c1cc(Br)cc(Br)c1O,,,CHEMBL4266041,J Med Chem,2018,,CHEMBL4277733,,CHEMBL4277733,6.27,0,http://www.openphacts.org/units/Nanomolar,3120650,=,1,1,=,,EC50,nM,,540.0,CHEMBL352,Staphylococcus aureus,Staphylococcus aureus,1280,,,EC50,uM,UO_0000065,,0.54,540.0,6.267606240177031
2765,,,16817169,[],CHEMBL3871884,Antibiofilm activity against methicillin-resistant Staphylococcus aureus BAA-1685 after 24 hrs by crystal violet staining based assay,F,,,BAO_0000190,BAO_0000019,assay format,Nc1nc([C@@H]2c3[nH]c(N)nc3C[C@H](CNC(=O)c3cc(Br)c[nH]3)[C@H]2CNC(=O)c2cc(Br)c(Br)[nH]2)c[nH]1,,,CHEMBL3871288,Bioorg Med Chem Lett,2016,,CHEMBL1162475,BROMOAGELIFERIN,CHEMBL1162475,4.97,0,http://www.openphacts.org/units/Nanomolar,2812293,=,1,1,=,,IC50,nM,,10600.0,CHEMBL352,Staphylococcus aureus,Staphylococcus aureus,1280,,,IC50,uM,UO_0000065,,10.6,10600.0,4.97469413473523
6069,,,22446299,[],CHEMBL4679608,Antibiofilm activity against Streptococcus mutans UA159 assessed as inhibition of biofilm formation by serial dilution method,F,,,BAO_0000190,BAO_0000218,organism-based format,NC(=O)c1cccc(NC(=O)c2cnc3ccccc3c2)c1,,,CHEMBL4673385,ACS Med Chem Lett,2021,,CHEMBL4752914,,CHEMBL4752914,5.07,0,http://www.openphacts.org/units/Nanomolar,3517924,=,1,1,=,,IC50,nM,,8600.0,CHEMBL612426,Streptococcus mutans,Streptococcus mutans,1309,,,IC50,uM,UO_0000065,,8.6,8600.0,5.065501548756432
5390,,,19241860,[],CHEMBL4399780,Antibiofilm activity against Escherichia coli MTCC 739 assessed as inhibition of biofilm formation by crystal violet staining-based microtitre plate assay,F,,,BAO_0000190,BAO_0000218,organism-based format,O=C(c1cn(-c2ccc(Cl)cc2)nn1)c1c(-c2ccc(Cl)cc2)nc2sccn12,,,CHEMBL4396937,Bioorg Med Chem Lett,2019,,CHEMBL4454717,,CHEMBL4454717,,0,http://www.openphacts.org/units/MicrogramPerMilliliter,3211952,=,1,1,=,,IC50,ug.mL-1,,14.0,CHEMBL354,Escherichia coli,Escherichia coli,562,,,IC50,ug ml-1,UO_0000274,,14.0,31795.41918853548,4.497635444935195
1139,,,13840648,[],CHEMBL3095561,Antibiofilm activity against Staphylococcus aureus MLS-16 MTCC 2940 after 24 hrs by crystal violet assay,F,,,BAO_0000190,BAO_0000218,organism-based format,COc1cc(Cn2cc(CNC(=O)c3ccc([N+](=O)[O-])o3)nn2)ccc1F,,,CHEMBL3091424,Bioorg Med Chem Lett,2013,,CHEMBL3093121,,CHEMBL3093121,,0,http://www.openphacts.org/units/MicrogramPerMilliliter,1953081,=,1,1,=,,IC50,ug.mL-1,,2.7,CHEMBL352,Staphylococcus aureus,Staphylococcus aureus,1280,,,IC50,ug ml-1,UO_0000274,,2.7,7193.937908322585,5.14303331494526
3227,,,18511389,[],CHEMBL4191872,Antibiofilm activity against Salmonella typhimurium ATCC 14028 after 24 hrs by crystal violet staining based method,F,,,BAO_0000179,BAO_0000218,organism-based format,Cc1ccc(NC(=O)Cn2c(N)nc(Cc3ccc(C(C)(C)C)cc3)c2-c2ccccc2Br)cc1,,,CHEMBL4190235,Eur J Med Chem,2017,,CHEMBL4208312,,CHEMBL4208312,,0,http://www.openphacts.org/units/Micromolar,3073318,=,1,0,=,,MBIC50,uM,,17.6,CHEMBL351,Salmonella enterica subsp. enterica serovar Typhimurium,Salmonella typhimurium,90371,,,MBIC50,uM,UO_0000064,,17.6,17600.0,4.7544873321858505
2819,,,16819099,[],CHEMBL3872387,Antibiofilm activity against Staphylococcus aureus ATCC 29213 after 24 hrs by crystal-violet stain based assay,F,,,BAO_0000190,BAO_0000019,assay format,CC(=O)/C(=C\NNc1cc(Cl)ccc1Cl)C(=O)Nc1ccccc1,,,CHEMBL3872202,Eur J Med Chem,2016,,CHEMBL3908306,,CHEMBL3908306,5.6,0,http://www.openphacts.org/units/Nanomolar,2812693,=,1,1,=,,IC50,nM,,2500.0,CHEMBL352,Staphylococcus aureus,Staphylococcus aureus,1280,,,IC50,uM,UO_0000065,,2.5,2500.0,5.6020599913279625
4985,,,19107468,[],CHEMBL4369768,Antibiofilm activity against Mycobacterium smegmatis str. MC2 155 ATCC 700084 assessed as inhibition of biofilm formation incubated for 48 hrs by crystal violet reporter assay,F,,,BAO_0000190,BAO_0000218,organism-based format,Nc1nc2cc(NC(=O)Nc3ccc(Cl)c(Cl)c3)ccc2n1CCCc1ccccc1,,,CHEMBL4368897,Medchemcomm,2019,,CHEMBL4299923,,CHEMBL4299923,5.58,0,http://www.openphacts.org/units/Nanomolar,3188146,=,1,1,=,,IC50,nM,,2600.0,CHEMBL613088,Mycolicibacterium smegmatis,Mycolicibacterium smegmatis,1772,,,IC50,uM,UO_0000065,,2.6,2600.0,5.585026652029182
2792,,,16819072,[],CHEMBL3872386,Antibiofilm activity against Staphylococcus aureus ATCC 25923 after 24 hrs by crystal-violet stain based assay,F,,,BAO_0000190,BAO_0000019,assay format,Cc1c(C(=O)Nc2ccccc2)cnn1-c1cc(Cl)ccc1Cl,,,CHEMBL3872202,Eur J Med Chem,2016,,CHEMBL3935952,,CHEMBL3935952,4.04,0,http://www.openphacts.org/units/Nanomolar,2812686,=,1,1,=,,IC50,nM,,92000.0,CHEMBL352,Staphylococcus aureus,Staphylococcus aureus,1280,,,IC50,uM,UO_0000065,,92.0,92000.0,4.036212172654444
668,,,6304706,[],CHEMBL1815005,Antimicrobial activity against Salmonella Typhimurium ATCC 14028 assessed as inhibition of biofilm formation after 24 hrs by spectrophotometry,F,,,BAO_0000190,BAO_0000218,organism-based format,Nc1ncc(-c2ccc(Cl)cc2)[nH]1,,,CHEMBL1811868,Bioorg Med Chem,2011,,CHEMBL1649772,,CHEMBL1649772,4.8,0,http://www.openphacts.org/units/Nanomolar,1448779,=,1,1,=,,IC50,nM,,16000.0,CHEMBL351,Salmonella enterica subsp. enterica serovar Typhimurium,Salmonella typhimurium,90371,,,IC50,uM,UO_0000065,,16.0,16000.0,4.795880017344075
1690,,,14541456,[],CHEMBL3227446,Antimicrobial activity against methicillin-resistant Staphylococcus aureus ATCC 43300 assessed as inhibition of biofilm formation after 24 hrs by crystal violet staining-based microscopy,F,,,BAO_0000190,BAO_0000218,organism-based format,CCCCCc1ccc(C(=O)Nc2ccc3c(c2)nc(N)n3CCc2ccc(OC)cc2)cc1.Cl,,,CHEMBL3217587,Medchemcomm,2012,,CHEMBL3218063,,CHEMBL3302438,5.21,0,http://www.openphacts.org/units/Nanomolar,2072407,=,1,1,=,,IC50,nM,,6200.0,CHEMBL352,Staphylococcus aureus,Staphylococcus aureus,1280,,,IC50,uM,UO_0000065,,6.2,6200.0,5.207608310501746
3711,,,18730780,[],CHEMBL4260145,Antibiofilm activity against Salmonella typhimurium ATCC 14028 after 24 hrs by crystal violet staining based assay,F,,,BAO_0000190,BAO_0000218,organism-based format,CCCCCc1ccc(C(=O)Nc2ccc3c(c2)nc(N)n3C2CCCC2)cc1.Cl,,,CHEMBL4257552,Medchemcomm,2018,,CHEMBL3218056,,CHEMBL3302771,4.82,0,http://www.openphacts.org/units/Nanomolar,3111823,=,1,1,=,,IC50,nM,,15000.0,CHEMBL351,Salmonella enterica subsp. enterica serovar Typhimurium,Salmonella typhimurium,90371,,,IC50,uM,UO_0000065,20.0,15.0,15000.0,4.823908740944319
9403,,,25722622,"[{'comments': None, 'relation': '=', 'result_flag': 0, 'standard_relation': '=', 'standard_text_value': None, 'standard_type': 'DOSE_Lower', 'standard_units': 'microg/ml', 'standard_value': '1.56', 'text_value': None, 'type': 'DOSE_Lower', 'units': 'microg/ml', 'value': '1.56'}, {'comments': None, 'relation': '=', 'result_flag': 0, 'standard_relation': '=', 'standard_text_value': None, 'standard_type': 'DOSE_Upper', 'standard_units': 'microg/ml', 'standard_value': '100.0', 'text_value': None, 'type': 'DOSE_Upper', 'units': 'microg/ml', 'value': '100.0'}, {'comments': None, 'relation': '=', 'result_flag': 0, 'standard_relation': '=', 'standard_text_value': None, 'standard_type': 'TIME', 'standard_units': 'hr', 'standard_value': '24.0', 'text_value': None, 'type': 'TIME', 'units': 'hrs', 'value': '24.0'}]",CHEMBL5391157,Antibiofilm activity against methicillin-resistant Staphylococcus aureus ATCC 33591 assessed as inhibition of biofilm formation incubated for 24 hrs by crystal violet staining based analysis,F,,,BAO_0000179,BAO_0000218,organism-based format,CCOC(=O)c1ccc2c(c1)C(C)(C)C(c1cnc3c4ccccc4nn3c1)=N2,,,CHEMBL5390226,Bioorg Med Chem,2023,,CHEMBL5420107,,CHEMBL5420107,,0,http://www.openphacts.org/units/MicrogramPerMilliliter,4010182,=,1,0,=,,MBIC50,ug ml-1,,100.0,CHEMBL352,Staphylococcus aureus,Staphylococcus aureus,1280,,,MBIC50,ug ml-1,UO_0000274,,100.0,260119.29070671808,3.584827438896718
4299,,,18982153,[],CHEMBL4339389,Antibiofilm activity against Staphylococcus aureus ATCC 25923 incubated for 24 hrs by crystal violet-staining based assay,F,,,BAO_0000179,BAO_0000218,organism-based format,Br.Fc1ccc(-c2cn3nc(-c4c[nH]c5ccccc45)sc3n2)cc1,,,CHEMBL4339190,Eur J Med Chem,2019,,CHEMBL4453918,,CHEMBL4596746,,0,http://www.openphacts.org/units/Micromolar,3166577,=,1,0,=,,MBIC50,uM,,15.6,CHEMBL352,Staphylococcus aureus,Staphylococcus aureus,1280,,,MBIC50,uM,UO_0000064,,15.6,15600.0,4.806875401645538
2764,,,16817168,[],CHEMBL3871884,Antibiofilm activity against methicillin-resistant Staphylococcus aureus BAA-1685 after 24 hrs by crystal violet staining based assay,F,,,BAO_0000190,BAO_0000019,assay format,Nc1ncc([C@@H]2[C@@H](CNC(=O)c3cc(Br)c(Br)[nH]3)[C@H](CNC(=O)c3cc(Br)c(Br)[nH]3)[C@H]2c2cnc(N)[nH]2)[nH]1,,,CHEMBL3871288,Bioorg Med Chem Lett,2016,,CHEMBL3926591,,CHEMBL3926591,4.82,0,http://www.openphacts.org/units/Nanomolar,2812292,=,1,1,=,,IC50,nM,,15300.0,CHEMBL352,Staphylococcus aureus,Staphylococcus aureus,1280,,,IC50,uM,UO_0000065,,15.3,15300.0,4.815308569182402
812,,,6306974,[],CHEMBL1815005,Antimicrobial activity against Salmonella Typhimurium ATCC 14028 assessed as inhibition of biofilm formation after 24 hrs by spectrophotometry,F,,,BAO_0000190,BAO_0000218,organism-based format,CCCCCCCCCCN1c2nccc[n+]2C[C@@]1(O)c1ccccc1.[Br-],,,CHEMBL1811868,Bioorg Med Chem,2011,,CHEMBL1814009,,CHEMBL1851822,4.82,0,http://www.openphacts.org/units/Nanomolar,1448515,=,1,1,=,,IC50,nM,,15000.0,CHEMBL351,Salmonella enterica subsp. enterica serovar Typhimurium,Salmonella typhimurium,90371,,,IC50,uM,UO_0000065,,15.0,15000.0,4.823908740944319
6519,,,22905977,"[{'comments': None, 'relation': '=', 'result_flag': 0, 'standard_relation': '=', 'standard_text_value': None, 'standard_type': 'TIME', 'standard_units': 'hr', 'standard_value': '24.0', 'text_value': None, 'type': 'Time', 'units': 'hrs', 'value': '24.0'}]",CHEMBL4733169,Antibiofilm activity against Staphylococcus aureus ATCC 25923 after 24 hrs by crystal violet staining based assay,F,,,BAO_0000179,BAO_0000218,organism-based format,Cn1cc(C(=O)c2nc(-c3cn(C)c4ccc(F)cc34)no2)c2cc(Br)ccc21,,,CHEMBL4732050,Eur J Med Chem,2021,,CHEMBL4784758,,CHEMBL4784758,,0,http://www.openphacts.org/units/Micromolar,3556006,=,1,0,=,,MBIC50,uM,,29.6,CHEMBL352,Staphylococcus aureus,Staphylococcus aureus,1280,,,MBIC50,uM,UO_0000064,,29.6,29600.0,4.528708288941061
8187,,,24898421,"[{'comments': None, 'relation': '=', 'result_flag': 0, 'standard_relation': '=', 'standard_text_value': None, 'standard_type': 'TIME', 'standard_units': 'hr', 'standard_value': '24.0', 'text_value': None, 'type': 'Time', 'units': 'hrs', 'value': '24.0'}]",CHEMBL5159908,Antibiofilm activity against Salmonella typhimurium ATCC 14028 assessed as biofilm dispersal effect incubated for 24 hrs by crystal violet staining based spectrophotometry,F,,,BAO_0000188,BAO_0000218,organism-based format,CN(Cc1ccsc1)CC1CCN(CCc2ccccc2I)CC1,,,CHEMBL5154764,Eur J Med Chem,2022,,CHEMBL5179095,,CHEMBL5179095,4.22,0,http://www.openphacts.org/units/Nanomolar,3891432,=,1,1,=,,EC50,nM,,60000.0,CHEMBL351,Salmonella enterica subsp. enterica serovar Typhimurium,Salmonella typhimurium,90371,,,EC50,uM,UO_0000065,,60.0,60000.0,4.221848749616356
679,,,6305671,[],CHEMBL1815005,Antimicrobial activity against Salmonella Typhimurium ATCC 14028 assessed as inhibition of biofilm formation after 24 hrs by spectrophotometry,F,,,BAO_0000190,BAO_0000218,organism-based format,COc1ccc(CN2c3nccc[n+]3C[C@@]2(O)c2ccc(Br)cc2)cc1.[Br-],Outside typical range,"Values for this activity type are unusually large/small, so may not be accurate",CHEMBL1811868,Bioorg Med Chem,2011,,CHEMBL1814231,,CHEMBL1851757,,0,http://www.openphacts.org/units/Nanomolar,1448770,=,1,1,=,,IC50,nM,,109800.0,CHEMBL351,Salmonella enterica subsp. enterica serovar Typhimurium,Salmonella typhimurium,90371,,,IC50,uM,UO_0000065,,109.8,109800.0,3.9593976598859264
6084,,,22446314,[],CHEMBL4679608,Antibiofilm activity against Streptococcus mutans UA159 assessed as inhibition of biofilm formation by serial dilution method,F,,,BAO_0000190,BAO_0000218,organism-based format,COC(=O)c1cccc(NC(=O)c2cc3ccccc3s2)c1,Outside typical range,"Values for this activity type are unusually large/small, so may not be accurate",CHEMBL4673385,ACS Med Chem Lett,2021,,CHEMBL4796173,,CHEMBL4796173,,0,http://www.openphacts.org/units/Nanomolar,3517909,=,1,1,=,,IC50,nM,,120700.0,CHEMBL612426,Streptococcus mutans,Streptococcus mutans,1309,,,IC50,uM,UO_0000065,,120.7,120700.0,3.9182927299026504
4167,,,18955404,[],CHEMBL4332306,Anti-biofilm activity against Pseudoalteromonas ulvae TC14 assessed as inhibition of bacterial adhesion incubated for 15 hrs at 20 degC by Syto 61 dye based fluorescence assay,F,,,BAO_0000188,BAO_0000218,organism-based format,Oc1ccc(CCn2cc(CNCc3cn(CCc4ccc(O)c(Br)c4)nn3)nn2)cc1Br,,,CHEMBL4330109,Bioorg Med Chem Lett,2019,,CHEMBL4448955,,CHEMBL4448955,4.22,0,http://www.openphacts.org/units/Nanomolar,3162274,=,1,1,=,,EC50,nM,,59900.0,CHEMBL4296595,Pseudoalteromonas ulvae,Pseudoalteromonas ulvae,107327,,,EC50,uM,UO_0000065,,59.9,59900.0,4.2225731776106885
2674,,,16629149,[],CHEMBL3820717,Antibiofilm activity against Bacillus subtilis MTCC 121 incubated for 24 hrs by crystal violet staining-based assay,F,,,BAO_0000190,BAO_0000218,organism-based format,Cc1ccc(C2=CSC3=NC4=C(CSc5ccccc54)C(c4ccccc4)N23)cc1,,,CHEMBL3817812,Bioorg Med Chem,2016,,CHEMBL3819536,,CHEMBL3819536,,0,http://www.openphacts.org/units/MicrogramPerMilliliter,2782938,=,1,1,=,,IC50,ug.mL-1,,1.9,CHEMBL359,Bacillus subtilis,Bacillus subtilis,1423,,,IC50,ug ml-1,UO_0000274,,1.9,4474.863045638892,5.349220251841582
3715,,,18730784,[],CHEMBL4260145,Antibiofilm activity against Salmonella typhimurium ATCC 14028 after 24 hrs by crystal violet staining based assay,F,,,BAO_0000190,BAO_0000218,organism-based format,CCCCCc1ccc(C(=O)Nc2ccc3c(c2)nc(N)n3CCCc2ccccc2)cc1.Cl,,,CHEMBL4257552,Medchemcomm,2018,,CHEMBL3218069,,CHEMBL3304276,4.88,0,http://www.openphacts.org/units/Nanomolar,3111819,=,1,1,=,,IC50,nM,,13100.0,CHEMBL351,Salmonella enterica subsp. enterica serovar Typhimurium,Salmonella typhimurium,90371,,,IC50,uM,UO_0000065,,13.1,13100.0,4.8827287043442364
897,,,10928307,[],CHEMBL2044658,Inhibition of type 1 pili formation in uropathogenic Escherichia coli isolate UTI89 assessed as inhibition of biofilm formation after 24 hrs by crystal violet staining method,F,,,BAO_0000188,BAO_0000218,organism-based format,O=C(O)[C@@H]1CSc2c(-c3cn(Cc4ccc([N+](=O)[O-])cc4)nn3)c(Cc3cccc4ccccc34)c(Br)c(=O)n21,,,CHEMBL2040841,Eur J Med Chem,2012,,CHEMBL2043287,,CHEMBL2043287,4.46,0,http://www.openphacts.org/units/Nanomolar,1651140,=,1,1,=,,EC50,nM,,35000.0,CHEMBL354,Escherichia coli,Escherichia coli,562,,,EC50,uM,UO_0000065,,35.0,35000.0,4.455931955649724
3730,,,18730803,[],CHEMBL4260145,Antibiofilm activity against Salmonella typhimurium ATCC 14028 after 24 hrs by crystal violet staining based assay,F,,,BAO_0000190,BAO_0000218,organism-based format,CCCc1ccc(C(=O)Nc2ccc3c(c2)nc(N)n3CCCc2ccccc2)cc1.Cl,,,CHEMBL4257552,Medchemcomm,2018,,CHEMBL4286422,,CHEMBL4301251,4.82,0,http://www.openphacts.org/units/Nanomolar,3111847,=,1,1,=,,IC50,nM,,15000.0,CHEMBL351,Salmonella enterica subsp. enterica serovar Typhimurium,Salmonella typhimurium,90371,,,IC50,uM,UO_0000065,20.0,15.0,15000.0,4.823908740944319
2510,,,16605494,[],CHEMBL3813216,Antibiofilm activity against Staphylococcus aureus MTCC 96 after 24 hrs by crystal violet staining based assay,F,,,BAO_0000190,BAO_0000218,organism-based format,CO[C@@]12[C@H](COC(N)=O)C3=C(C(=O)C(C)=C(N)C3=O)N1C[C@@H]1N[C@@H]12,,,CHEMBL3808371,Eur J Med Chem,2016,,CHEMBL105,MITOMYCIN,CHEMBL105,5.96,0,http://www.openphacts.org/units/Nanomolar,2779002,=,1,1,=,,IC50,nM,,1100.0,CHEMBL352,Staphylococcus aureus,Staphylococcus aureus,1280,,,IC50,uM,UO_0000065,,1.1,1100.0,5.958607314841775
8143,,,24898377,"[{'comments': None, 'relation': '=', 'result_flag': 0, 'standard_relation': '=', 'standard_text_value': None, 'standard_type': 'TIME', 'standard_units': 'hr', 'standard_value': '24.0', 'text_value': None, 'type': 'Time', 'units': 'hrs', 'value': '24.0'}]",CHEMBL5159907,Antibiofilm activity against Salmonella typhimurium ATCC 14028 assessed as inhibition of biofilm formation incubated for 24 hrs by crystal violet staining based spectrophotometry,F,,,BAO_0000190,BAO_0000218,organism-based format,CN(Cc1ccsc1)CC1CCN(CCc2cccc(-c3ccccc3)c2)CC1,,,CHEMBL5154764,Eur J Med Chem,2022,,CHEMBL5181841,,CHEMBL5181841,5.75,0,http://www.openphacts.org/units/Nanomolar,3891440,=,1,1,=,,IC50,nM,,1800.0,CHEMBL351,Salmonella enterica subsp. enterica serovar Typhimurium,Salmonella typhimurium,90371,,,IC50,uM,UO_0000065,,1.8,1800.0,5.7447274948966935
3510,,,18570304,[],CHEMBL4220814,Antibiofilm activity against Escherichia coli TG1 after 24 hrs by crystal violet staining based assay,F,,,BAO_0000190,BAO_0000218,organism-based format,Clc1ccc(-c2cnc(NCCCCNc3ncc(-c4ccc(Cl)cc4)[nH]3)[nH]2)cc1,,,CHEMBL4219072,Bioorg Med Chem,2018,,CHEMBL4224972,,CHEMBL4224972,5.03,0,http://www.openphacts.org/units/Nanomolar,3083453,=,1,1,=,,IC50,nM,,9300.0,CHEMBL354,Escherichia coli,Escherichia coli,562,,,IC50,uM,UO_0000065,,9.3,9300.0,5.031517051446064
5006,,,19127353,[],CHEMBL4374185,Antibiofilm activity against Mycobacterium smegmatis str. MC2 155 ATCC 700084 after 48 hrs by crystal violet staining based reporter assay,F,,,BAO_0000190,BAO_0000218,organism-based format,CCCCCCc1ccc(C(=O)Nc2ccc3nc(N)ncc3c2)cc1.Cl,,,CHEMBL4373648,Medchemcomm,2019,,CHEMBL4436834,,CHEMBL4595578,4.19,0,http://www.openphacts.org/units/Nanomolar,3192246,=,1,1,=,,IC50,nM,,65000.0,CHEMBL613088,Mycolicibacterium smegmatis,Mycolicibacterium smegmatis,1772,,,IC50,uM,UO_0000065,,65.0,65000.0,4.187086643357144
791,,,6306953,[],CHEMBL1815005,Antimicrobial activity against Salmonella Typhimurium ATCC 14028 assessed as inhibition of biofilm formation after 24 hrs by spectrophotometry,F,,,BAO_0000190,BAO_0000218,organism-based format,CC(C)CN1c2nccc[n+]2C[C@@]1(O)c1ccc([N+](=O)[O-])cc1.[Br-],Outside typical range,"Values for this activity type are unusually large/small, so may not be accurate",CHEMBL1811868,Bioorg Med Chem,2011,,CHEMBL1814031,,CHEMBL1851752,,0,http://www.openphacts.org/units/Nanomolar,1448537,=,1,1,=,,IC50,nM,,322500.0,CHEMBL351,Salmonella enterica subsp. enterica serovar Typhimurium,Salmonella typhimurium,90371,,,IC50,uM,UO_0000065,,322.5,322500.0,3.4914702810287137
8100,,,24898334,"[{'comments': None, 'relation': '=', 'result_flag': 0, 'standard_relation': '=', 'standard_text_value': None, 'standard_type': 'TIME', 'standard_units': 'hr', 'standard_value': '24.0', 'text_value': None, 'type': 'Time', 'units': 'hrs', 'value': '24.0'}]",CHEMBL5159907,Antibiofilm activity against Salmonella typhimurium ATCC 14028 assessed as inhibition of biofilm formation incubated for 24 hrs by crystal violet staining based spectrophotometry,F,,,BAO_0000190,BAO_0000218,organism-based format,CN(Cc1ccsc1)CC1CCNCC1,Outside typical range,"Values for this activity type are unusually large/small, so may not be accurate",CHEMBL5154764,Eur J Med Chem,2022,,CHEMBL5180082,,CHEMBL5180082,,0,http://www.openphacts.org/units/Nanomolar,3891395,=,1,1,=,,IC50,nM,,138100.0,CHEMBL351,Salmonella enterica subsp. enterica serovar Typhimurium,Salmonella typhimurium,90371,,,IC50,uM,UO_0000065,,138.1,138100.0,3.8598063214213685
8817,,,25575436,[],CHEMBL5352619,Antibiofilm activity against Streptococcus mutans UA159 assessed as inhibition of biofilm formation,F,,,BAO_0000190,BAO_0000218,organism-based format,COc1ccc(CCNC2=CC3=NCCc4cn(S(=O)(=O)c5ccc(C)cc5)c(c43)C2=O)cc1,,,CHEMBL5352385,Eur J Med Chem,2022,,CHEMBL5400068,,CHEMBL5400068,5.7,0,http://www.openphacts.org/units/Nanomolar,3981684,=,1,1,=,,IC50,nM,,2000.0,CHEMBL612426,Streptococcus mutans,Streptococcus mutans,1309,,,IC50,uM,UO_0000065,,2.0,2000.0,5.698970004336019
9469,,,25722688,"[{'comments': None, 'relation': '=', 'result_flag': 0, 'standard_relation': '=', 'standard_text_value': None, 'standard_type': 'TIME', 'standard_units': 'hr', 'standard_value': '24.0', 'text_value': None, 'type': 'TIME', 'units': 'hrs', 'value': '24.0'}]",CHEMBL5391158,Antibiofilm activity against methicillin-susceptible Staphylococcus aureus ATCC 29213 assessed as biofilm eradication incubated for 24 hrs by crystal violet staining based analysis,F,,,BAO_0000179,BAO_0000218,organism-based format,CC1(C)C(c2cnn(-c3ccc(C(=O)O)cc3)c2)=Nc2ccc3ccccc3c21,,,CHEMBL5390226,Bioorg Med Chem,2023,,CHEMBL5404078,,CHEMBL5404078,,0,http://www.openphacts.org/units/MicrogramPerMilliliter,4010178,=,1,0,=,,MBEC50,ug ml-1,,12.5,CHEMBL352,Staphylococcus aureus,Staphylococcus aureus,1280,,,MBEC50,ug ml-1,UO_0000274,,12.5,32770.98326058174,4.4845105278505
1689,,,14541455,[],CHEMBL3227446,Antimicrobial activity against methicillin-resistant Staphylococcus aureus ATCC 43300 assessed as inhibition of biofilm formation after 24 hrs by crystal violet staining-based microscopy,F,,,BAO_0000190,BAO_0000218,organism-based format,CCCCCc1ccc(C(=O)Nc2ccc3c(c2)nc(N)n3CCc2cccc(OC)c2)cc1.Cl,,,CHEMBL3217587,Medchemcomm,2012,,CHEMBL3218062,,CHEMBL3301691,5.21,0,http://www.openphacts.org/units/Nanomolar,2072406,=,1,1,=,,IC50,nM,,6100.0,CHEMBL352,Staphylococcus aureus,Staphylococcus aureus,1280,,,IC50,uM,UO_0000065,,6.1,6100.0,5.214670164989233
4174,,,18955411,[],CHEMBL4332306,Anti-biofilm activity against Pseudoalteromonas ulvae TC14 assessed as inhibition of bacterial adhesion incubated for 15 hrs at 20 degC by Syto 61 dye based fluorescence assay,F,,,BAO_0000188,BAO_0000218,organism-based format,COc1ccc(CCn2cc(CNCc3cn(CCc4ccc(OC)c(Br)c4)nn3)nn2)cc1Br,Outside typical range,"Values for this activity type are unusually large/small, so may not be accurate",CHEMBL4330109,Bioorg Med Chem Lett,2019,,CHEMBL4454910,,CHEMBL4454910,,0,http://www.openphacts.org/units/Nanomolar,3162281,=,1,1,=,,EC50,nM,,138400.0,CHEMBL4296595,Pseudoalteromonas ulvae,Pseudoalteromonas ulvae,107327,,,EC50,uM,UO_0000065,,138.4,138400.0,3.858863909879261
3539,,,18570333,[],CHEMBL4220815,Antibiofilm activity against Staphylococcus aureus SH1000 after 48 hrs by crystal violet staining based assay,F,,,BAO_0000190,BAO_0000218,organism-based format,Nc1ncc(-c2ccc(Br)cc2)[nH]1,Outside typical range,"Values for this activity type are unusually large/small, so may not be accurate",CHEMBL4219072,Bioorg Med Chem,2018,,CHEMBL1649773,,CHEMBL1649773,,0,http://www.openphacts.org/units/Nanomolar,3083430,=,1,1,=,,IC50,nM,,152500.0,CHEMBL352,Staphylococcus aureus,Staphylococcus aureus,1280,,,IC50,uM,UO_0000065,,152.5,152500.0,3.8167301563171954
6204,,,22750692,"[{'comments': None, 'relation': '=', 'result_flag': 0, 'standard_relation': '=', 'standard_text_value': None, 'standard_type': 'TIME', 'standard_units': 'hr', 'standard_value': '24.0', 'text_value': None, 'type': 'Time', 'units': 'hrs', 'value': '24.0'}]",CHEMBL4699742,Antibiofilm activity against Mycobacterium smegmatis mc2 155 ATCC 700084 assessed as inhibition of biofilm formation measured after 24 hrs by crystal violet reporter assay,F,,,BAO_0000190,BAO_0000218,organism-based format,Nc1nccc(-c2c[nH]c3cc(I)ccc23)n1,,,CHEMBL4699393,RSC Med Chem,2020,,CHEMBL4302259,,CHEMBL4302259,4.88,0,http://www.openphacts.org/units/Nanomolar,3530898,=,1,1,=,,IC50,nM,,13200.0,CHEMBL613088,Mycolicibacterium smegmatis,Mycolicibacterium smegmatis,1772,,,IC50,uM,UO_0000065,,13.2,13200.0,4.87942606879415
8172,,,24898406,"[{'comments': None, 'relation': '=', 'result_flag': 0, 'standard_relation': '=', 'standard_text_value': None, 'standard_type': 'TIME', 'standard_units': 'hr', 'standard_value': '24.0', 'text_value': None, 'type': 'Time', 'units': 'hrs', 'value': '24.0'}]",CHEMBL5159908,Antibiofilm activity against Salmonella typhimurium ATCC 14028 assessed as biofilm dispersal effect incubated for 24 hrs by crystal violet staining based spectrophotometry,F,,,BAO_0000188,BAO_0000218,organism-based format,CN(Cc1ccsc1)CC1CCN(CCc2ccccc2C(F)(F)F)CC1,,,CHEMBL5154764,Eur J Med Chem,2022,,CHEMBL5172444,,CHEMBL5172444,4.22,0,http://www.openphacts.org/units/Nanomolar,3891415,=,1,1,=,,EC50,nM,,60000.0,CHEMBL351,Salmonella enterica subsp. enterica serovar Typhimurium,Salmonella typhimurium,90371,,,EC50,uM,UO_0000065,,60.0,60000.0,4.221848749616356
6086,,,22446316,[],CHEMBL4679608,Antibiofilm activity against Streptococcus mutans UA159 assessed as inhibition of biofilm formation by serial dilution method,F,,,BAO_0000190,BAO_0000218,organism-based format,NC(=O)c1ccc(NC(=O)c2cc3ccccc3s2)cc1,,,CHEMBL4673385,ACS Med Chem Lett,2021,,CHEMBL4753958,,CHEMBL4753958,4.34,0,http://www.openphacts.org/units/Nanomolar,3517907,=,1,1,=,,IC50,nM,,45600.0,CHEMBL612426,Streptococcus mutans,Streptococcus mutans,1309,,,IC50,uM,UO_0000065,,45.6,45600.0,4.341035157335565
3698,,,18730767,[],CHEMBL4260145,Antibiofilm activity against Salmonella typhimurium ATCC 14028 after 24 hrs by crystal violet staining based assay,F,,,BAO_0000190,BAO_0000218,organism-based format,CCCCCc1ccc(C(=O)Nc2ccc3nc(N)n(C(C)C)c3c2)cc1.Cl,,,CHEMBL4257552,Medchemcomm,2018,,CHEMBL4294850,,CHEMBL4300024,4.7,0,http://www.openphacts.org/units/Nanomolar,3111836,=,1,1,=,,IC50,nM,,20000.0,CHEMBL351,Salmonella enterica subsp. enterica serovar Typhimurium,Salmonella typhimurium,90371,,,IC50,uM,UO_0000065,40.0,20.0,20000.0,4.698970004336019
8192,,,24898426,"[{'comments': None, 'relation': '=', 'result_flag': 0, 'standard_relation': '=', 'standard_text_value': None, 'standard_type': 'TIME', 'standard_units': 'hr', 'standard_value': '24.0', 'text_value': None, 'type': 'Time', 'units': 'hrs', 'value': '24.0'}]",CHEMBL5159908,Antibiofilm activity against Salmonella typhimurium ATCC 14028 assessed as biofilm dispersal effect incubated for 24 hrs by crystal violet staining based spectrophotometry,F,,,BAO_0000188,BAO_0000218,organism-based format,CN(Cc1ccsc1)CC1CCN(Cc2ccc(I)cc2)CC1,,,CHEMBL5154764,Eur J Med Chem,2022,,CHEMBL5194397,,CHEMBL5194397,4.11,0,http://www.openphacts.org/units/Nanomolar,3891437,=,1,1,=,,EC50,nM,,77000.0,CHEMBL351,Salmonella enterica subsp. enterica serovar Typhimurium,Salmonella typhimurium,90371,,,EC50,uM,UO_0000065,,77.0,77000.0,4.113509274827518
4355,,,18982209,[],CHEMBL4339390,Antibiofilm activity against Staphylococcus aureus ATCC 6538 incubated for 24 hrs by crystal violet-staining based assay,F,,,BAO_0000179,BAO_0000218,organism-based format,Cn1cc(-c2nn3cc(-c4ccc([N+](=O)[O-])cc4)nc3s2)c2cc(Cl)ccc21,,,CHEMBL4339190,Eur J Med Chem,2019,,CHEMBL4439592,,CHEMBL4439592,,0,http://www.openphacts.org/units/Micromolar,3166608,=,1,0,=,,MBIC50,uM,,33.0,CHEMBL352,Staphylococcus aureus,Staphylococcus aureus,1280,,,MBIC50,uM,UO_0000064,,33.0,33000.0,4.481486060122112
1920,,,15087775,[],CHEMBL3388394,Inhibition of biofilm formation in methicillin-resistant Staphylococcus aureus MTCC 96 after 36 hr incubation by tissue culture plate method,F,,,BAO_0000190,BAO_0000218,organism-based format,COC(=O)CCCC(=O)Nc1ccc(-c2nc3cc(OC)ccc3[nH]2)cc1,,,CHEMBL3352166,Bioorg Med Chem,2014,,CHEMBL3344027,,CHEMBL3344027,4.19,0,http://www.openphacts.org/units/Nanomolar,2266640,=,1,1,=,,IC50,nM,,63900.0,CHEMBL352,Staphylococcus aureus,Staphylococcus aureus,1280,,,IC50,uM,UO_0000065,,63.9,63900.0,4.1944991418416
680,,,6305672,[],CHEMBL1815005,Antimicrobial activity against Salmonella Typhimurium ATCC 14028 assessed as inhibition of biofilm formation after 24 hrs by spectrophotometry,F,,,BAO_0000190,BAO_0000218,organism-based format,O[C@@]1(c2ccc(I)cc2)C[n+]2cccnc2N1Cc1ccccc1.[Br-],,,CHEMBL1811868,Bioorg Med Chem,2011,,CHEMBL1814230,,CHEMBL1852752,4.43,0,http://www.openphacts.org/units/Nanomolar,1448769,=,1,1,=,,IC50,nM,,36700.0,CHEMBL351,Salmonella enterica subsp. enterica serovar Typhimurium,Salmonella typhimurium,90371,,,IC50,uM,UO_0000065,,36.7,36700.0,4.43533393574791
282,,,5190374,[],CHEMBL1663615,Antibiofilm activity in Salmonella Typhimurium ATCC 14028 assessed as inhibition of biofilm formation at 25 degC after 24 hrs,F,,,BAO_0000190,BAO_0000218,organism-based format,CCCCCCCCn1c(-c2ccc(-c3ccccc3)cc2)cnc1N,,,CHEMBL1649413,J Med Chem,2011,,CHEMBL1649818,,CHEMBL1649818,5.48,0,http://www.openphacts.org/units/Nanomolar,1322096,=,1,1,=,,IC50,nM,,3300.0,CHEMBL351,Salmonella enterica subsp. enterica serovar Typhimurium,Salmonella typhimurium,90371,,,IC50,uM,UO_0000065,,3.3,3300.0,5.481486060122112
1952,,,15125508,[],CHEMBL3381972,Anti-biofilm activity against Staphylococcus aureus MLS-16 MTCC 2940 assessed as inhibition of biofilm formation incubated for 24 hrs by crystal violet staining based modified biofilm inhibition assay,F,,,BAO_0000190,BAO_0000218,organism-based format,CCCCCCC(C/C=C\CCCCCCCC(=O)OC)/N=C\c1ccc(O)cc1,,,CHEMBL3351415,Bioorg Med Chem Lett,2014,,CHEMBL3337776,,CHEMBL3337776,5.04,0,http://www.openphacts.org/units/Nanomolar,2272899,=,1,1,=,,IC50,nM,,9100.0,CHEMBL352,Staphylococcus aureus,Staphylococcus aureus,1280,,,IC50,uM,UO_0000065,,9.1,9100.0,5.040958607678906
268,,,5190360,[],CHEMBL1663615,Antibiofilm activity in Salmonella Typhimurium ATCC 14028 assessed as inhibition of biofilm formation at 25 degC after 24 hrs,F,,,BAO_0000190,BAO_0000218,organism-based format,CCCCCCn1c(-c2ccc(Cl)cc2)cnc1N,,,CHEMBL1649413,J Med Chem,2011,,CHEMBL1649804,,CHEMBL1649804,5.31,0,http://www.openphacts.org/units/Nanomolar,1322082,=,1,1,=,,IC50,nM,,4900.0,CHEMBL351,Salmonella enterica subsp. enterica serovar Typhimurium,Salmonella typhimurium,90371,,,IC50,uM,UO_0000065,,4.9,4900.0,5.309803919971486
2522,,,16605506,[],CHEMBL3813215,Antibiofilm activity against Bacillus subtilis MTCC 121 after 24 hrs by crystal violet staining based assay,F,,,BAO_0000190,BAO_0000218,organism-based format,CN(C)C(=O)c1ccc(-c2cc(C3=C(N4CC4)C(=O)C=C(N4CC4)C3=O)no2)s1,,,CHEMBL3808371,Eur J Med Chem,2016,,CHEMBL3809785,,CHEMBL3809785,5.66,0,http://www.openphacts.org/units/Nanomolar,2778939,=,1,1,=,,IC50,nM,,2200.0,CHEMBL359,Bacillus subtilis,Bacillus subtilis,1423,,,IC50,uM,UO_0000065,,2.2,2200.0,5.657577319177793
5792,,,22408034,"[{'comments': None, 'relation': '=', 'result_flag': 0, 'standard_relation': '=', 'standard_text_value': None, 'standard_type': 'TIME', 'standard_units': 'hr', 'standard_value': '24.0', 'text_value': None, 'type': 'Time', 'units': 'hrs', 'value': '24.0'}]",CHEMBL4670886,Inhibition of biofilm formation in methicillin-resistant Staphylococcus aureus ATCC 43300 incubated for 24 hrs by crystal violet staining based microtiter plate method,F,,,BAO_0000190,BAO_0000218,organism-based format,COc1cccc(-c2cc(-c3nc4ccccc4c(=O)[nH]3)nc(N)n2)c1,,,CHEMBL4665809,Bioorg Med Chem Lett,2020,,CHEMBL4744234,,CHEMBL4744234,4.07,0,http://www.openphacts.org/units/Nanomolar,3510927,=,1,1,=,,IC50,nM,,84800.0,CHEMBL352,Staphylococcus aureus,Staphylococcus aureus,1280,,,IC50,uM,UO_0000065,,84.8,84800.0,4.071604147743286
3376,,,18570170,[],CHEMBL4220812,Antibiofilm activity against Salmonella typhimurium ATCC 14028 after 24 hrs by crystal violet staining based assay,F,,,BAO_0000190,BAO_0000218,organism-based format,Nc1ncc(-c2ccc(F)cc2)n1CCCCCCCCn1c(-c2ccc(F)cc2)cnc1N,,,CHEMBL4219072,Bioorg Med Chem,2018,,CHEMBL4226614,,CHEMBL4226614,5.82,0,http://www.openphacts.org/units/Nanomolar,3083417,=,1,1,=,,IC50,nM,,1500.0,CHEMBL351,Salmonella enterica subsp. enterica serovar Typhimurium,Salmonella typhimurium,90371,,,IC50,uM,UO_0000065,,1.5,1500.0,5.823908740944319
660,,,6304698,[],CHEMBL1815005,Antimicrobial activity against Salmonella Typhimurium ATCC 14028 assessed as inhibition of biofilm formation after 24 hrs by spectrophotometry,F,,,BAO_0000190,BAO_0000218,organism-based format,CCCCNc1ncc(-c2ccc([N+](=O)[O-])cc2)[nH]1,Outside typical range,"Values for this activity type are unusually large/small, so may not be accurate",CHEMBL1811868,Bioorg Med Chem,2011,,CHEMBL1814246,,CHEMBL1814246,,0,http://www.openphacts.org/units/Nanomolar,1448787,=,1,1,=,,IC50,nM,,701500.0,CHEMBL351,Salmonella enterica subsp. enterica serovar Typhimurium,Salmonella typhimurium,90371,,,IC50,uM,UO_0000065,,701.5,701500.0,3.153972324635621
250,,,5190342,[],CHEMBL1663615,Antibiofilm activity in Salmonella Typhimurium ATCC 14028 assessed as inhibition of biofilm formation at 25 degC after 24 hrs,F,,,BAO_0000190,BAO_0000218,organism-based format,Cn1c(-c2ccccc2)cnc1N,Outside typical range,"Values for this activity type are unusually large/small, so may not be accurate",CHEMBL1649413,J Med Chem,2011,,CHEMBL1410311,,CHEMBL1410311,,0,http://www.openphacts.org/units/Nanomolar,1322064,=,1,1,=,,IC50,nM,,431500.0,CHEMBL351,Salmonella enterica subsp. enterica serovar Typhimurium,Salmonella typhimurium,90371,,,IC50,uM,UO_0000065,,431.5,431500.0,3.3650191999487715
3505,,,18570299,[],CHEMBL4220814,Antibiofilm activity against Escherichia coli TG1 after 24 hrs by crystal violet staining based assay,F,,,BAO_0000190,BAO_0000218,organism-based format,Fc1ccc(-c2cnc(NCCCNc3ncc(-c4ccc(F)cc4)[nH]3)[nH]2)cc1,,,CHEMBL4219072,Bioorg Med Chem,2018,,CHEMBL4228476,,CHEMBL4228476,5.32,0,http://www.openphacts.org/units/Nanomolar,3083448,=,1,1,=,,IC50,nM,,4800.0,CHEMBL354,Escherichia coli,Escherichia coli,562,,,IC50,uM,UO_0000065,,4.8,4800.0,5.318758762624412
8831,,,25575450,"[{'comments': None, 'relation': '=', 'result_flag': 0, 'standard_relation': '=', 'standard_text_value': None, 'standard_type': 'TIME', 'standard_units': 'hr', 'standard_value': '24.0', 'text_value': None, 'type': 'TIME', 'units': 'hrs', 'value': '24.0'}]",CHEMBL5352621,Antibiofilm activity against Staphylococcus aureus ATCC 6538 after 24 hrs by crystal violet staining based assay,F,,,BAO_0000190,BAO_0000218,organism-based format,COCCn1cc(-c2csc(-c3cn(C(=O)OC(C)(C)C)c4ccccc34)n2)c2cccnc21,,,CHEMBL5352385,Eur J Med Chem,2022,,CHEMBL4204931,,CHEMBL4204931,4.84,0,http://www.openphacts.org/units/Nanomolar,3981692,=,1,1,=,,IC50,nM,,14500.0,CHEMBL352,Staphylococcus aureus,Staphylococcus aureus,1280,,,IC50,uM,UO_0000065,,14.5,14500.0,4.838631997765025
8097,,,24898331,"[{'comments': None, 'relation': '=', 'result_flag': 0, 'standard_relation': '=', 'standard_text_value': None, 'standard_type': 'TIME', 'standard_units': 'hr', 'standard_value': '24.0', 'text_value': None, 'type': 'Time', 'units': 'hrs', 'value': '24.0'}]",CHEMBL5159907,Antibiofilm activity against Salmonella typhimurium ATCC 14028 assessed as inhibition of biofilm formation incubated for 24 hrs by crystal violet staining based spectrophotometry,F,,,BAO_0000190,BAO_0000218,organism-based format,CN(Cc1ccsc1)CC1CCN(CCc2ccc(F)cc2)CC1,,,CHEMBL5154764,Eur J Med Chem,2022,,CHEMBL5177990,,CHEMBL5177990,4.78,0,http://www.openphacts.org/units/Nanomolar,3891391,=,1,1,=,,IC50,nM,,16800.0,CHEMBL351,Salmonella enterica subsp. enterica serovar Typhimurium,Salmonella typhimurium,90371,,,IC50,uM,UO_0000065,,16.8,16800.0,4.774690718274137
3217,,,18511379,[],CHEMBL4191872,Antibiofilm activity against Salmonella typhimurium ATCC 14028 after 24 hrs by crystal violet staining based method,F,,,BAO_0000179,BAO_0000218,organism-based format,CC(C)(C)c1ccc(Cc2nc(N)n(CC(=O)Nc3ccccc3)c2-c2ccccc2Br)cc1,,,CHEMBL4190235,Eur J Med Chem,2017,,CHEMBL4205758,,CHEMBL4205758,,0,http://www.openphacts.org/units/Micromolar,3073308,=,1,0,=,,MBIC50,uM,,12.5,CHEMBL351,Salmonella enterica subsp. enterica serovar Typhimurium,Salmonella typhimurium,90371,,,MBIC50,uM,UO_0000064,,12.5,12500.0,4.903089986991944
594,,,6303267,[],CHEMBL1815005,Antimicrobial activity against Salmonella Typhimurium ATCC 14028 assessed as inhibition of biofilm formation after 24 hrs by spectrophotometry,F,,,BAO_0000190,BAO_0000218,organism-based format,Clc1ccc(-c2cnc(NC3CCCC3)[nH]2)cc1Cl,,,CHEMBL1811868,Bioorg Med Chem,2011,,CHEMBL1814371,,CHEMBL1814371,5.24,0,http://www.openphacts.org/units/Nanomolar,1448968,=,1,1,=,,IC50,nM,,5700.0,CHEMBL351,Salmonella enterica subsp. enterica serovar Typhimurium,Salmonella typhimurium,90371,,,IC50,uM,UO_0000065,,5.7,5700.0,5.2441251443275085
3535,,,18570329,[],CHEMBL4220815,Antibiofilm activity against Staphylococcus aureus SH1000 after 48 hrs by crystal violet staining based assay,F,,,BAO_0000190,BAO_0000218,organism-based format,Nc1ncc(-c2ccc(Cl)cc2)n1CCCCCCn1c(-c2ccc(Cl)cc2)cnc1N,,,CHEMBL4219072,Bioorg Med Chem,2018,,CHEMBL4226401,,CHEMBL4226401,5.07,0,http://www.openphacts.org/units/Nanomolar,3083426,=,1,1,=,,IC50,nM,,8600.0,CHEMBL352,Staphylococcus aureus,Staphylococcus aureus,1280,,,IC50,uM,UO_0000065,,8.6,8600.0,5.065501548756432
775,,,6306937,[],CHEMBL1815005,Antimicrobial activity against Salmonella Typhimurium ATCC 14028 assessed as inhibition of biofilm formation after 24 hrs by spectrophotometry,F,,,BAO_0000190,BAO_0000218,organism-based format,CC(C)CN1c2nccc[n+]2C[C@@]1(O)c1ccc(Cl)c(Cl)c1.[Br-],,,CHEMBL1811868,Bioorg Med Chem,2011,,CHEMBL1814205,,CHEMBL1852732,5.1,0,http://www.openphacts.org/units/Nanomolar,1448744,=,1,1,=,,IC50,nM,,8000.0,CHEMBL351,Salmonella enterica subsp. enterica serovar Typhimurium,Salmonella typhimurium,90371,,,IC50,uM,UO_0000065,,8.0,8000.0,5.096910013008056
3506,,,18570300,[],CHEMBL4220814,Antibiofilm activity against Escherichia coli TG1 after 24 hrs by crystal violet staining based assay,F,,,BAO_0000190,BAO_0000218,organism-based format,Clc1ccc(-c2cnc(NCCCCCCCCNc3ncc(-c4ccc(Cl)cc4)[nH]3)[nH]2)cc1,,,CHEMBL4219072,Bioorg Med Chem,2018,,CHEMBL4229053,,CHEMBL4229053,4.37,0,http://www.openphacts.org/units/Nanomolar,3083449,=,1,1,=,,IC50,nM,,42700.0,CHEMBL354,Escherichia coli,Escherichia coli,562,,,IC50,uM,UO_0000065,,42.7,42700.0,4.369572124974976
2922,,,18067671,[],CHEMBL4014670,Antibiofilm activity against Klebsiella planticola MTCC 530 after 24 hrs by crystal violet staining based method,F,,,BAO_0000190,BAO_0000019,assay format,O=C(Cn1nc(C(F)(F)F)c2c(-c3ccccc3)c3ccccc3nc21)NCCN1CCNCC1,,,CHEMBL4014279,Eur J Med Chem,2017,,CHEMBL4077877,,CHEMBL4077877,5.64,0,http://www.openphacts.org/units/Nanomolar,2994635,=,1,1,=,,IC50,nM,,2300.0,CHEMBL613271,Raoultella planticola,Raoultella planticola,575,,,IC50,uM,UO_0000065,,2.3,2300.0,5.638272163982407
3522,,,18570316,[],CHEMBL4220815,Antibiofilm activity against Staphylococcus aureus SH1000 after 48 hrs by crystal violet staining based assay,F,,,BAO_0000190,BAO_0000218,organism-based format,Nc1ncc(-c2ccccc2)n1CCCCCn1c(-c2ccccc2)cnc1N,,,CHEMBL4219072,Bioorg Med Chem,2018,,CHEMBL4228239,,CHEMBL4228239,4.02,0,http://www.openphacts.org/units/Nanomolar,3083413,=,1,1,=,,IC50,nM,,96100.0,CHEMBL352,Staphylococcus aureus,Staphylococcus aureus,1280,,,IC50,uM,UO_0000065,,96.1,96100.0,4.017276612331455
2454,,,16531896,[],CHEMBL3791790,Antibiofilm activity against Bacillus subtilis MTCC 121 after 24 hrs by crystal violet staining based assay,F,,,BAO_0000190,BAO_0000218,organism-based format,CCCCCCCC[N+](C)(CCCCCCCC)CCCCCCCCCCC(=O)OC.[Cl-],,,CHEMBL3784971,Bioorg Med Chem Lett,2016,,CHEMBL3787330,,CHEMBL3787742,,0,http://www.openphacts.org/units/MicrogramPerMilliliter,2768108,=,1,1,=,,IC50,ug.mL-1,,4.6,CHEMBL359,Bacillus subtilis,Bacillus subtilis,1423,,,IC50,ug ml-1,UO_0000274,,4.6,9382.833901402726,5.027665971657065
6273,,,22790162,"[{'comments': None, 'relation': '=', 'result_flag': 0, 'standard_relation': '=', 'standard_text_value': None, 'standard_type': 'TIME', 'standard_units': 'hr', 'standard_value': '24.0', 'text_value': None, 'type': 'Time', 'units': 'hrs', 'value': '24.0'}]",CHEMBL4709341,Antibiofilm activity against methicillin-resistant Staphylococcus aureus ATCC BAA-44 incubated for 24 hrs by crystal violet-staining based assay,F,,,BAO_0000190,BAO_0000218,organism-based format,C/C(=C/CC1CCCCC1)Cn1cc(CCCCCc2nc(N)[nH]c2-c2ccccc2)nn1,,,CHEMBL4706534,Eur J Med Chem,2020,,CHEMBL4748884,,CHEMBL4748884,5.85,0,http://www.openphacts.org/units/Nanomolar,3538716,=,1,1,=,,IC50,nM,,1420.0,CHEMBL352,Staphylococcus aureus,Staphylococcus aureus,1280,,,IC50,uM,UO_0000065,,1.42,1420.0,5.847711655616944
5782,,,22408024,"[{'comments': None, 'relation': '=', 'result_flag': 0, 'standard_relation': '=', 'standard_text_value': None, 'standard_type': 'TIME', 'standard_units': 'hr', 'standard_value': '24.0', 'text_value': None, 'type': 'Time', 'units': 'hrs', 'value': '24.0'}]",CHEMBL4670886,Inhibition of biofilm formation in methicillin-resistant Staphylococcus aureus ATCC 43300 incubated for 24 hrs by crystal violet staining based microtiter plate method,F,,,BAO_0000190,BAO_0000218,organism-based format,Nc1nc(-c2ccc(OCc3ccccc3)cc2)cc(-c2nc3ccccc3c(=O)[nH]2)n1,,,CHEMBL4665809,Bioorg Med Chem Lett,2020,,CHEMBL4795068,,CHEMBL4795068,4.43,0,http://www.openphacts.org/units/Nanomolar,3510937,=,1,1,=,,IC50,nM,,37300.0,CHEMBL352,Staphylococcus aureus,Staphylococcus aureus,1280,,,IC50,uM,UO_0000065,,37.3,37300.0,4.428291168191312
5790,,,22408032,"[{'comments': None, 'relation': '=', 'result_flag': 0, 'standard_relation': '=', 'standard_text_value': None, 'standard_type': 'TIME', 'standard_units': 'hr', 'standard_value': '24.0', 'text_value': None, 'type': 'Time', 'units': 'hrs', 'value': '24.0'}]",CHEMBL4670886,Inhibition of biofilm formation in methicillin-resistant Staphylococcus aureus ATCC 43300 incubated for 24 hrs by crystal violet staining based microtiter plate method,F,,,BAO_0000190,BAO_0000218,organism-based format,COc1ccc(-c2cc(-c3nc4ccccc4c(=O)[nH]3)nc(N)n2)c(OC)c1,,,CHEMBL4665809,Bioorg Med Chem Lett,2020,,CHEMBL4751818,,CHEMBL4751818,4.42,0,http://www.openphacts.org/units/Nanomolar,3510929,=,1,1,=,,IC50,nM,,38400.0,CHEMBL352,Staphylococcus aureus,Staphylococcus aureus,1280,,,IC50,uM,UO_0000065,,38.4,38400.0,4.4156687756324695
3513,,,18570307,[],CHEMBL4220814,Antibiofilm activity against Escherichia coli TG1 after 24 hrs by crystal violet staining based assay,F,,,BAO_0000190,BAO_0000218,organism-based format,Brc1ccc(-c2cnc(NCCCCCCCNc3ncc(-c4ccc(Br)cc4)[nH]3)[nH]2)cc1,,,CHEMBL4219072,Bioorg Med Chem,2018,,CHEMBL4224919,,CHEMBL4224919,4.72,0,http://www.openphacts.org/units/Nanomolar,3083456,=,1,1,=,,IC50,nM,,19100.0,CHEMBL354,Escherichia coli,Escherichia coli,562,,,IC50,uM,UO_0000065,,19.1,19100.0,4.718966632752273
947,,,10954618,[],CHEMBL2061045,Antibacterial activity against Escherichia coli K-12 ATCC 25404 assessed as inhibition of biofilm formation after 2 hrs by confocal laser microscopic analysis,F,,,BAO_0000190,BAO_0000218,organism-based format,COC(=O)c1cccc(-c2ccc(O[C@H]3O[C@H](CO)[C@@H](O)[C@H](O)[C@@H]3O)c(C(F)(F)F)c2)c1,,,CHEMBL2057137,J Med Chem,2012,,CHEMBL2058197,,CHEMBL2058197,6.77,0,http://www.openphacts.org/units/Nanomolar,1656067,=,1,1,=,,IC50,nM,,170.0,CHEMBL354,Escherichia coli,Escherichia coli,562,,,IC50,uM,UO_0000065,,0.17,170.0,6.769551078621726
1154,,,13840663,[],CHEMBL3095562,Antibiofilm activity against Staphylococcus aureus MTCC 96 after 24 hrs by crystal violet assay,F,,,BAO_0000190,BAO_0000218,organism-based format,COc1ccc(Cn2cc(CNC(=O)c3ccc([N+](=O)[O-])o3)nn2)cc1[N+](=O)[O-],Outside typical range,"Values for this activity type are unusually large/small, so may not be accurate",CHEMBL3091424,Bioorg Med Chem Lett,2013,,CHEMBL3093117,,CHEMBL3093117,,0,http://www.openphacts.org/units/MicrogramPerMilliliter,1953077,=,1,1,=,,IC50,ug.mL-1,,91.2,CHEMBL352,Staphylococcus aureus,Staphylococcus aureus,1280,,,IC50,ug ml-1,UO_0000274,,91.2,226683.53536834824,3.6445800226981255
1770,,,14667370,[],CHEMBL3268492,Antimicrobial activity against Streptococcus mutans 240 assessed as inhibition of biofilm formation after 48 hrs by crystal violet staining-based spectrophotometry,F,,,BAO_0000179,BAO_0000218,organism-based format,Cl.Nc1nc(-c2ccc(NC(=O)c3cc4ccccc4[nH]3)cc2)c[nH]1,,,CHEMBL3259692,Bioorg Med Chem Lett,2014,,CHEMBL3113253,,CHEMBL3139649,,0,http://www.openphacts.org/units/Micromolar,2099983,=,1,0,=,,MBIC50,uM,,60.0,CHEMBL612426,Streptococcus mutans,Streptococcus mutans,1309,,,MBIC50,uM,UO_0000064,,60.0,60000.0,4.221848749616356
6203,,,22750691,"[{'comments': None, 'relation': '=', 'result_flag': 0, 'standard_relation': '=', 'standard_text_value': None, 'standard_type': 'TIME', 'standard_units': 'hr', 'standard_value': '24.0', 'text_value': None, 'type': 'Time', 'units': 'hrs', 'value': '24.0'}]",CHEMBL4699742,Antibiofilm activity against Mycobacterium smegmatis mc2 155 ATCC 700084 assessed as inhibition of biofilm formation measured after 24 hrs by crystal violet reporter assay,F,,,BAO_0000190,BAO_0000218,organism-based format,Nc1nccc(-c2c[nH]c3cc(F)ccc23)n1,,,CHEMBL4699393,RSC Med Chem,2020,,CHEMBL4300200,,CHEMBL4300200,4.67,0,http://www.openphacts.org/units/Nanomolar,3530897,=,1,1,=,,IC50,nM,,21600.0,CHEMBL613088,Mycolicibacterium smegmatis,Mycolicibacterium smegmatis,1772,,,IC50,uM,UO_0000065,,21.6,21600.0,4.665546248849069
3702,,,18730771,[],CHEMBL4260145,Antibiofilm activity against Salmonella typhimurium ATCC 14028 after 24 hrs by crystal violet staining based assay,F,,,BAO_0000190,BAO_0000218,organism-based format,CCCCCc1ccc(C(=O)Nc2ccc3nc(N)n(CCCC)c3c2)cc1.Cl,,,CHEMBL4257552,Medchemcomm,2018,,CHEMBL4288039,,CHEMBL4301356,5.0,0,http://www.openphacts.org/units/Nanomolar,3111832,=,1,1,=,,IC50,nM,,10000.0,CHEMBL351,Salmonella enterica subsp. enterica serovar Typhimurium,Salmonella typhimurium,90371,,,IC50,uM,UO_0000065,15.0,10.0,10000.0,5.0
5053,,,19147133,[],CHEMBL4379054,Antibiofilm activity against methicillin-resistant Staphylococcus aureus assessed as inhibition of biofilm formation incubated for overnight by crystal violet staining based microtiter plate assay,F,,,BAO_0000190,BAO_0000218,organism-based format,CC[C@H](C)[C@H](NC(=O)[C@H](CCCCN)NC(=O)[C@@H](NC(=O)[C@H](CCCCN)NC(=O)[C@@H](NC(=O)[C@@H](NC(=O)[C@H](CC(C)C)NC(=O)[C@H](CCCCN)NC(=O)[C@@H](N)C(C)C)[C@@H](C)CC)C(C)C)C(C)C)C(=O)N[C@@H](Cc1c[nH]c2ccccc12)C(=O)N[C@@H](CCCCN)C(=O)N[C@@H](CCCCN)C(N)=O,,,CHEMBL4376833,J Med Chem,2019,,CHEMBL4538403,,CHEMBL4538403,5.0,0,http://www.openphacts.org/units/Nanomolar,3195606,=,1,1,=,,IC50,nM,,9900.0,CHEMBL352,Staphylococcus aureus,Staphylococcus aureus,1280,,,IC50,uM,UO_0000065,,9.9,9900.0,5.004364805402449
1052,,,12675069,[],CHEMBL2344064,Antibacterial activity against methicillin-resistant Staphylococcus aureus ATCC BAA-44 assessed as inhibition of biofilm growth after 24 hrs by crystal violet reporter assay,F,,,BAO_0000190,BAO_0000218,organism-based format,CCCCCc1ccc(C(=O)NCCn2cc(CCCCCc3cn(C4CCCCC4)c(N)n3)nn2)cc1.Cl,,,CHEMBL2331213,Eur J Med Chem,2013,,CHEMBL2332805,,CHEMBL2365072,4.73,0,http://www.openphacts.org/units/Nanomolar,1866612,=,1,1,=,,IC50,nM,,18710.0,CHEMBL352,Staphylococcus aureus,Staphylococcus aureus,1280,,,IC50,uM,UO_0000065,,18.71,18710.0,4.72792621249999
2232,,,16404111,[],CHEMBL3743206,Antibiofilm activity against Pseudoalteromonas ulvae TC14 assessed as reduction in adhesion after 15 hrs by Syto61 based-fluorescence analysis relative to control,F,,,BAO_0000188,BAO_0000019,assay format,O=C(NCCc1ccc(O)cc1)c1cn(CCc2ccc(O)c(Br)c2)nn1,,,CHEMBL3739258,Bioorg Med Chem Lett,2015,,CHEMBL3742346,,CHEMBL3742346,4.16,0,http://www.openphacts.org/units/Nanomolar,2737261,=,1,1,=,,EC50,nM,,69300.0,CHEMBL4296595,Pseudoalteromonas ulvae,Pseudoalteromonas ulvae,107327,,,EC50,uM,UO_0000065,,69.3,69300.0,4.159266765388193
347,,,5190439,[],CHEMBL1663615,Antibiofilm activity in Salmonella Typhimurium ATCC 14028 assessed as inhibition of biofilm formation at 25 degC after 24 hrs,F,,,BAO_0000190,BAO_0000218,organism-based format,CCCCCCCC[n+]1c(-c2ccc(OC)cc2)cn2cccnc21.[O-][Cl+3]([O-])([O-])[O-],,,CHEMBL1649413,J Med Chem,2011,,CHEMBL1649882,,CHEMBL1739572,4.46,0,http://www.openphacts.org/units/Nanomolar,1322161,=,1,1,=,,IC50,nM,,34800.0,CHEMBL351,Salmonella enterica subsp. enterica serovar Typhimurium,Salmonella typhimurium,90371,,,IC50,uM,UO_0000065,,34.8,34800.0,4.458420756053419
2441,,,16531883,[],CHEMBL3791789,Antibiofilm activity against Staphylococcus aureus MTCC 96 after 24 hrs by crystal violet staining based assay,F,,,BAO_0000190,BAO_0000218,organism-based format,CCCCCCN(CCCCCCCCCCC(=O)OC)CCCCCCCCCCC(=O)OC,,,CHEMBL3784971,Bioorg Med Chem Lett,2016,,CHEMBL3785997,,CHEMBL3785997,,0,http://www.openphacts.org/units/MicrogramPerMilliliter,2768097,=,1,1,=,,IC50,ug.mL-1,,20.1,CHEMBL352,Staphylococcus aureus,Staphylococcus aureus,1280,,,IC50,ug ml-1,UO_0000274,,20.1,40377.25615451829,4.3938631969684065
8093,,,24898327,"[{'comments': None, 'relation': '=', 'result_flag': 0, 'standard_relation': '=', 'standard_text_value': None, 'standard_type': 'TIME', 'standard_units': 'hr', 'standard_value': '24.0', 'text_value': None, 'type': 'Time', 'units': 'hrs', 'value': '24.0'}]",CHEMBL5159907,Antibiofilm activity against Salmonella typhimurium ATCC 14028 assessed as inhibition of biofilm formation incubated for 24 hrs by crystal violet staining based spectrophotometry,F,,,BAO_0000190,BAO_0000218,organism-based format,CN(Cc1ccsc1)CC1CCN(CCc2ccccc2F)CC1,,,CHEMBL5154764,Eur J Med Chem,2022,,CHEMBL5191031,,CHEMBL5191031,5.24,0,http://www.openphacts.org/units/Nanomolar,3891387,=,1,1,=,,IC50,nM,,5700.0,CHEMBL351,Salmonella enterica subsp. enterica serovar Typhimurium,Salmonella typhimurium,90371,,,IC50,uM,UO_0000065,,5.7,5700.0,5.2441251443275085
1937,,,15087792,[],CHEMBL3388394,Inhibition of biofilm formation in methicillin-resistant Staphylococcus aureus MTCC 96 after 36 hr incubation by tissue culture plate method,F,,,BAO_0000190,BAO_0000218,organism-based format,O=C(O)COCC(=O)Nc1ccc(-c2nc3cccnc3[nH]2)cc1,,,CHEMBL3352166,Bioorg Med Chem,2014,,CHEMBL3344043,,CHEMBL3344043,4.08,0,http://www.openphacts.org/units/Nanomolar,2266657,=,1,1,=,,IC50,nM,,82450.0,CHEMBL352,Staphylococcus aureus,Staphylococcus aureus,1280,,,IC50,uM,UO_0000065,,82.45,82450.0,4.083809340019462
489,,,5196930,[],CHEMBL1670362,Antibiofilm activity against methicillin-resistant Staphylococcus aureus,F,,,BAO_0000190,BAO_0000218,organism-based format,CC(C)[C@@H]1CC[C@@H](C)C[C@H]1OC(=O)NCCCn1cc(CCCCCc2c[nH]c(N)n2)nn1.Cl,,,CHEMBL1667831,Bioorg Med Chem Lett,2011,,CHEMBL1667933,,CHEMBL1739330,4.69,0,http://www.openphacts.org/units/Nanomolar,1327395,=,1,1,=,,IC50,nM,,20500.0,CHEMBL352,Staphylococcus aureus,Staphylococcus aureus,1280,,,IC50,uM,UO_0000065,,20.5,20500.0,4.688246138944246
4976,,,19107459,[],CHEMBL4369768,Antibiofilm activity against Mycobacterium smegmatis str. MC2 155 ATCC 700084 assessed as inhibition of biofilm formation incubated for 48 hrs by crystal violet reporter assay,F,,,BAO_0000190,BAO_0000218,organism-based format,CCCCCc1ccc(C(=O)Nc2ccc3c(c2)nc(N)n3Cc2ccc(OC)cc2)cc1,,,CHEMBL4368897,Medchemcomm,2019,,CHEMBL3304222,,CHEMBL3304222,4.9,0,http://www.openphacts.org/units/Nanomolar,3188137,=,1,1,=,,IC50,nM,,12500.0,CHEMBL613088,Mycolicibacterium smegmatis,Mycolicibacterium smegmatis,1772,,,IC50,uM,UO_0000065,,12.5,12500.0,4.903089986991944
364,,,5190615,[],CHEMBL1663695,Antibiofilm activity in Salmonella Typhimurium ATCC 14028 assessed as inhibition of biofilm formation at 37 degC after 24 hrs,F,,,BAO_0000190,BAO_0000218,organism-based format,Nc1nc(-c2ccc(-c3ccccc3)cc2)c[nH]1,Outside typical range,"Values for this activity type are unusually large/small, so may not be accurate",CHEMBL1649413,J Med Chem,2011,,CHEMBL1649778,,CHEMBL1649778,,0,http://www.openphacts.org/units/Nanomolar,1322054,=,1,1,=,,IC50,nM,,348900.0,CHEMBL351,Salmonella enterica subsp. enterica serovar Typhimurium,Salmonella typhimurium,90371,,,IC50,uM,UO_0000065,,348.9,348900.0,3.457299030551889
3247,,,18511436,[],CHEMBL4191874,Antibiofilm activity against Staphylococcus aureus SH1000 after 48 hrs by crystal violet staining based method,F,,,BAO_0000179,BAO_0000218,organism-based format,CCCCCCCc1nc(N)n(CC(=O)Nc2ccc(C)cc2)c1-c1ccccc1Br,,,CHEMBL4190235,Eur J Med Chem,2017,,CHEMBL4214684,,CHEMBL4214684,,0,http://www.openphacts.org/units/Micromolar,3073311,=,1,0,=,,MBIC50,uM,,14.4,CHEMBL352,Staphylococcus aureus,Staphylococcus aureus,1280,,,MBIC50,uM,UO_0000064,,14.4,14400.0,4.841637507904751
2506,,,16603740,[],CHEMBL3813217,Antibiofilm activity against Staphylococcus aureus MLS16 MTCC 2940 after 24 hrs by crystal violet staining based assay,F,,,BAO_0000190,BAO_0000218,organism-based format,O=C1C=C(N2CC2)C(=O)C(c2cc(-c3ccc(C(=O)N4CCCCC4)s3)on2)=C1N1CC1,,,CHEMBL3808371,Eur J Med Chem,2016,,CHEMBL3809027,,CHEMBL3809027,5.01,0,http://www.openphacts.org/units/Nanomolar,2778944,=,1,1,=,,IC50,nM,,9800.0,CHEMBL352,Staphylococcus aureus,Staphylococcus aureus,1280,,,IC50,uM,UO_0000065,,9.8,9800.0,5.008773924307505
3486,,,18570280,[],CHEMBL4220814,Antibiofilm activity against Escherichia coli TG1 after 24 hrs by crystal violet staining based assay,F,,,BAO_0000190,BAO_0000218,organism-based format,Nc1ncc(-c2ccc(Cl)cc2)n1CCCn1c(-c2ccc(Cl)cc2)cnc1N,,,CHEMBL4219072,Bioorg Med Chem,2018,,CHEMBL4226088,,CHEMBL4226088,5.35,0,http://www.openphacts.org/units/Nanomolar,3083429,=,1,1,=,,IC50,nM,,4500.0,CHEMBL354,Escherichia coli,Escherichia coli,562,,,IC50,uM,UO_0000065,,4.5,4500.0,5.346787486224656
6275,,,22790164,"[{'comments': None, 'relation': '=', 'result_flag': 0, 'standard_relation': '=', 'standard_text_value': None, 'standard_type': 'TIME', 'standard_units': 'hr', 'standard_value': '24.0', 'text_value': None, 'type': 'Time', 'units': 'hrs', 'value': '24.0'}]",CHEMBL4709341,Antibiofilm activity against methicillin-resistant Staphylococcus aureus ATCC BAA-44 incubated for 24 hrs by crystal violet-staining based assay,F,,,BAO_0000190,BAO_0000218,organism-based format,C/C(=C/c1ccccc1)Cn1cc(CCCCCc2nc(N)[nH]c2-c2ccc(C(C)C)cc2)nn1,,,CHEMBL4706534,Eur J Med Chem,2020,,CHEMBL4745545,,CHEMBL4745545,5.87,0,http://www.openphacts.org/units/Nanomolar,3538718,=,1,1,=,,IC50,nM,,1340.0,CHEMBL352,Staphylococcus aureus,Staphylococcus aureus,1280,,,IC50,uM,UO_0000065,,1.34,1340.0,5.872895201635192
4815,,,19051497,[],CHEMBL4354899,Antibiofilm activity against Streptococcus mutans assessed as inhibition of biofilm formation,F,,,BAO_0000179,BAO_0000218,organism-based format,CCC[C@@H]1CCC[C@]2(CCC)C(=O)CCC[C@@H]12,,,CHEMBL4354780,Medchemcomm,2019,,CHEMBL4535559,,CHEMBL4535559,,0,http://www.openphacts.org/units/MicrogramPerMilliliter,3178378,=,1,0,=,,MBIC50,ug ml-1,,39.0,CHEMBL612426,Streptococcus mutans,Streptococcus mutans,1309,,,MBIC50,ug ml-1,UO_0000274,,39.0,164975.31715447194,3.7825810280617347
326,,,5190418,[],CHEMBL1663615,Antibiofilm activity in Salmonella Typhimurium ATCC 14028 assessed as inhibition of biofilm formation at 25 degC after 24 hrs,F,,,BAO_0000190,BAO_0000218,organism-based format,Nc1ncc(-c2ccc(-c3ccccc3)cc2)n1C1CCCCCC1,,,CHEMBL1649413,J Med Chem,2011,,CHEMBL1649861,,CHEMBL1649861,4.9,0,http://www.openphacts.org/units/Nanomolar,1322140,=,1,1,=,,IC50,nM,,12500.0,CHEMBL351,Salmonella enterica subsp. enterica serovar Typhimurium,Salmonella typhimurium,90371,,,IC50,uM,UO_0000065,,12.5,12500.0,4.903089986991944
6049,,,22446279,[],CHEMBL4679608,Antibiofilm activity against Streptococcus mutans UA159 assessed as inhibition of biofilm formation by serial dilution method,F,,,BAO_0000190,BAO_0000218,organism-based format,COC(=O)c1ccccc1NC(=O)c1ccc2ccccc2c1,Outside typical range,"Values for this activity type are unusually large/small, so may not be accurate",CHEMBL4673385,ACS Med Chem Lett,2021,,CHEMBL4745547,,CHEMBL4745547,,0,http://www.openphacts.org/units/Nanomolar,3517944,=,1,1,=,,IC50,nM,,121300.0,CHEMBL612426,Streptococcus mutans,Streptococcus mutans,1309,,,IC50,uM,UO_0000065,,121.3,121300.0,3.9161391991334273
1912,,,15087767,[],CHEMBL3388394,Inhibition of biofilm formation in methicillin-resistant Staphylococcus aureus MTCC 96 after 36 hr incubation by tissue culture plate method,F,,,BAO_0000190,BAO_0000218,organism-based format,O=C(O)CC(=O)Nc1ccc(-c2nc3cc([N+](=O)[O-])ccc3[nH]2)cc1,,,CHEMBL3352166,Bioorg Med Chem,2014,,CHEMBL3344019,,CHEMBL3344019,4.74,0,http://www.openphacts.org/units/Nanomolar,2266632,=,1,1,=,,IC50,nM,,18350.0,CHEMBL352,Staphylococcus aureus,Staphylococcus aureus,1280,,,IC50,uM,UO_0000065,,18.35,18350.0,4.7363639314118915
4817,,,19051499,[],CHEMBL4354899,Antibiofilm activity against Streptococcus mutans assessed as inhibition of biofilm formation,F,,,BAO_0000179,BAO_0000218,organism-based format,Cl.Nc1nc(-c2cccc(NC(=O)c3cc4cc(OC(F)(F)F)ccc4[nH]3)c2)c[nH]1,,,CHEMBL4354780,Medchemcomm,2019,,CHEMBL3261433,,CHEMBL3304329,,0,http://www.openphacts.org/units/MicrogramPerMilliliter,3178383,=,1,0,=,,MBIC50,ug ml-1,,20.0,CHEMBL612426,Streptococcus mutans,Streptococcus mutans,1309,,,MBIC50,ug ml-1,UO_0000274,,20.0,45682.021155344,4.340254689412066
6092,,,22446322,[],CHEMBL4679608,Antibiofilm activity against Streptococcus mutans UA159 assessed as inhibition of biofilm formation by serial dilution method,F,,,BAO_0000190,BAO_0000218,organism-based format,COC(=O)c1ccc(NC(=O)c2cc3cc([N+](=O)[O-])ccc3o2)cc1,Outside typical range,"Values for this activity type are unusually large/small, so may not be accurate",CHEMBL4673385,ACS Med Chem Lett,2021,,CHEMBL4751590,,CHEMBL4751590,,0,http://www.openphacts.org/units/Nanomolar,3517901,=,1,1,=,,IC50,nM,,144000.0,CHEMBL612426,Streptococcus mutans,Streptococcus mutans,1309,,,IC50,uM,UO_0000065,,144.0,144000.0,3.8416375079047507
802,,,6306964,[],CHEMBL1815005,Antimicrobial activity against Salmonella Typhimurium ATCC 14028 assessed as inhibition of biofilm formation after 24 hrs by spectrophotometry,F,,,BAO_0000190,BAO_0000218,organism-based format,CCCCCCCCN1c2nccc[n+]2C[C@@]1(O)c1ccc(Cl)cc1.[Br-],,,CHEMBL1811868,Bioorg Med Chem,2011,,CHEMBL1814020,,CHEMBL1851964,5.16,0,http://www.openphacts.org/units/Nanomolar,1448526,=,1,1,=,,IC50,nM,,7000.0,CHEMBL351,Salmonella enterica subsp. enterica serovar Typhimurium,Salmonella typhimurium,90371,,,IC50,uM,UO_0000065,,7.0,7000.0,5.154901959985743
3471,,,18570265,[],CHEMBL4220814,Antibiofilm activity against Escherichia coli TG1 after 24 hrs by crystal violet staining based assay,F,,,BAO_0000190,BAO_0000218,organism-based format,Nc1ncc(-c2ccccc2)n1CCCCn1c(-c2ccccc2)cnc1N,,,CHEMBL4219072,Bioorg Med Chem,2018,,CHEMBL4227394,,CHEMBL4227394,4.56,0,http://www.openphacts.org/units/Nanomolar,3083414,=,1,1,=,,IC50,nM,,27500.0,CHEMBL354,Escherichia coli,Escherichia coli,562,,,IC50,uM,UO_0000065,,27.5,27500.0,4.560667306169737
5553,,,19304591,[],CHEMBL4414410,Antibiofilm activity against Staphylococcus aureus ATCC 25923 after 24 hrs by crystal violet staining based assay,F,,,BAO_0000190,BAO_0000218,organism-based format,O=C(c1cc(Cl)c(Cl)[nH]1)c1cc(Cl)cc(Cl)c1O,,,CHEMBL4411342,Bioorg Med Chem,2019,,CHEMBL4570346,,CHEMBL4570346,6.04,0,http://www.openphacts.org/units/Nanomolar,3223499,=,1,1,=,,IC50,nM,,920.0,CHEMBL352,Staphylococcus aureus,Staphylococcus aureus,1280,,,IC50,uM,UO_0000065,,0.92,920.0,6.036212172654444
7715,,,24824086,[],CHEMBL5140890,Antibiofilm activity against Escherichia coli UTI89,F,,,BAO_0000190,BAO_0000218,organism-based format,Cc1cc(-c2ccc3cc[nH]c(=O)c3c2)ccc1O[C@H]1O[C@H](CO)[C@@H](O)[C@H](O)[C@@H]1O,,,CHEMBL5137057,J Med Chem,2022,,CHEMBL3936194,,CHEMBL3936194,6.89,0,http://www.openphacts.org/units/Nanomolar,3876906,=,1,1,=,,IC50,nM,,130.0,CHEMBL354,Escherichia coli,Escherichia coli,562,,,IC50,nM,UO_0000065,,130.0,130.0,6.886056647693163
2836,,,17987942,[],CHEMBL3999629,Antibiofilm activity against Staphylococcus aureus MTCC 96 after 24 hrs by crystal violet staining based assay,F,,,BAO_0000190,BAO_0000019,assay format,Cc1ccc(N2C=Nc3c(c(=O)n(C)c(=O)n3C)C2c2cn(-c3ccccc3)nc2-c2ccc([N+](=O)[O-])cc2)cc1,,,CHEMBL3997821,Bioorg Med Chem Lett,2017,,CHEMBL4089999,,CHEMBL4089999,,0,http://www.openphacts.org/units/MicrogramPerMilliliter,2979972,=,1,1,=,,IC50,ug.mL-1,,12.6,CHEMBL352,Staphylococcus aureus,Staphylococcus aureus,1280,,,IC50,ug ml-1,UO_0000274,,12.6,23010.546500479373,4.6380730667149255
8601,,,25508260,"[{'comments': None, 'relation': '=', 'result_flag': 0, 'standard_relation': '=', 'standard_text_value': None, 'standard_type': 'TIME', 'standard_units': 'hr', 'standard_value': '24.0', 'text_value': None, 'type': 'TIME', 'units': 'hrs', 'value': '24.0'}]",CHEMBL5334031,Antibiofilm activity against Staphylococcus aureus ATCC33591 assessed as inhibition of biofilm formation incubated for 24 hrs by crystal violet staining based broth microdilution method,F,,,BAO_0000190,BAO_0000218,organism-based format,O=C1O/C(=C\c2cc(Br)c(O)c(Br)c2)C(c2ccc(O)c(Br)c2)=C1C(=O)c1ccccc1,,,CHEMBL5331108,J Med Chem,2023,,CHEMBL5428002,,CHEMBL5428002,,0,http://www.openphacts.org/units/MicrogramPerMilliliter,3969119,=,1,1,=,,IC50,ug.mL-1,,0.7,CHEMBL352,Staphylococcus aureus,Staphylococcus aureus,1280,,,IC50,ug ml-1,UO_0000274,,0.7,1127.0780501549732,5.948046008019631
1761,,,14667336,[],CHEMBL3268490,Antimicrobial activity against methicillin-resistant Staphylococcus aureus 25762 assessed as inhibition of biofilm formation after 48 hrs by crystal violet staining-based spectrophotometry,F,,,BAO_0000179,BAO_0000218,organism-based format,CNc1nc(-c2cccc(NC(=O)c3cc4ccccc4[nH]3)c2)c[nH]1.Cl,,,CHEMBL3259692,Bioorg Med Chem Lett,2014,,CHEMBL3112596,,CHEMBL3139549,,0,http://www.openphacts.org/units/Micromolar,2099979,=,1,0,=,,MBIC50,uM,,70.0,CHEMBL352,Staphylococcus aureus,Staphylococcus aureus,1280,,,MBIC50,uM,UO_0000064,,70.0,70000.0,4.154901959985743
951,,,10954622,[],CHEMBL2061045,Antibacterial activity against Escherichia coli K-12 ATCC 25404 assessed as inhibition of biofilm formation after 2 hrs by confocal laser microscopic analysis,F,,,BAO_0000190,BAO_0000218,organism-based format,CNC(=O)c1cccc(-c2ccc(O[C@H]3O[C@H](CO)[C@@H](O)[C@H](O)[C@@H]3O)c(C(F)(F)F)c2)c1,,,CHEMBL2057137,J Med Chem,2012,,CHEMBL2058202,,CHEMBL2058202,6.89,0,http://www.openphacts.org/units/Nanomolar,1656073,=,1,1,=,,IC50,nM,,130.0,CHEMBL354,Escherichia coli,Escherichia coli,562,,,IC50,uM,UO_0000065,,0.13,130.0,6.886056647693163
670,,,6304708,[],CHEMBL1815005,Antimicrobial activity against Salmonella Typhimurium ATCC 14028 assessed as inhibition of biofilm formation after 24 hrs by spectrophotometry,F,,,BAO_0000190,BAO_0000218,organism-based format,CCCCNc1ncc(-c2ccccc2)[nH]1,,,CHEMBL1811868,Bioorg Med Chem,2011,,CHEMBL1814238,,CHEMBL1814238,4.6,0,http://www.openphacts.org/units/Nanomolar,1448777,=,1,1,=,,IC50,nM,,25300.0,CHEMBL351,Salmonella enterica subsp. enterica serovar Typhimurium,Salmonella typhimurium,90371,,,IC50,uM,UO_0000065,,25.3,25300.0,4.5968794788241825
2024,,,15178572,[],CHEMBL3405140,Antimicrobial activity against Staphylococcus aureus MLS-16 MTCC 2940 assessed as inhibition of biofilm formation after 24 hrs,F,,,BAO_0000190,BAO_0000218,organism-based format,O=c1cc(CO)oc(C2C=C(c3cccs3)Oc3ccccc32)c1O,,,CHEMBL3400018,Bioorg Med Chem Lett,2015,,CHEMBL3402112,,CHEMBL3402112,,0,http://www.openphacts.org/units/MicrogramPerMilliliter,2283226,=,1,1,=,,IC50,ug.mL-1,,8.8,CHEMBL352,Staphylococcus aureus,Staphylococcus aureus,1280,,,IC50,ug ml-1,UO_0000274,,8.8,24831.89092027552,4.6049902081549305
4986,,,19127333,[],CHEMBL4374185,Antibiofilm activity against Mycobacterium smegmatis str. MC2 155 ATCC 700084 after 48 hrs by crystal violet staining based reporter assay,F,,,BAO_0000190,BAO_0000218,organism-based format,CC(=O)Nc1ccc2nc(N)ncc2c1.Cl,,,CHEMBL4373648,Medchemcomm,2019,,CHEMBL4568181,,CHEMBL4595701,4.27,0,http://www.openphacts.org/units/Nanomolar,3192226,=,1,1,=,,IC50,nM,,54000.0,CHEMBL613088,Mycolicibacterium smegmatis,Mycolicibacterium smegmatis,1772,,,IC50,uM,UO_0000065,,54.0,54000.0,4.267606240177032
3225,,,18511387,[],CHEMBL4191872,Antibiofilm activity against Salmonella typhimurium ATCC 14028 after 24 hrs by crystal violet staining based method,F,,,BAO_0000179,BAO_0000218,organism-based format,Cc1ccc(Cc2nc(N)n(CC(=O)Nc3ccc(C)cc3)c2-c2ccccc2Br)cc1,,,CHEMBL4190235,Eur J Med Chem,2017,,CHEMBL4211736,,CHEMBL4211736,,0,http://www.openphacts.org/units/Micromolar,3073316,=,1,0,=,,MBIC50,uM,,3.6,CHEMBL351,Salmonella enterica subsp. enterica serovar Typhimurium,Salmonella typhimurium,90371,,,MBIC50,uM,UO_0000064,,3.6,3600.0,5.443697499232712
304,,,5190396,[],CHEMBL1663615,Antibiofilm activity in Salmonella Typhimurium ATCC 14028 assessed as inhibition of biofilm formation at 25 degC after 24 hrs,F,,,BAO_0000190,BAO_0000218,organism-based format,CCCCCCCCn1c(-c2ccc(SC)cc2)cnc1N,,,CHEMBL1649413,J Med Chem,2011,,CHEMBL1649840,,CHEMBL1649840,5.17,0,http://www.openphacts.org/units/Nanomolar,1322118,=,1,1,=,,IC50,nM,,6700.0,CHEMBL351,Salmonella enterica subsp. enterica serovar Typhimurium,Salmonella typhimurium,90371,,,IC50,uM,UO_0000065,,6.7,6700.0,5.173925197299173
3559,,,18570353,[],CHEMBL4220815,Antibiofilm activity against Staphylococcus aureus SH1000 after 48 hrs by crystal violet staining based assay,F,,,BAO_0000190,BAO_0000218,organism-based format,Clc1ccc(-c2cnc(NCCCCCCCNc3ncc(-c4ccc(Cl)cc4)[nH]3)[nH]2)cc1,Outside typical range,"Values for this activity type are unusually large/small, so may not be accurate",CHEMBL4219072,Bioorg Med Chem,2018,,CHEMBL4228217,,CHEMBL4228217,,0,http://www.openphacts.org/units/Nanomolar,3083450,=,1,1,=,,IC50,nM,,150000.0,CHEMBL352,Staphylococcus aureus,Staphylococcus aureus,1280,,,IC50,uM,UO_0000065,,150.0,150000.0,3.8239087409443187
308,,,5190400,[],CHEMBL1663615,Antibiofilm activity in Salmonella Typhimurium ATCC 14028 assessed as inhibition of biofilm formation at 25 degC after 24 hrs,F,,,BAO_0000190,BAO_0000218,organism-based format,CCCCCCCCn1c(-c2ccc(-c3ccc(-c4ccccc4)cc3)cc2)cnc1N,Outside typical range,"Values for this activity type are unusually large/small, so may not be accurate",CHEMBL1649413,J Med Chem,2011,,CHEMBL1649844,,CHEMBL1649844,,0,http://www.openphacts.org/units/Nanomolar,1322122,=,1,1,=,,IC50,nM,,850200.0,CHEMBL351,Salmonella enterica subsp. enterica serovar Typhimurium,Salmonella typhimurium,90371,,,IC50,uM,UO_0000065,,850.2,850200.0,3.0704788993688963
116,,,3347295,[],CHEMBL1174679,Antibacterial activity against Streptococcus mutans ATCC 25175 assessed as inhibition of biofilm formation after 18 hrs,F,,,BAO_0000179,BAO_0000218,organism-based format,CC(C)=CCC[C@](C)(/C=C/c1ccc(O)cc1)/C=C/c1ccc(F)cc1,,,CHEMBL1177882,Eur J Med Chem,2010,,CHEMBL1169767,,CHEMBL1169767,,0,http://www.openphacts.org/units/MicrogramPerMilliliter,923373,=,1,0,=,,MBIC50,ug ml-1,,8.0,CHEMBL612426,Streptococcus mutans,Streptococcus mutans,1309,,,MBIC50,ug ml-1,UO_0000274,,8.0,22826.034233344835,4.641569535736319
3725,,,18730798,[],CHEMBL4260145,Antibiofilm activity against Salmonella typhimurium ATCC 14028 after 24 hrs by crystal violet staining based assay,F,,,BAO_0000190,BAO_0000218,organism-based format,CCCCCCC(=O)Nc1ccc2c(c1)nc(N)n2CCCc1ccccc1.Cl,,,CHEMBL4257552,Medchemcomm,2018,,CHEMBL4288254,,CHEMBL4300327,4.7,0,http://www.openphacts.org/units/Nanomolar,3111852,=,1,1,=,,IC50,nM,,20000.0,CHEMBL351,Salmonella enterica subsp. enterica serovar Typhimurium,Salmonella typhimurium,90371,,,IC50,uM,UO_0000065,40.0,20.0,20000.0,4.698970004336019
1759,,,14667334,[],CHEMBL3268490,Antimicrobial activity against methicillin-resistant Staphylococcus aureus 25762 assessed as inhibition of biofilm formation after 48 hrs by crystal violet staining-based spectrophotometry,F,,,BAO_0000179,BAO_0000218,organism-based format,Nc1nc(/C=C/CNC(=O)c2cc3cc(F)ccc3[nH]2)c[nH]1,,,CHEMBL3259692,Bioorg Med Chem Lett,2014,,CHEMBL3261431,,CHEMBL3261431,,0,http://www.openphacts.org/units/Micromolar,2099965,=,1,0,=,,MBIC50,uM,,60.0,CHEMBL352,Staphylococcus aureus,Staphylococcus aureus,1280,,,MBIC50,uM,UO_0000064,,60.0,60000.0,4.221848749616356
3409,,,18570203,[],CHEMBL4220812,Antibiofilm activity against Salmonella typhimurium ATCC 14028 after 24 hrs by crystal violet staining based assay,F,,,BAO_0000190,BAO_0000218,organism-based format,Clc1ccc(-c2cnc(NCCCCCNc3ncc(-c4ccc(Cl)cc4)[nH]3)[nH]2)cc1,,,CHEMBL4219072,Bioorg Med Chem,2018,,CHEMBL4228995,,CHEMBL4228995,5.42,0,http://www.openphacts.org/units/Nanomolar,3083452,=,1,1,=,,IC50,nM,,3800.0,CHEMBL351,Salmonella enterica subsp. enterica serovar Typhimurium,Salmonella typhimurium,90371,,,IC50,uM,UO_0000065,,3.8,3800.0,5.42021640338319
5012,,,19127359,[],CHEMBL4374185,Antibiofilm activity against Mycobacterium smegmatis str. MC2 155 ATCC 700084 after 48 hrs by crystal violet staining based reporter assay,F,,,BAO_0000190,BAO_0000218,organism-based format,Cl.Nc1ncc2cc(NC(=O)c3cc(Cl)cc(Cl)c3)ccc2n1,,,CHEMBL4373648,Medchemcomm,2019,,CHEMBL4515563,,CHEMBL4595011,4.38,0,http://www.openphacts.org/units/Nanomolar,3192252,=,1,1,=,,IC50,nM,,42000.0,CHEMBL613088,Mycolicibacterium smegmatis,Mycolicibacterium smegmatis,1772,,,IC50,uM,UO_0000065,,42.0,42000.0,4.376750709602099
5320,,,19216995,[],CHEMBL4394154,Inhibition of biofilm formation in Salmonella enterica subsp. enterica serovar Typhimurium 14028S incubated for 48 hrs by crystal violet staining based assay,F,,,BAO_0000190,BAO_0000218,organism-based format,O=C1C=C/C(=C/Br)O1,,,CHEMBL4393659,Eur J Med Chem,2019,,CHEMBL1077448,,CHEMBL1077448,4.82,0,http://www.openphacts.org/units/Nanomolar,3207786,=,1,1,=,,IC50,nM,,15000.0,CHEMBL351,Salmonella enterica subsp. enterica serovar Typhimurium,Salmonella typhimurium,90371,,,IC50,uM,UO_0000065,,15.0,15000.0,4.823908740944319
325,,,5190417,[],CHEMBL1663615,Antibiofilm activity in Salmonella Typhimurium ATCC 14028 assessed as inhibition of biofilm formation at 25 degC after 24 hrs,F,,,BAO_0000190,BAO_0000218,organism-based format,Nc1ncc(-c2ccc(-c3ccccc3)cc2)n1C1CCCCC1,,,CHEMBL1649413,J Med Chem,2011,,CHEMBL1649860,,CHEMBL1649860,4.9,0,http://www.openphacts.org/units/Nanomolar,1322139,=,1,1,=,,IC50,nM,,12600.0,CHEMBL351,Salmonella enterica subsp. enterica serovar Typhimurium,Salmonella typhimurium,90371,,,IC50,uM,UO_0000065,,12.6,12600.0,4.899629454882437
2841,,,17987947,[],CHEMBL3999630,Antibiofilm activity against Bacillus subtilis MTCC 121 after 24 hrs by crystal violet staining based assay,F,,,BAO_0000190,BAO_0000019,assay format,Cc1ccc(-c2nn(-c3ccccc3)cc2C2c3c(n(C)c(=O)n(C)c3=O)N=CN2c2ccc(Cl)cc2)cc1,,,CHEMBL3997821,Bioorg Med Chem Lett,2017,,CHEMBL4090856,,CHEMBL4090856,,0,http://www.openphacts.org/units/MicrogramPerMilliliter,2979981,=,1,1,=,,IC50,ug.mL-1,,4.1,CHEMBL359,Bacillus subtilis,Bacillus subtilis,1423,,,IC50,ug ml-1,UO_0000274,,4.1,7634.682313420463,5.11720902964868
6566,,,22906024,"[{'comments': None, 'relation': '=', 'result_flag': 0, 'standard_relation': '=', 'standard_text_value': None, 'standard_type': 'TIME', 'standard_units': 'hr', 'standard_value': '24.0', 'text_value': None, 'type': 'Time', 'units': 'hrs', 'value': '24.0'}]",CHEMBL4733175,Antibiofilm activity against Escherichia coli ATCC 25922 after 24 hrs by crystal violet staining based assay,F,,,BAO_0000179,BAO_0000218,organism-based format,Cn1cc(C(=O)c2nc(-c3cn(C)c4ccc(F)cc34)no2)c2cc(Br)ccc21,,,CHEMBL4732050,Eur J Med Chem,2021,,CHEMBL4784758,,CHEMBL4784758,,0,http://www.openphacts.org/units/Micromolar,3556006,=,1,0,=,,MBIC50,uM,,45.7,CHEMBL354,Escherichia coli,Escherichia coli,562,,,MBIC50,uM,UO_0000064,,45.7,45700.0,4.34008379993015
7507,,,24723810,"[{'comments': None, 'relation': '=', 'result_flag': 0, 'standard_relation': '=', 'standard_text_value': None, 'standard_type': 'TIME', 'standard_units': 'hr', 'standard_value': '24.0', 'text_value': None, 'type': 'Time', 'units': 'hrs', 'value': '24.0'}]",CHEMBL5113770,Antibiofilm activity against Escherichia coli K12 ER2718 assessed as inhibition of biofilm formation incubated for 24 hrs by crystal violet method,F,,,BAO_0000190,BAO_0000218,organism-based format,C=CC(C)(C)c1[nH]c2cc(Br)ccc2c1CCNC,Outside typical range,"Values for this activity type are unusually large/small, so may not be accurate",CHEMBL5113373,Eur J Med Chem,2021,,CHEMBL231592,DESFORMYLFLUSTRABROMINE,CHEMBL231592,,0,http://www.openphacts.org/units/Nanomolar,3856226,=,1,1,=,,IC50,nM,,174000.0,CHEMBL354,Escherichia coli,Escherichia coli,562,,,IC50,uM,UO_0000065,,174.0,174000.0,3.7594507517174005
329,,,5190421,[],CHEMBL1663615,Antibiofilm activity in Salmonella Typhimurium ATCC 14028 assessed as inhibition of biofilm formation at 25 degC after 24 hrs,F,,,BAO_0000190,BAO_0000218,organism-based format,Nc1nc(-c2ccccc2)c(-c2ccccc2)n1C1CCCCC1,,,CHEMBL1649413,J Med Chem,2011,,CHEMBL1649864,,CHEMBL1649864,4.62,0,http://www.openphacts.org/units/Nanomolar,1322143,=,1,1,=,,IC50,nM,,23900.0,CHEMBL351,Salmonella enterica subsp. enterica serovar Typhimurium,Salmonella typhimurium,90371,,,IC50,uM,UO_0000065,,23.9,23900.0,4.621602099051862
7330,,,24417290,"[{'comments': None, 'relation': '=', 'result_flag': 0, 'standard_relation': '=', 'standard_text_value': '<=200', 'standard_type': 'Dose', 'standard_units': None, 'standard_value': None, 'text_value': '<=200', 'type': 'Dose', 'units': 'microM', 'value': None}, {'comments': None, 'relation': '=', 'result_flag': 0, 'standard_relation': '=', 'standard_text_value': None, 'standard_type': 'Time_Lower', 'standard_units': 'hrs', 'standard_value': '15.0', 'text_value': None, 'type': 'Time_Lower', 'units': 'hrs', 'value': '15.0'}, {'comments': None, 'relation': '=', 'result_flag': 0, 'standard_relation': '=', 'standard_text_value': None, 'standard_type': 'Time_Upper', 'standard_units': 'hrs', 'standard_value': '18.0', 'text_value': None, 'type': 'Time_Upper', 'units': 'hrs', 'value': '18.0'}]",CHEMBL5047657,Antibiofilm activity against Staphylococcus aureus assessed as inhibition of biofilm formation measured after 15 to 18 hrs by crystal violet staining assay,F,,,BAO_0000190,BAO_0000218,organism-based format,CC(C)CNC(=O)c1c(-c2ccc(/C(C#N)=C/c3ccc(Cl)cc3)cc2)oc2ccc(Cl)cc12,,,CHEMBL5046250,Eur J Med Chem,2022,,CHEMBL5092674,,CHEMBL5092674,4.27,0,http://www.openphacts.org/units/Nanomolar,3783896,=,1,1,=,,IC50,nM,,54200.0,CHEMBL352,Staphylococcus aureus,Staphylococcus aureus,1280,,,IC50,uM,UO_0000065,,54.2,54200.0,4.266000713461613
773,,,6306935,[],CHEMBL1815005,Antimicrobial activity against Salmonella Typhimurium ATCC 14028 assessed as inhibition of biofilm formation after 24 hrs by spectrophotometry,F,,,BAO_0000190,BAO_0000218,organism-based format,CCCCCCCCCCN1c2nccc[n+]2C[C@@]1(O)c1ccc(Cl)c(Cl)c1.[Br-],,,CHEMBL1811868,Bioorg Med Chem,2011,,CHEMBL1814207,,CHEMBL1851697,4.49,0,http://www.openphacts.org/units/Nanomolar,1448746,=,1,1,=,,IC50,nM,,32400.0,CHEMBL351,Salmonella enterica subsp. enterica serovar Typhimurium,Salmonella typhimurium,90371,,,IC50,uM,UO_0000065,,32.4,32400.0,4.489454989793388
6209,,,22750697,"[{'comments': None, 'relation': '=', 'result_flag': 0, 'standard_relation': '=', 'standard_text_value': None, 'standard_type': 'TIME', 'standard_units': 'hr', 'standard_value': '24.0', 'text_value': None, 'type': 'Time', 'units': 'hrs', 'value': '24.0'}]",CHEMBL4699742,Antibiofilm activity against Mycobacterium smegmatis mc2 155 ATCC 700084 assessed as inhibition of biofilm formation measured after 24 hrs by crystal violet reporter assay,F,,,BAO_0000190,BAO_0000218,organism-based format,CCn1cc(-c2ccnc(N)n2)c2cc(Br)ccc21,,,CHEMBL4699393,RSC Med Chem,2020,,CHEMBL4300612,,CHEMBL4300612,4.43,0,http://www.openphacts.org/units/Nanomolar,3530903,=,1,1,=,,IC50,nM,,37100.0,CHEMBL613088,Mycolicibacterium smegmatis,Mycolicibacterium smegmatis,1772,,,IC50,uM,UO_0000065,,37.1,37100.0,4.430626090384954
256,,,5190348,[],CHEMBL1663615,Antibiofilm activity in Salmonella Typhimurium ATCC 14028 assessed as inhibition of biofilm formation at 25 degC after 24 hrs,F,,,BAO_0000190,BAO_0000218,organism-based format,CCCCCCCn1c(-c2ccccc2)cnc1N,,,CHEMBL1649413,J Med Chem,2011,,CHEMBL1649793,,CHEMBL1649793,4.91,0,http://www.openphacts.org/units/Nanomolar,1322070,=,1,1,=,,IC50,nM,,12200.0,CHEMBL351,Salmonella enterica subsp. enterica serovar Typhimurium,Salmonella typhimurium,90371,,,IC50,uM,UO_0000065,,12.2,12200.0,4.913640169325252
5321,,,19216996,[],CHEMBL4394154,Inhibition of biofilm formation in Salmonella enterica subsp. enterica serovar Typhimurium 14028S incubated for 48 hrs by crystal violet staining based assay,F,,,BAO_0000190,BAO_0000218,organism-based format,O=C1C=CC(=C(Br)Br)O1,,,CHEMBL4393659,Eur J Med Chem,2019,,CHEMBL1078481,,CHEMBL1078481,4.82,0,http://www.openphacts.org/units/Nanomolar,3207787,=,1,1,=,,IC50,nM,,15000.0,CHEMBL351,Salmonella enterica subsp. enterica serovar Typhimurium,Salmonella typhimurium,90371,,,IC50,uM,UO_0000065,,15.0,15000.0,4.823908740944319
722,,,6305770,[],CHEMBL1815005,Antimicrobial activity against Salmonella Typhimurium ATCC 14028 assessed as inhibition of biofilm formation after 24 hrs by spectrophotometry,F,,,BAO_0000190,BAO_0000218,organism-based format,CCCCCCCCN1c2nccc[n+]2C[C@@]1(O)c1ccc(SC)cc1.[Br-],,,CHEMBL1811868,Bioorg Med Chem,2011,,CHEMBL1814208,,CHEMBL1851841,4.88,0,http://www.openphacts.org/units/Nanomolar,1448747,=,1,1,=,,IC50,nM,,13200.0,CHEMBL351,Salmonella enterica subsp. enterica serovar Typhimurium,Salmonella typhimurium,90371,,,IC50,uM,UO_0000065,,13.2,13200.0,4.87942606879415
7633,,,24774705,"[{'comments': None, 'relation': '=', 'result_flag': 0, 'standard_relation': '=', 'standard_text_value': None, 'standard_type': 'TIME', 'standard_units': 'hr', 'standard_value': '24.0', 'text_value': None, 'type': 'Time', 'units': 'hrs', 'value': '24.0'}]",CHEMBL5127452,Antibiofilm activity against vancomycin-intermediate Staphylococcus aureus ATCC 700699 assessed as inhibition of biofilm formation incubated for 24 hrs by crystal violet staining based assay,F,,,BAO_0000190,BAO_0000218,organism-based format,O=c1c(O)c(-c2ccc(F)c(F)c2)oc2cc(O)cc(O)c12,,,CHEMBL5126518,Eur J Med Chem,2022,,CHEMBL5197493,,CHEMBL5197493,,0,http://www.openphacts.org/units/MicrogramPerMilliliter,3865987,=,1,1,=,,IC50,ug.mL-1,,1.8,CHEMBL352,Staphylococcus aureus,Staphylococcus aureus,1280,,,IC50,mg/L,UO_0000274,,1.8,5878.126836914636,5.23076104705248
3373,,,18570167,[],CHEMBL4220812,Antibiofilm activity against Salmonella typhimurium ATCC 14028 after 24 hrs by crystal violet staining based assay,F,,,BAO_0000190,BAO_0000218,organism-based format,Nc1ncc(-c2ccccc2)n1CCCCCn1c(-c2ccccc2)cnc1N,,,CHEMBL4219072,Bioorg Med Chem,2018,,CHEMBL4228239,,CHEMBL4228239,4.7,0,http://www.openphacts.org/units/Nanomolar,3083413,=,1,1,=,,IC50,nM,,20200.0,CHEMBL351,Salmonella enterica subsp. enterica serovar Typhimurium,Salmonella typhimurium,90371,,,IC50,uM,UO_0000065,,20.2,20200.0,4.694648630553377
3405,,,18570199,[],CHEMBL4220812,Antibiofilm activity against Salmonella typhimurium ATCC 14028 after 24 hrs by crystal violet staining based assay,F,,,BAO_0000190,BAO_0000218,organism-based format,Fc1ccc(-c2cnc(NCCCNc3ncc(-c4ccc(F)cc4)[nH]3)[nH]2)cc1,,,CHEMBL4219072,Bioorg Med Chem,2018,,CHEMBL4228476,,CHEMBL4228476,5.2,0,http://www.openphacts.org/units/Nanomolar,3083448,=,1,1,=,,IC50,nM,,6300.0,CHEMBL351,Salmonella enterica subsp. enterica serovar Typhimurium,Salmonella typhimurium,90371,,,IC50,uM,UO_0000065,,6.3,6300.0,5.200659450546418
1830,,,14739121,[],CHEMBL3296160,Antimicrobial activity against Klebsiella planticola MTCC 530 assessed as inhibition of biofilm formation after 24 hrs by crystal violet staining-based assay,F,,,BAO_0000190,BAO_0000218,organism-based format,CCOC(=O)Cn1nc(-n2cc(COc3cc(C(F)(F)F)nc(N)n3)nn2)c2ccc(C(F)(F)F)nc21,,,CHEMBL3286384,Bioorg Med Chem Lett,2014,,CHEMBL3287778,,CHEMBL3287778,,0,http://www.openphacts.org/units/MicrogramPerMilliliter,2115198,=,1,1,=,,IC50,ug.mL-1,,3.9,CHEMBL613271,Raoultella planticola,Raoultella planticola,575,,,IC50,ug ml-1,UO_0000274,,3.9,7339.421917019365,5.134338145551981
8193,,,24898427,"[{'comments': None, 'relation': '=', 'result_flag': 0, 'standard_relation': '=', 'standard_text_value': None, 'standard_type': 'TIME', 'standard_units': 'hr', 'standard_value': '24.0', 'text_value': None, 'type': 'Time', 'units': 'hrs', 'value': '24.0'}]",CHEMBL5159908,Antibiofilm activity against Salmonella typhimurium ATCC 14028 assessed as biofilm dispersal effect incubated for 24 hrs by crystal violet staining based spectrophotometry,F,,,BAO_0000188,BAO_0000218,organism-based format,Cc1ccccc1CN1CCC(CN(C)Cc2ccsc2)CC1,Outside typical range,"Values for this activity type are unusually large/small, so may not be accurate",CHEMBL5154764,Eur J Med Chem,2022,,CHEMBL5206995,,CHEMBL5206995,,0,http://www.openphacts.org/units/Nanomolar,3891438,=,1,1,=,,EC50,nM,,247000.0,CHEMBL351,Salmonella enterica subsp. enterica serovar Typhimurium,Salmonella typhimurium,90371,,,EC50,uM,UO_0000065,,247.0,247000.0,3.607303046740334
2048,,,15239703,[],CHEMBL3423690,Antibiofilm activity activity against Staphylococcus aureus incubated for 24 hrs followed by biofilm resuspension in PBS and measured after 24 hrs,F,,,BAO_0000179,BAO_0000218,organism-based format,CCCCCCCN1C(=N)N(CCCC[C@H]2CNC(=N)N2CCc2cccc(C(F)(F)F)c2)C[C@@H]1CCCC,,,CHEMBL3421570,J Med Chem,2015,,CHEMBL3422204,,CHEMBL3422204,,0,http://www.openphacts.org/units/Micromolar,2294694,=,1,0,=,,MBEC50,uM,,14.0,CHEMBL352,Staphylococcus aureus,Staphylococcus aureus,1280,,,MBEC50,uM,UO_0000064,,14.0,14000.0,4.853871964321762
4968,,,19107451,[],CHEMBL4369768,Antibiofilm activity against Mycobacterium smegmatis str. MC2 155 ATCC 700084 assessed as inhibition of biofilm formation incubated for 48 hrs by crystal violet reporter assay,F,,,BAO_0000190,BAO_0000218,organism-based format,CCCCCc1ccc(C(=O)Nc2ccc3[nH]c(N)nc3c2)cc1,,,CHEMBL4368897,Medchemcomm,2019,,CHEMBL1198184,,CHEMBL1198184,4.87,0,http://www.openphacts.org/units/Nanomolar,3188130,=,1,1,=,,IC50,nM,,13600.0,CHEMBL613088,Mycolicibacterium smegmatis,Mycolicibacterium smegmatis,1772,,,IC50,uM,UO_0000065,,13.6,13600.0,4.866461091629782
249,,,5190341,[],CHEMBL1663615,Antibiofilm activity in Salmonella Typhimurium ATCC 14028 assessed as inhibition of biofilm formation at 25 degC after 24 hrs,F,,,BAO_0000190,BAO_0000218,organism-based format,Nc1nc(-c2ccc(F)cc2)c(C(=O)Nc2ccccc2)[nH]1,Outside typical range,"Values for this activity type are unusually large/small, so may not be accurate",CHEMBL1649413,J Med Chem,2011,,CHEMBL1649787,,CHEMBL1649787,,0,http://www.openphacts.org/units/Nanomolar,1322063,=,1,1,=,,IC50,nM,,182100.0,CHEMBL351,Salmonella enterica subsp. enterica serovar Typhimurium,Salmonella typhimurium,90371,,,IC50,uM,UO_0000065,,182.1,182100.0,3.73969005420508
6213,,,22750701,"[{'comments': None, 'relation': '=', 'result_flag': 0, 'standard_relation': '=', 'standard_text_value': None, 'standard_type': 'TIME', 'standard_units': 'hr', 'standard_value': '24.0', 'text_value': None, 'type': 'Time', 'units': 'hrs', 'value': '24.0'}]",CHEMBL4699742,Antibiofilm activity against Mycobacterium smegmatis mc2 155 ATCC 700084 assessed as inhibition of biofilm formation measured after 24 hrs by crystal violet reporter assay,F,,,BAO_0000190,BAO_0000218,organism-based format,CCn1cc(-c2ccnc(N)n2)c2ccc(Br)cc21,,,CHEMBL4699393,RSC Med Chem,2020,,CHEMBL4301111,,CHEMBL4301111,4.41,0,http://www.openphacts.org/units/Nanomolar,3530907,=,1,1,=,,IC50,nM,,39100.0,CHEMBL613088,Mycolicibacterium smegmatis,Mycolicibacterium smegmatis,1772,,,IC50,uM,UO_0000065,,39.1,39100.0,4.407823242604133
5789,,,22408031,"[{'comments': None, 'relation': '=', 'result_flag': 0, 'standard_relation': '=', 'standard_text_value': None, 'standard_type': 'TIME', 'standard_units': 'hr', 'standard_value': '24.0', 'text_value': None, 'type': 'Time', 'units': 'hrs', 'value': '24.0'}]",CHEMBL4670886,Inhibition of biofilm formation in methicillin-resistant Staphylococcus aureus ATCC 43300 incubated for 24 hrs by crystal violet staining based microtiter plate method,F,,,BAO_0000190,BAO_0000218,organism-based format,COc1cc(OC)c(-c2cc(-c3nc4ccccc4c(=O)[nH]3)nc(N)n2)c(OC)c1,,,CHEMBL4665809,Bioorg Med Chem Lett,2020,,CHEMBL4761745,,CHEMBL4761745,4.67,0,http://www.openphacts.org/units/Nanomolar,3510930,=,1,1,=,,IC50,nM,,21200.0,CHEMBL352,Staphylococcus aureus,Staphylococcus aureus,1280,,,IC50,uM,UO_0000065,,21.2,21200.0,4.673664139071248
1928,,,15087783,[],CHEMBL3388394,Inhibition of biofilm formation in methicillin-resistant Staphylococcus aureus MTCC 96 after 36 hr incubation by tissue culture plate method,F,,,BAO_0000190,BAO_0000218,organism-based format,O=C(O)CSCC(=O)Nc1ccc(-c2nc3ccccc3[nH]2)cc1,,,CHEMBL3352166,Bioorg Med Chem,2014,,CHEMBL3344035,,CHEMBL3344035,4.09,0,http://www.openphacts.org/units/Nanomolar,2266648,=,1,1,=,,IC50,nM,,82100.0,CHEMBL352,Staphylococcus aureus,Staphylococcus aureus,1280,,,IC50,uM,UO_0000065,,82.1,82100.0,4.085656842880559
8816,,,25575435,[],CHEMBL5352619,Antibiofilm activity against Streptococcus mutans UA159 assessed as inhibition of biofilm formation,F,,,BAO_0000190,BAO_0000218,organism-based format,Cc1ccc(S(=O)(=O)n2cc3c4c2C(=O)C(NCCc2ccc5c(c2)COC5)=CC4=NCC3)cc1,,,CHEMBL5352385,Eur J Med Chem,2022,,CHEMBL5427389,,CHEMBL5427389,6.4,0,http://www.openphacts.org/units/Nanomolar,3981683,=,1,1,=,,IC50,nM,,400.0,CHEMBL612426,Streptococcus mutans,Streptococcus mutans,1309,,,IC50,uM,UO_0000065,,0.4,400.0,6.3979400086720375
4965,,,19107448,[],CHEMBL4369768,Antibiofilm activity against Mycobacterium smegmatis str. MC2 155 ATCC 700084 assessed as inhibition of biofilm formation incubated for 48 hrs by crystal violet reporter assay,F,,,BAO_0000190,BAO_0000218,organism-based format,CCCCCc1ccc(C(=O)Nc2ccc3c(c2)nc(N)n3CCCC)cc1,,,CHEMBL4368897,Medchemcomm,2019,,CHEMBL3303511,,CHEMBL3303511,4.65,0,http://www.openphacts.org/units/Nanomolar,3188127,=,1,1,=,,IC50,nM,,22400.0,CHEMBL613088,Mycolicibacterium smegmatis,Mycolicibacterium smegmatis,1772,,,IC50,uM,UO_0000065,,22.4,22400.0,4.649751981665837
3492,,,18570286,[],CHEMBL4220814,Antibiofilm activity against Escherichia coli TG1 after 24 hrs by crystal violet staining based assay,F,,,BAO_0000190,BAO_0000218,organism-based format,Nc1ncc(-c2ccc(Br)cc2)n1CCCCn1c(-c2ccc(Br)cc2)cnc1N,,,CHEMBL4219072,Bioorg Med Chem,2018,,CHEMBL4226689,,CHEMBL4226689,5.19,0,http://www.openphacts.org/units/Nanomolar,3083435,=,1,1,=,,IC50,nM,,6400.0,CHEMBL354,Escherichia coli,Escherichia coli,562,,,IC50,uM,UO_0000065,,6.4,6400.0,5.1938200260161125
2461,,,16531903,[],CHEMBL3791791,Antibiofilm activity against Staphylococcus aureus MLS16 MTCC 2940 after 24 hrs by crystal violet staining based assay,F,,,BAO_0000190,BAO_0000218,organism-based format,CCCCCC[N+](C)(CCCCCCCCCCC(=O)OC)CCCCCCCCCCC(=O)OC.[Cl-],,,CHEMBL3784971,Bioorg Med Chem Lett,2016,,CHEMBL3785860,,CHEMBL3787739,,0,http://www.openphacts.org/units/MicrogramPerMilliliter,2768105,=,1,1,=,,IC50,ug.mL-1,,0.9,CHEMBL352,Staphylococcus aureus,Staphylococcus aureus,1280,,,IC50,ug ml-1,UO_0000274,,0.9,1641.4581254912962,5.784770191886835
4971,,,19107454,[],CHEMBL4369768,Antibiofilm activity against Mycobacterium smegmatis str. MC2 155 ATCC 700084 assessed as inhibition of biofilm formation incubated for 48 hrs by crystal violet reporter assay,F,,,BAO_0000190,BAO_0000218,organism-based format,CCCCCc1ccc(C(=O)Nc2ccc3c(c2)nc(N)n3CCCCc2ccccc2)cc1,,,CHEMBL4368897,Medchemcomm,2019,,CHEMBL3301688,,CHEMBL3301688,5.37,0,http://www.openphacts.org/units/Nanomolar,3188132,=,1,1,=,,IC50,nM,,4300.0,CHEMBL613088,Mycolicibacterium smegmatis,Mycolicibacterium smegmatis,1772,,,IC50,uM,UO_0000065,,4.3,4300.0,5.366531544420413
644,,,6304682,[],CHEMBL1815005,Antimicrobial activity against Salmonella Typhimurium ATCC 14028 assessed as inhibition of biofilm formation after 24 hrs by spectrophotometry,F,,,BAO_0000190,BAO_0000218,organism-based format,CCCNc1ncc(-c2ccc(Cl)c(Cl)c2)[nH]1,,,CHEMBL1811868,Bioorg Med Chem,2011,,CHEMBL1811944,,CHEMBL1811944,4.96,0,http://www.openphacts.org/units/Nanomolar,1448803,=,1,1,=,,IC50,nM,,10900.0,CHEMBL351,Salmonella enterica subsp. enterica serovar Typhimurium,Salmonella typhimurium,90371,,,IC50,uM,UO_0000065,,10.9,10900.0,4.962573502059376
1948,,,15125504,[],CHEMBL3381381,Anti-biofilm activity against Staphylococcus aureus MTCC 96 assessed as inhibition of biofilm formation incubated for 24 hrs by crystal violet staining based modified biofilm inhibition assay,F,,,BAO_0000190,BAO_0000218,organism-based format,CCCCCCC(C/C=C\CCCCCCCC(=O)OC)/N=C\C=C\c1ccc(N(C)C)cc1,,,CHEMBL3351415,Bioorg Med Chem Lett,2014,,CHEMBL3337787,,CHEMBL3337787,4.99,0,http://www.openphacts.org/units/Nanomolar,2272910,=,1,1,=,,IC50,nM,,10200.0,CHEMBL352,Staphylococcus aureus,Staphylococcus aureus,1280,,,IC50,uM,UO_0000065,,10.2,10200.0,4.991399828238082
262,,,5190354,[],CHEMBL1663615,Antibiofilm activity in Salmonella Typhimurium ATCC 14028 assessed as inhibition of biofilm formation at 25 degC after 24 hrs,F,,,BAO_0000190,BAO_0000218,organism-based format,CCCCCCCCCCCCCn1c(-c2ccccc2)cnc1N,,,CHEMBL1649413,J Med Chem,2011,,CHEMBL1649799,,CHEMBL1649799,5.22,0,http://www.openphacts.org/units/Nanomolar,1322076,=,1,1,=,,IC50,nM,,6000.0,CHEMBL351,Salmonella enterica subsp. enterica serovar Typhimurium,Salmonella typhimurium,90371,,,IC50,uM,UO_0000065,,6.0,6000.0,5.221848749616356
9449,,,25722668,"[{'comments': None, 'relation': '=', 'result_flag': 0, 'standard_relation': '=', 'standard_text_value': None, 'standard_type': 'TIME', 'standard_units': 'hr', 'standard_value': '24.0', 'text_value': None, 'type': 'TIME', 'units': 'hrs', 'value': '24.0'}]",CHEMBL5391158,Antibiofilm activity against methicillin-susceptible Staphylococcus aureus ATCC 29213 assessed as biofilm eradication incubated for 24 hrs by crystal violet staining based analysis,F,,,BAO_0000179,BAO_0000218,organism-based format,CC1(C)C(c2cnc3c4ccccc4nn3c2)=Nc2ccccc21,,,CHEMBL5390226,Bioorg Med Chem,2023,,CHEMBL5402673,,CHEMBL5402673,,0,http://www.openphacts.org/units/MicrogramPerMilliliter,4010181,=,1,0,=,,MBEC50,ug ml-1,,100.0,CHEMBL352,Staphylococcus aureus,Staphylococcus aureus,1280,,,MBEC50,ug ml-1,UO_0000274,,100.0,320127.0264040771,3.4946776594307423
4987,,,19127334,[],CHEMBL4374185,Antibiofilm activity against Mycobacterium smegmatis str. MC2 155 ATCC 700084 after 48 hrs by crystal violet staining based reporter assay,F,,,BAO_0000190,BAO_0000218,organism-based format,CCC(=O)Nc1ccc2nc(N)ncc2c1.Cl,,,CHEMBL4373648,Medchemcomm,2019,,CHEMBL4457795,,CHEMBL4596440,4.38,0,http://www.openphacts.org/units/Nanomolar,3192227,=,1,1,=,,IC50,nM,,42000.0,CHEMBL613088,Mycolicibacterium smegmatis,Mycolicibacterium smegmatis,1772,,,IC50,uM,UO_0000065,,42.0,42000.0,4.376750709602099
721,,,6305769,[],CHEMBL1815005,Antimicrobial activity against Salmonella Typhimurium ATCC 14028 assessed as inhibition of biofilm formation after 24 hrs by spectrophotometry,F,,,BAO_0000190,BAO_0000218,organism-based format,CCCCCCCCN1c2nccc[n+]2C[C@@]1(O)c1cccc2ccccc12.[Br-],,,CHEMBL1811868,Bioorg Med Chem,2011,,CHEMBL1814209,,CHEMBL1852747,4.83,0,http://www.openphacts.org/units/Nanomolar,1448748,=,1,1,=,,IC50,nM,,14700.0,CHEMBL351,Salmonella enterica subsp. enterica serovar Typhimurium,Salmonella typhimurium,90371,,,IC50,uM,UO_0000065,,14.7,14700.0,4.8326826652518236
8828,,,25575447,"[{'comments': None, 'relation': '=', 'result_flag': 0, 'standard_relation': '=', 'standard_text_value': None, 'standard_type': 'TIME', 'standard_units': 'hr', 'standard_value': '24.0', 'text_value': None, 'type': 'TIME', 'units': 'hrs', 'value': '24.0'}]",CHEMBL5352621,Antibiofilm activity against Staphylococcus aureus ATCC 6538 after 24 hrs by crystal violet staining based assay,F,,,BAO_0000190,BAO_0000218,organism-based format,COCCn1cc(-c2nc(-c3cn(C)c4ncccc34)cs2)c2cc(Br)ccc21,,,CHEMBL5352385,Eur J Med Chem,2022,,CHEMBL5423183,,CHEMBL5423183,4.62,0,http://www.openphacts.org/units/Nanomolar,3981689,=,1,1,=,,IC50,nM,,23900.0,CHEMBL352,Staphylococcus aureus,Staphylococcus aureus,1280,,,IC50,uM,UO_0000065,,23.9,23900.0,4.621602099051862
1128,,,13840637,[],CHEMBL3095560,Antibiofilm activity against Klebsiella planticola MTCC 530 after 24 hrs by crystal violet assay,F,,,BAO_0000190,BAO_0000218,organism-based format,COc1cc(Cn2cc(CNC(=O)c3ccc([N+](=O)[O-])o3)nn2)ccc1F,,,CHEMBL3091424,Bioorg Med Chem Lett,2013,,CHEMBL3093121,,CHEMBL3093121,,0,http://www.openphacts.org/units/MicrogramPerMilliliter,1953081,=,1,1,=,,IC50,ug.mL-1,,22.7,CHEMBL613271,Raoultella planticola,Raoultella planticola,575,,,IC50,ug ml-1,UO_0000274,,22.7,60482.36685886025,4.2183712219111245
1400,,,13910585,[],CHEMBL3116739,Antibacterial activity against Streptococcus mutans ATCC 25175 assessed as inhibition of biofilm formation after 20 hrs by crystal-violet staining method,F,,,BAO_0000190,BAO_0000019,assay format,COc1ccccc1C1=C(Br)C(=O)N(CC(C)C)/C1=C/c1ccc(C(F)(F)F)cc1,,,CHEMBL3112480,Bioorg Med Chem Lett,2014,,CHEMBL3116163,,CHEMBL3116163,4.23,0,http://www.openphacts.org/units/Nanomolar,1967408,=,1,1,=,,IC50,nM,,58900.0,CHEMBL612426,Streptococcus mutans,Streptococcus mutans,1309,,,IC50,uM,UO_0000065,,58.9,58900.0,4.229884705212898
3475,,,18570269,[],CHEMBL4220814,Antibiofilm activity against Escherichia coli TG1 after 24 hrs by crystal violet staining based assay,F,,,BAO_0000190,BAO_0000218,organism-based format,Nc1ncc(-c2ccc(F)cc2)n1CCCCCCCn1c(-c2ccc(F)cc2)cnc1N,,,CHEMBL4219072,Bioorg Med Chem,2018,,CHEMBL4227460,,CHEMBL4227460,5.14,0,http://www.openphacts.org/units/Nanomolar,3083418,=,1,1,=,,IC50,nM,,7200.0,CHEMBL354,Escherichia coli,Escherichia coli,562,,,IC50,uM,UO_0000065,,7.2,7200.0,5.142667503568731
2505,,,16603739,[],CHEMBL3813217,Antibiofilm activity against Staphylococcus aureus MLS16 MTCC 2940 after 24 hrs by crystal violet staining based assay,F,,,BAO_0000190,BAO_0000218,organism-based format,O=C1C=C(N2CC2)C(=O)C(c2cc(-c3ccc(C(=O)N4CCOCC4)s3)on2)=C1N1CC1,,,CHEMBL3808371,Eur J Med Chem,2016,,CHEMBL3809188,,CHEMBL3809188,5.72,0,http://www.openphacts.org/units/Nanomolar,2778999,=,1,1,=,,IC50,nM,,1900.0,CHEMBL352,Staphylococcus aureus,Staphylococcus aureus,1280,,,IC50,uM,UO_0000065,,1.9,1900.0,5.721246399047171
3695,,,18730764,[],CHEMBL4260145,Antibiofilm activity against Salmonella typhimurium ATCC 14028 after 24 hrs by crystal violet staining based assay,F,,,BAO_0000190,BAO_0000218,organism-based format,Cl.Nc1nc2cc(NC(=O)c3cc(Br)cc(Br)c3)ccc2n1CCCc1ccccc1,,,CHEMBL4257552,Medchemcomm,2018,,CHEMBL4293762,,CHEMBL4302695,5.25,0,http://www.openphacts.org/units/Nanomolar,3111839,=,1,1,=,,IC50,nM,,5580.0,CHEMBL351,Salmonella enterica subsp. enterica serovar Typhimurium,Salmonella typhimurium,90371,,,IC50,uM,UO_0000065,,5.58,5580.0,5.253365801062421
3347,,,18552781,[],CHEMBL4199796,Antibiofilm activity against methicillin-resistant Staphylococcus aureus ATCC 43300 assessed induction of dispersion of preformed biofilm after 24 hrs by crystal violet staining based method,F,,,BAO_0000188,BAO_0000218,organism-based format,Cl.Nc1nccc(-c2c[nH]c3ccc(Br)cc23)n1,Outside typical range,"Values for this activity type are unusually large/small, so may not be accurate",CHEMBL4196121,ACS Med Chem Lett,2018,,CHEMBL4216195,,CHEMBL44541,,0,http://www.openphacts.org/units/Nanomolar,3080263,=,1,1,=,,EC50,nM,,138400.0,CHEMBL352,Staphylococcus aureus,Staphylococcus aureus,1280,,,EC50,uM,UO_0000065,,138.4,138400.0,3.858863909879261
1922,,,15087777,[],CHEMBL3388394,Inhibition of biofilm formation in methicillin-resistant Staphylococcus aureus MTCC 96 after 36 hr incubation by tissue culture plate method,F,,,BAO_0000190,BAO_0000218,organism-based format,O=C(O)CC(=O)Nc1ccc(-c2nc3cccnc3[nH]2)cc1,,,CHEMBL3352166,Bioorg Med Chem,2014,,CHEMBL3344029,,CHEMBL3344029,4.14,0,http://www.openphacts.org/units/Nanomolar,2266642,=,1,1,=,,IC50,nM,,71900.0,CHEMBL352,Staphylococcus aureus,Staphylococcus aureus,1280,,,IC50,uM,UO_0000065,,71.9,71900.0,4.1432711096171175
333,,,5190425,[],CHEMBL1663615,Antibiofilm activity in Salmonella Typhimurium ATCC 14028 assessed as inhibition of biofilm formation at 25 degC after 24 hrs,F,,,BAO_0000190,BAO_0000218,organism-based format,Nc1ncc(-c2ccc(Cl)cc2)n1Cc1ccccc1,,,CHEMBL1649413,J Med Chem,2011,,CHEMBL1649868,,CHEMBL1649868,4.54,0,http://www.openphacts.org/units/Nanomolar,1322147,=,1,1,=,,IC50,nM,,28500.0,CHEMBL351,Salmonella enterica subsp. enterica serovar Typhimurium,Salmonella typhimurium,90371,,,IC50,uM,UO_0000065,,28.5,28500.0,4.54515513999149
5967,,,22444686,"[{'comments': None, 'relation': '=', 'result_flag': 0, 'standard_relation': '=', 'standard_text_value': None, 'standard_type': 'TIME', 'standard_units': 'hr', 'standard_value': '24.0', 'text_value': None, 'type': 'Time', 'units': 'hrs', 'value': '24.0'}]",CHEMBL4679315,Inhibition of biofilm formation in Klebsiella planticola MTCC 530 incubated for 24 hrs by crystal violet staining based microtiter plate method,F,,,BAO_0000190,BAO_0000218,organism-based format,COc1ccc(-n2cc(COc3ccc(/C=N/Nc4nc(-c5cc6cccc(OC)c6oc5=O)cs4)cc3)nn2)cc1,,,CHEMBL4673372,Bioorg Med Chem Lett,2021,,CHEMBL4800245,,CHEMBL4800245,4.4,0,http://www.openphacts.org/units/Nanomolar,3517643,=,1,1,=,,IC50,nM,,40200.0,CHEMBL613271,Raoultella planticola,Raoultella planticola,575,,,IC50,uM,UO_0000065,,40.2,40200.0,4.39577394691553
285,,,5190377,[],CHEMBL1663615,Antibiofilm activity in Salmonella Typhimurium ATCC 14028 assessed as inhibition of biofilm formation at 25 degC after 24 hrs,F,,,BAO_0000190,BAO_0000218,organism-based format,CCCCCCCCCCCn1c(-c2ccc(-c3ccccc3)cc2)cnc1N,,,CHEMBL1649413,J Med Chem,2011,,CHEMBL1649821,,CHEMBL1649821,4.22,0,http://www.openphacts.org/units/Nanomolar,1322099,=,1,1,=,,IC50,nM,,60200.0,CHEMBL351,Salmonella enterica subsp. enterica serovar Typhimurium,Salmonella typhimurium,90371,,,IC50,uM,UO_0000065,,60.2,60200.0,4.220403508742176
3940,,,18935635,[],CHEMBL4326949,Antibiofilm activity against methicillin-resistant Staphylococcus aureus,F,,,BAO_0000190,BAO_0000218,organism-based format,COC(=O)Oc1c(Br)cc(Br)c2nc3ccccc3nc12,,,CHEMBL4325854,Eur J Med Chem,2019,,CHEMBL4590992,,CHEMBL4590992,5.85,0,http://www.openphacts.org/units/Nanomolar,3159079,=,1,1,=,,IC50,nM,,1400.0,CHEMBL352,Staphylococcus aureus,Staphylococcus aureus,1280,,,IC50,uM,UO_0000065,2.9,1.4,1400.0,5.853871964321762
344,,,5190436,[],CHEMBL1663615,Antibiofilm activity in Salmonella Typhimurium ATCC 14028 assessed as inhibition of biofilm formation at 25 degC after 24 hrs,F,,,BAO_0000190,BAO_0000218,organism-based format,O=[N+]([O-])c1ccc(-c2cn3cccnc3[n+]2C2CCCCC2)cc1.[O-][Cl+3]([O-])([O-])[O-],Outside typical range,"Values for this activity type are unusually large/small, so may not be accurate",CHEMBL1649413,J Med Chem,2011,,CHEMBL1649879,,CHEMBL1739560,,0,http://www.openphacts.org/units/Nanomolar,1322158,=,1,1,=,,IC50,nM,,561000.0,CHEMBL351,Salmonella enterica subsp. enterica serovar Typhimurium,Salmonella typhimurium,90371,,,IC50,uM,UO_0000065,,561.0,561000.0,3.251037138743839
820,,,6306983,[],CHEMBL1815005,Antimicrobial activity against Salmonella Typhimurium ATCC 14028 assessed as inhibition of biofilm formation after 24 hrs by spectrophotometry,F,,,BAO_0000190,BAO_0000218,organism-based format,CC(C)N1c2nccc[n+]2C[C@@]1(O)c1ccccc1.[Br-],Outside typical range,"Values for this activity type are unusually large/small, so may not be accurate",CHEMBL1811868,Bioorg Med Chem,2011,,CHEMBL1814001,,CHEMBL1851646,,0,http://www.openphacts.org/units/Nanomolar,1448507,=,1,1,=,,IC50,nM,,540500.0,CHEMBL351,Salmonella enterica subsp. enterica serovar Typhimurium,Salmonella typhimurium,90371,,,IC50,uM,UO_0000065,,540.5,540500.0,3.267204301710671
809,,,6306971,[],CHEMBL1815005,Antimicrobial activity against Salmonella Typhimurium ATCC 14028 assessed as inhibition of biofilm formation after 24 hrs by spectrophotometry,F,,,BAO_0000190,BAO_0000218,organism-based format,CCCCCCCCCCCCCN1c2nccc[n+]2C[C@@]1(O)c1ccccc1.[Br-],,,CHEMBL1811868,Bioorg Med Chem,2011,,CHEMBL1814012,,CHEMBL1852872,4.09,0,http://www.openphacts.org/units/Nanomolar,1448518,=,1,1,=,,IC50,nM,,81600.0,CHEMBL351,Salmonella enterica subsp. enterica serovar Typhimurium,Salmonella typhimurium,90371,,,IC50,uM,UO_0000065,,81.6,81600.0,4.088309841246139
8178,,,24898412,"[{'comments': None, 'relation': '=', 'result_flag': 0, 'standard_relation': '=', 'standard_text_value': None, 'standard_type': 'TIME', 'standard_units': 'hr', 'standard_value': '24.0', 'text_value': None, 'type': 'Time', 'units': 'hrs', 'value': '24.0'}]",CHEMBL5159908,Antibiofilm activity against Salmonella typhimurium ATCC 14028 assessed as biofilm dispersal effect incubated for 24 hrs by crystal violet staining based spectrophotometry,F,,,BAO_0000188,BAO_0000218,organism-based format,CN(Cc1ccsc1)CC1CCN(Cc2ccc(Cl)cc2)CC1,Outside typical range,"Values for this activity type are unusually large/small, so may not be accurate",CHEMBL5154764,Eur J Med Chem,2022,,CHEMBL5200652,,CHEMBL5200652,,0,http://www.openphacts.org/units/Nanomolar,3891421,=,1,1,=,,EC50,nM,,934000.0,CHEMBL351,Salmonella enterica subsp. enterica serovar Typhimurium,Salmonella typhimurium,90371,,,EC50,uM,UO_0000065,,934.0,934000.0,3.029653123769907
808,,,6306970,[],CHEMBL1815005,Antimicrobial activity against Salmonella Typhimurium ATCC 14028 assessed as inhibition of biofilm formation after 24 hrs by spectrophotometry,F,,,BAO_0000190,BAO_0000218,organism-based format,CN1c2nccc[n+]2C[C@@]1(O)c1ccc(Cl)cc1.[Br-],Outside typical range,"Values for this activity type are unusually large/small, so may not be accurate",CHEMBL1811868,Bioorg Med Chem,2011,,CHEMBL1814014,,CHEMBL1852742,,0,http://www.openphacts.org/units/Nanomolar,1448520,=,1,1,=,,IC50,nM,,225000.0,CHEMBL351,Salmonella enterica subsp. enterica serovar Typhimurium,Salmonella typhimurium,90371,,,IC50,uM,UO_0000065,,225.0,225000.0,3.6478174818886373
6035,,,22446265,[],CHEMBL4679608,Antibiofilm activity against Streptococcus mutans UA159 assessed as inhibition of biofilm formation by serial dilution method,F,,,BAO_0000190,BAO_0000218,organism-based format,NCc1ccccc1NC(=O)c1cccc2ccccc12,Outside typical range,"Values for this activity type are unusually large/small, so may not be accurate",CHEMBL4673385,ACS Med Chem Lett,2021,,CHEMBL4792306,,CHEMBL4792306,,0,http://www.openphacts.org/units/Nanomolar,3517958,=,1,1,=,,IC50,nM,,224300.0,CHEMBL612426,Streptococcus mutans,Streptococcus mutans,1309,,,IC50,uM,UO_0000065,,224.3,224300.0,3.649170726417032
3339,,,18552672,[],CHEMBL4199792,Inhibition of biofilm formation in methicillin-resistant Staphylococcus aureus ATCC 43300 after 24 hrs by crystal violet staining based method,F,,,BAO_0000190,BAO_0000218,organism-based format,Brc1ccc2[nH]cc(-c3ccnc(NCc4ccccc4)n3)c2c1.Cl,,,CHEMBL4196121,ACS Med Chem Lett,2018,,CHEMBL4204530,,CHEMBL4302454,5.02,0,http://www.openphacts.org/units/Nanomolar,3080264,=,1,1,=,,IC50,nM,,9620.0,CHEMBL352,Staphylococcus aureus,Staphylococcus aureus,1280,,,IC50,uM,UO_0000065,,9.62,9620.0,5.016824927962187
6033,,,22446263,[],CHEMBL4679608,Antibiofilm activity against Streptococcus mutans UA159 assessed as inhibition of biofilm formation by serial dilution method,F,,,BAO_0000190,BAO_0000218,organism-based format,NC(=O)c1cccc(NC(=O)c2ccc(-c3ccccc3)cc2)c1,,,CHEMBL4673385,ACS Med Chem Lett,2021,,CHEMBL4791979,,CHEMBL4791979,4.1,0,http://www.openphacts.org/units/Nanomolar,3517960,=,1,1,=,,IC50,nM,,79900.0,CHEMBL612426,Streptococcus mutans,Streptococcus mutans,1309,,,IC50,uM,UO_0000065,,79.9,79900.0,4.097453220686009
3365,,,18552868,[],CHEMBL4199796,Antibiofilm activity against methicillin-resistant Staphylococcus aureus ATCC 43300 assessed induction of dispersion of preformed biofilm after 24 hrs by crystal violet staining based method,F,,,BAO_0000188,BAO_0000218,organism-based format,Cl.Nc1nc(-c2c[nH]c3ccc(Br)cc23)c[nH]1,Outside typical range,"Values for this activity type are unusually large/small, so may not be accurate",CHEMBL4196121,ACS Med Chem Lett,2018,,CHEMBL4209682,,CHEMBL4302148,,0,http://www.openphacts.org/units/Nanomolar,3080292,=,1,1,=,,EC50,nM,,101500.0,CHEMBL352,Staphylococcus aureus,Staphylococcus aureus,1280,,,EC50,uM,UO_0000065,,101.5,101500.0,3.993533957750768
5049,,,19147129,[],CHEMBL4379054,Antibiofilm activity against methicillin-resistant Staphylococcus aureus assessed as inhibition of biofilm formation incubated for overnight by crystal violet staining based microtiter plate assay,F,,,BAO_0000190,BAO_0000218,organism-based format,CC[C@H](C)[C@H](NC(=O)[C@H](CCCNC(=N)N)NC(=O)[C@@H](NC(=O)[C@H](CCCNC(=N)N)NC(=O)[C@@H](NC(=O)[C@@H](NC(=O)[C@H](CC(C)C)NC(=O)[C@H](CCCNC(=N)N)NC(=O)[C@@H](N)C(C)C)[C@@H](C)CC)C(C)C)C(C)C)C(=O)N[C@@H](Cc1c[nH]c2ccccc12)C(=O)N[C@@H](CCCNC(=N)N)C(=O)N[C@@H](CCCNC(=N)N)C(N)=O,,,CHEMBL4376833,J Med Chem,2019,,CHEMBL4469580,,CHEMBL4469580,5.4,0,http://www.openphacts.org/units/Nanomolar,3195602,=,1,1,=,,IC50,nM,,4000.0,CHEMBL352,Staphylococcus aureus,Staphylococcus aureus,1280,,,IC50,uM,UO_0000065,6.0,4.0,4000.0,5.3979400086720375
6045,,,22446275,[],CHEMBL4679608,Antibiofilm activity against Streptococcus mutans UA159 assessed as inhibition of biofilm formation by serial dilution method,F,,,BAO_0000190,BAO_0000218,organism-based format,CC(C)(C)OC(=O)NCc1ccccc1NC(=O)c1ccc2ccccc2c1,,,CHEMBL4673385,ACS Med Chem Lett,2021,,CHEMBL4763846,,CHEMBL4763846,4.25,0,http://www.openphacts.org/units/Nanomolar,3517948,=,1,1,=,,IC50,nM,,56800.0,CHEMBL612426,Streptococcus mutans,Streptococcus mutans,1309,,,IC50,uM,UO_0000065,,56.8,56800.0,4.245651664288981
675,,,6305667,[],CHEMBL1815005,Antimicrobial activity against Salmonella Typhimurium ATCC 14028 assessed as inhibition of biofilm formation after 24 hrs by spectrophotometry,F,,,BAO_0000190,BAO_0000218,organism-based format,COc1cccc(CN2c3nccc[n+]3C[C@@]2(O)c2ccc(-c3ccc(-c4ccccc4)cc3)cc2)c1.[Br-],,,CHEMBL1811868,Bioorg Med Chem,2011,,CHEMBL1814235,,CHEMBL1851856,4.91,0,http://www.openphacts.org/units/Nanomolar,1448774,=,1,1,=,,IC50,nM,,12400.0,CHEMBL351,Salmonella enterica subsp. enterica serovar Typhimurium,Salmonella typhimurium,90371,,,IC50,uM,UO_0000065,,12.4,12400.0,4.906578314837765
2089,,,15668836,[],CHEMBL3603703,Inhibition of biofilm formation in Staphylococcus aureus 8325-4 after 24 hrs by microtiter plate assay,F,,,BAO_0000188,BAO_0000218,organism-based format,COc1cc([C@H]2Oc3ccc(-c4cc(=O)c5c(O)cc(O)cc5o4)cc3O[C@@H]2CO)ccc1O,,,CHEMBL3600361,J Nat Prod,2015,,CHEMBL91638,,CHEMBL91638,,0,http://www.openphacts.org/units/MicrogramPerMilliliter,2493551,=,1,1,=,,EC50,ug.mL-1,,16.0,CHEMBL352,Staphylococcus aureus,Staphylococcus aureus,1280,,,EC50,ug ml-1,UO_0000274,,16.0,34451.1289204308,4.462796542235876
2712,,,16644413,[],CHEMBL3826807,Antibiofilm activity against Staphylococcus aureus MTCC 96 after 24 hrs by crystal violet staining based assay,F,,,BAO_0000190,BAO_0000218,organism-based format,CCCCCCCCC[C@@H](O)[C@H](CO)n1cc(-c2cccc(O)c2)nn1,,,CHEMBL3822398,Eur J Med Chem,2016,,CHEMBL3824313,,CHEMBL3824313,,0,http://www.openphacts.org/units/MicrogramPerMilliliter,2786518,=,1,1,=,,IC50,ug.mL-1,,2.9,CHEMBL352,Staphylococcus aureus,Staphylococcus aureus,1280,,,IC50,ug ml-1,UO_0000274,,2.9,8022.440703097767,5.095693484255843
592,,,6303265,[],CHEMBL1815005,Antimicrobial activity against Salmonella Typhimurium ATCC 14028 assessed as inhibition of biofilm formation after 24 hrs by spectrophotometry,F,,,BAO_0000190,BAO_0000218,organism-based format,O=[N+]([O-])c1ccc(-c2cnc(NC3CCCCC3)[nH]2)cc1,,,CHEMBL1811868,Bioorg Med Chem,2011,,CHEMBL1814373,,CHEMBL1814373,4.43,0,http://www.openphacts.org/units/Nanomolar,1448970,=,1,1,=,,IC50,nM,,36700.0,CHEMBL351,Salmonella enterica subsp. enterica serovar Typhimurium,Salmonella typhimurium,90371,,,IC50,uM,UO_0000065,,36.7,36700.0,4.43533393574791
571,,,6152586,[],CHEMBL1763327,Antibacterial activity against Escherichia coli UTI89 assessed as inhibition of biofilm formation after 24 hrs,F,,,BAO_0000188,BAO_0000218,organism-based format,O=C(O)[C@@H]1CSc2c(-c3cccc(C(F)(F)F)c3)c(CNS(=O)(=O)c3cccc4ccccc34)cc(=O)n21,,,CHEMBL1759904,Eur J Med Chem,2011,,CHEMBL1761539,,CHEMBL1761539,4.42,0,http://www.openphacts.org/units/Nanomolar,1413753,=,1,1,=,,EC50,nM,,38000.0,CHEMBL354,Escherichia coli,Escherichia coli,562,,,EC50,uM,UO_0000065,,38.0,38000.0,4.42021640338319
4340,,,18982194,[],CHEMBL4339390,Antibiofilm activity against Staphylococcus aureus ATCC 6538 incubated for 24 hrs by crystal violet-staining based assay,F,,,BAO_0000179,BAO_0000218,organism-based format,Br.Cn1cc(-c2nn3cc(-c4ccc([N+](=O)[O-])cc4)nc3s2)c2cc(Br)ccc21,,,CHEMBL4339190,Eur J Med Chem,2019,,CHEMBL4456006,,CHEMBL4597938,,0,http://www.openphacts.org/units/Micromolar,3166590,=,1,0,=,,MBIC50,uM,,3.1,CHEMBL352,Staphylococcus aureus,Staphylococcus aureus,1280,,,MBIC50,uM,UO_0000064,,3.1,3100.0,5.508638306165728
5846,,,22421801,"[{'comments': None, 'relation': '=', 'result_flag': 0, 'standard_relation': '=', 'standard_text_value': None, 'standard_type': 'TIME', 'standard_units': 'hr', 'standard_value': '24.0', 'text_value': None, 'type': 'Time', 'units': 'hrs', 'value': '24.0'}]",CHEMBL4673711,Inhibition of biofilm formation in methicillin-resistant Staphylococcus aureus ATCC 43300 incubated for 24 hrs by crystal violet staining based assay,F,,,BAO_0000190,BAO_0000218,organism-based format,Cl.Nc1ncc(-c2cccc(NC(=O)c3cc(Br)cc(Br)c3)c2)cn1,,,CHEMBL4673191,RSC Med Chem,2021,,CHEMBL4751144,,CHEMBL4802771,4.37,0,http://www.openphacts.org/units/Nanomolar,3513615,=,1,1,=,,IC50,nM,,43000.0,CHEMBL352,Staphylococcus aureus,Staphylococcus aureus,1280,,,IC50,uM,UO_0000065,,43.0,43000.0,4.366531544420414
797,,,6306959,[],CHEMBL1815005,Antimicrobial activity against Salmonella Typhimurium ATCC 14028 assessed as inhibition of biofilm formation after 24 hrs by spectrophotometry,F,,,BAO_0000190,BAO_0000218,organism-based format,CCCCCCCCCCCCCN1c2nccc[n+]2C[C@@]1(O)c1ccc(Cl)cc1.[Br-],Outside typical range,"Values for this activity type are unusually large/small, so may not be accurate",CHEMBL1811868,Bioorg Med Chem,2011,,CHEMBL1814025,,CHEMBL1851899,,0,http://www.openphacts.org/units/Nanomolar,1448531,=,1,1,=,,IC50,nM,,316100.0,CHEMBL351,Salmonella enterica subsp. enterica serovar Typhimurium,Salmonella typhimurium,90371,,,IC50,uM,UO_0000065,,316.1,316100.0,3.5001755041604206
110,,,3347289,[],CHEMBL1174679,Antibacterial activity against Streptococcus mutans ATCC 25175 assessed as inhibition of biofilm formation after 18 hrs,F,,,BAO_0000179,BAO_0000218,organism-based format,C=C[C@@](C)(/C=C/c1ccc(O)cc1)CCC=C(C)C,,,CHEMBL1177882,Eur J Med Chem,2010,,CHEMBL262344,BAKUCHIOL,CHEMBL262344,,0,http://www.openphacts.org/units/MicrogramPerMilliliter,923304,=,1,0,=,,MBIC50,ug ml-1,,4.0,CHEMBL612426,Streptococcus mutans,Streptococcus mutans,1309,,,MBIC50,ug ml-1,UO_0000274,,4.0,15601.293347218489,4.806839397140581
112,,,3347291,[],CHEMBL1174679,Antibacterial activity against Streptococcus mutans ATCC 25175 assessed as inhibition of biofilm formation after 18 hrs,F,,,BAO_0000179,BAO_0000218,organism-based format,COc1ccccc1/C=C/[C@@](C)(/C=C/c1ccc(O)cc1)CCC=C(C)C,,,CHEMBL1177882,Eur J Med Chem,2010,,CHEMBL1171901,,CHEMBL1171901,,0,http://www.openphacts.org/units/MicrogramPerMilliliter,923369,=,1,0,=,,MBIC50,ug ml-1,,8.0,CHEMBL612426,Streptococcus mutans,Streptococcus mutans,1309,,,MBIC50,ug ml-1,UO_0000274,,8.0,22068.17410685961,4.656233598334467
3604,,,18583982,[],CHEMBL4223119,Antibiofilm activity against Klebsiella planticola MTCC 530 after 24 hrs by crystal violet staining-based assay,F,,,BAO_0000190,BAO_0000218,organism-based format,COc1ccc(-c2nc(C(=O)N3CCCC3)nc3nc(-c4ccccc4)cc(C(F)(F)F)c23)cc1,,,CHEMBL4219190,Bioorg Med Chem Lett,2018,,CHEMBL4227664,,CHEMBL4227664,,0,http://www.openphacts.org/units/MicrogramPerMilliliter,3086036,=,1,1,=,,IC50,ug.mL-1,,10.8,CHEMBL613271,Raoultella planticola,Raoultella planticola,575,,,IC50,ug ml-1,UO_0000274,,10.8,22571.759385044952,4.646434587956498
2752,,,16792791,[],CHEMBL3867319,Anti-biofilm activity against Staphylococcus aureus MTCC96 measured after 24 hrs by crystal violet-staining based method,F,,,BAO_0000190,BAO_0000019,assay format,CCCCCCC(C/C=C\CCCCCCCC(=O)OC)NC(=O)CN,,,CHEMBL3865846,Bioorg Med Chem Lett,2016,,CHEMBL3984778,,CHEMBL3984778,,0,http://www.openphacts.org/units/MicrogramPerMilliliter,2807288,=,1,1,=,,IC50,ug.mL-1,,2.1,CHEMBL352,Staphylococcus aureus,Staphylococcus aureus,1280,,,IC50,ug ml-1,UO_0000274,,2.1,5697.82017679522,5.244291261214109
3775,,,18781245,[],CHEMBL4270107,Antibiofilm activity against Staphylococcus aureus Rosenbach ATCC 25923 after 24 hrs by crystal-violet based UV-Vis spectroscopy,F,,,BAO_0000188,BAO_0000218,organism-based format,O=C(Nc1cccc(Cl)c1)c1cc(Br)ccc1O,,,CHEMBL4266041,J Med Chem,2018,,CHEMBL4285206,,CHEMBL4285206,6.36,0,http://www.openphacts.org/units/Nanomolar,3120656,=,1,1,=,,EC50,nM,,440.0,CHEMBL352,Staphylococcus aureus,Staphylococcus aureus,1280,,,EC50,uM,UO_0000065,,0.44,440.0,6.356547323513813
714,,,6305762,[],CHEMBL1815005,Antimicrobial activity against Salmonella Typhimurium ATCC 14028 assessed as inhibition of biofilm formation after 24 hrs by spectrophotometry,F,,,BAO_0000190,BAO_0000218,organism-based format,O[C@@]1(c2ccccc2)C[n+]2cccnc2N1C1CCCCCC1.[Br-],,,CHEMBL1811868,Bioorg Med Chem,2011,,CHEMBL1814216,,CHEMBL1852766,4.08,0,http://www.openphacts.org/units/Nanomolar,1448755,=,1,1,=,,IC50,nM,,84200.0,CHEMBL351,Salmonella enterica subsp. enterica serovar Typhimurium,Salmonella typhimurium,90371,,,IC50,uM,UO_0000065,,84.2,84200.0,4.0746879085003505
331,,,5190423,[],CHEMBL1663615,Antibiofilm activity in Salmonella Typhimurium ATCC 14028 assessed as inhibition of biofilm formation at 25 degC after 24 hrs,F,,,BAO_0000190,BAO_0000218,organism-based format,Nc1ncc(-c2ccccc2)n1Cc1ccccc1,,,CHEMBL1649413,J Med Chem,2011,,CHEMBL1649866,,CHEMBL1649866,4.26,0,http://www.openphacts.org/units/Nanomolar,1322145,=,1,1,=,,IC50,nM,,55100.0,CHEMBL351,Salmonella enterica subsp. enterica serovar Typhimurium,Salmonella typhimurium,90371,,,IC50,uM,UO_0000065,,55.1,55100.0,4.258848401148215
1913,,,15087768,[],CHEMBL3388394,Inhibition of biofilm formation in methicillin-resistant Staphylococcus aureus MTCC 96 after 36 hr incubation by tissue culture plate method,F,,,BAO_0000190,BAO_0000218,organism-based format,O=C(O)CCC(=O)Nc1ccc(-c2nc3cc([N+](=O)[O-])ccc3[nH]2)cc1,,,CHEMBL3352166,Bioorg Med Chem,2014,,CHEMBL3344020,,CHEMBL3344020,4.55,0,http://www.openphacts.org/units/Nanomolar,2266633,=,1,1,=,,IC50,nM,,27920.0,CHEMBL352,Staphylococcus aureus,Staphylococcus aureus,1280,,,IC50,uM,UO_0000065,,27.92,27920.0,4.554084586048877
6512,,,22905970,"[{'comments': None, 'relation': '=', 'result_flag': 0, 'standard_relation': '=', 'standard_text_value': None, 'standard_type': 'TIME', 'standard_units': 'hr', 'standard_value': '24.0', 'text_value': None, 'type': 'Time', 'units': 'hrs', 'value': '24.0'}]",CHEMBL4733169,Antibiofilm activity against Staphylococcus aureus ATCC 25923 after 24 hrs by crystal violet staining based assay,F,,,BAO_0000179,BAO_0000218,organism-based format,COc1ccc2c(c1)c(C(=O)c1nc(-c3cn(C)c4ccccc34)no1)cn2C,,,CHEMBL4732050,Eur J Med Chem,2021,,CHEMBL4781372,,CHEMBL4781372,,0,http://www.openphacts.org/units/Micromolar,3555998,=,1,0,=,,MBIC50,uM,,33.1,CHEMBL352,Staphylococcus aureus,Staphylococcus aureus,1280,,,MBIC50,uM,UO_0000064,,33.1,33100.0,4.480172006224281
5649,,,20704031,[],CHEMBL4627903,Antibiofilm activity against Escherichia coli UTI89 incubated for 2 days at 23 degC followed by 1 day incubation at RT,F,,,BAO_0000179,BAO_0000218,organism-based format,CC(=O)N(C(C)=O)c1ncc2c(n1)C(C)(C)[C@@H]1CC[C@]3(C)[C@H](CC=C4[C@@H]5CC(C)(C)CC[C@]5(C(=O)O)CC[C@]43C)[C@@]1(C)C2,,,CHEMBL4627274,Bioorg Med Chem,2020,,CHEMBL4643082,,CHEMBL4643082,,0,http://www.openphacts.org/units/MicrogramPerMilliliter,3486856,=,1,0,=,,MBIC50,ug ml-1,,8.0,CHEMBL354,Escherichia coli,Escherichia coli,562,,,MBIC50,ug ml-1,UO_0000274,,8.0,13563.437042763817,4.8676302441295
3945,,,18935640,[],CHEMBL4326949,Antibiofilm activity against methicillin-resistant Staphylococcus aureus,F,,,BAO_0000190,BAO_0000218,organism-based format,CCCCc1ccc(C(=O)NCCn2cc(CCCCc3[nH]c(N)nc3-c3cnc4ccccc4c3)nn2)cc1,,,CHEMBL4325854,Eur J Med Chem,2019,,CHEMBL4578382,,CHEMBL4578382,5.38,0,http://www.openphacts.org/units/Nanomolar,3159049,=,1,1,=,,IC50,nM,,4200.0,CHEMBL352,Staphylococcus aureus,Staphylococcus aureus,1280,,,IC50,uM,UO_0000065,,4.2,4200.0,5.3767507096021
276,,,5190368,[],CHEMBL1663615,Antibiofilm activity in Salmonella Typhimurium ATCC 14028 assessed as inhibition of biofilm formation at 25 degC after 24 hrs,F,,,BAO_0000190,BAO_0000218,organism-based format,CCCCCCCCCCCCCCn1c(-c2ccc(Cl)cc2)cnc1N,Outside typical range,"Values for this activity type are unusually large/small, so may not be accurate",CHEMBL1649413,J Med Chem,2011,,CHEMBL1649812,,CHEMBL1649812,,0,http://www.openphacts.org/units/Nanomolar,1322090,=,1,1,=,,IC50,nM,,453300.0,CHEMBL351,Salmonella enterica subsp. enterica serovar Typhimurium,Salmonella typhimurium,90371,,,IC50,uM,UO_0000065,,453.3,453300.0,3.3436142809413125
6525,,,22905983,"[{'comments': None, 'relation': '=', 'result_flag': 0, 'standard_relation': '=', 'standard_text_value': None, 'standard_type': 'TIME', 'standard_units': 'hr', 'standard_value': '24.0', 'text_value': None, 'type': 'Time', 'units': 'hrs', 'value': '24.0'}]",CHEMBL4733169,Antibiofilm activity against Staphylococcus aureus ATCC 25923 after 24 hrs by crystal violet staining based assay,F,,,BAO_0000179,BAO_0000218,organism-based format,COc1ccc2c(c1)c(-c1noc(C(=O)c3cn(C)c4ccc(F)cc34)n1)cn2C,,,CHEMBL4732050,Eur J Med Chem,2021,,CHEMBL4793540,,CHEMBL4793540,,0,http://www.openphacts.org/units/Micromolar,3556013,=,1,0,=,,MBIC50,uM,,14.8,CHEMBL352,Staphylococcus aureus,Staphylococcus aureus,1280,,,MBIC50,uM,UO_0000064,,14.8,14800.0,4.8297382846050425
2494,,,16603728,[],CHEMBL3813334,Antibiofilm activity against Klebsiella planticola MTCC 530 after 24 hrs by crystal violet staining based assay,F,,,BAO_0000190,BAO_0000218,organism-based format,CCCN(C)C(=O)c1ccc(-c2cc(C3=C(N4CC4)C(=O)C=C(N4CC4)C3=O)no2)s1,,,CHEMBL3808371,Eur J Med Chem,2016,,CHEMBL3809220,,CHEMBL3809220,5.46,0,http://www.openphacts.org/units/Nanomolar,2778941,=,1,1,=,,IC50,nM,,3500.0,CHEMBL613271,Raoultella planticola,Raoultella planticola,575,,,IC50,uM,UO_0000065,,3.5,3500.0,5.455931955649724
3216,,,18511378,[],CHEMBL4191872,Antibiofilm activity against Salmonella typhimurium ATCC 14028 after 24 hrs by crystal violet staining based method,F,,,BAO_0000179,BAO_0000218,organism-based format,COc1ccc(Cc2nc(N)n(CC(=O)Nc3ccccc3)c2-c2ccccc2Br)cc1,,,CHEMBL4190235,Eur J Med Chem,2017,,CHEMBL4210618,,CHEMBL4210618,,0,http://www.openphacts.org/units/Micromolar,3073307,=,1,0,=,,MBIC50,uM,,17.0,CHEMBL351,Salmonella enterica subsp. enterica serovar Typhimurium,Salmonella typhimurium,90371,,,MBIC50,uM,UO_0000064,,17.0,17000.0,4.769551078621726
2288,,,16418640,[],CHEMBL3748314,Antibiofilm activity against Bacillus subtilis MTCC 121 after 24 hrs by well diffusion assay by crystal violet staining based method,F,,,BAO_0000190,BAO_0000218,organism-based format,CCCCCCCCC(CCCCCCCCC(=O)OC)SCC(=O)NCC(=O)OC,,,CHEMBL3745670,Bioorg Med Chem Lett,2016,,CHEMBL3746340,,CHEMBL3746340,5.36,0,http://www.openphacts.org/units/Nanomolar,2741383,=,1,1,=,,IC50,nM,,4400.0,CHEMBL359,Bacillus subtilis,Bacillus subtilis,1423,,,IC50,uM,UO_0000065,,4.4,4400.0,5.356547323513813
2507,,,16603741,[],CHEMBL3813217,Antibiofilm activity against Staphylococcus aureus MLS16 MTCC 2940 after 24 hrs by crystal violet staining based assay,F,,,BAO_0000190,BAO_0000218,organism-based format,CCCN(C)C(=O)c1ccc(-c2cc(C3=C(N4CC4)C(=O)C=C(N4CC4)C3=O)no2)s1,,,CHEMBL3808371,Eur J Med Chem,2016,,CHEMBL3809220,,CHEMBL3809220,4.97,0,http://www.openphacts.org/units/Nanomolar,2778941,=,1,1,=,,IC50,nM,,10600.0,CHEMBL352,Staphylococcus aureus,Staphylococcus aureus,1280,,,IC50,uM,UO_0000065,,10.6,10600.0,4.97469413473523
6026,,,22446256,[],CHEMBL4679608,Antibiofilm activity against Streptococcus mutans UA159 assessed as inhibition of biofilm formation by serial dilution method,F,,,BAO_0000190,BAO_0000218,organism-based format,NCc1ccccc1NC(=O)c1ccc(-c2ccccc2)cc1,Outside typical range,"Values for this activity type are unusually large/small, so may not be accurate",CHEMBL4673385,ACS Med Chem Lett,2021,,CHEMBL4784891,,CHEMBL4784891,,0,http://www.openphacts.org/units/Nanomolar,3517967,=,1,1,=,,IC50,nM,,195600.0,CHEMBL612426,Streptococcus mutans,Streptococcus mutans,1309,,,IC50,uM,UO_0000065,,195.6,195600.0,3.7086311495484177
3609,,,18584029,[],CHEMBL4223119,Antibiofilm activity against Klebsiella planticola MTCC 530 after 24 hrs by crystal violet staining-based assay,F,,,BAO_0000190,BAO_0000218,organism-based format,COc1ccc(-c2nc(C(=O)N3CCN(C)CC3)nc3nc(-c4ccccc4)cc(C(F)(F)F)c23)cc1,,,CHEMBL4219190,Bioorg Med Chem Lett,2018,,CHEMBL4227854,,CHEMBL4227854,,0,http://www.openphacts.org/units/MicrogramPerMilliliter,3086037,=,1,1,=,,IC50,ug.mL-1,,10.8,CHEMBL613271,Raoultella planticola,Raoultella planticola,575,,,IC50,ug ml-1,UO_0000274,,10.8,21280.11727709077,4.672025982925249
6110,,,22446340,[],CHEMBL4679608,Antibiofilm activity against Streptococcus mutans UA159 assessed as inhibition of biofilm formation by serial dilution method,F,,,BAO_0000190,BAO_0000218,organism-based format,COC(=O)c1ccc(NC(=O)c2cc3cc([N+](=O)[O-])ccc3s2)cc1,,,CHEMBL4673385,ACS Med Chem Lett,2021,,CHEMBL4754509,,CHEMBL4754509,5.02,0,http://www.openphacts.org/units/Nanomolar,3517883,=,1,1,=,,IC50,nM,,9600.0,CHEMBL612426,Streptococcus mutans,Streptococcus mutans,1309,,,IC50,uM,UO_0000065,,9.6,9600.0,5.017728766960432
1048,,,12675065,[],CHEMBL2344064,Antibacterial activity against methicillin-resistant Staphylococcus aureus ATCC BAA-44 assessed as inhibition of biofilm growth after 24 hrs by crystal violet reporter assay,F,,,BAO_0000190,BAO_0000218,organism-based format,CCCCCc1ccc(C(=O)NCCn2cc(CCCCCc3cn(CCCC)c(N)n3)nn2)cc1.Cl,,,CHEMBL2331213,Eur J Med Chem,2013,,CHEMBL2332801,,CHEMBL2364989,4.97,0,http://www.openphacts.org/units/Nanomolar,1866608,=,1,1,=,,IC50,nM,,10800.0,CHEMBL352,Staphylococcus aureus,Staphylococcus aureus,1280,,,IC50,uM,UO_0000065,,10.8,10800.0,4.966576244513051
3543,,,18570337,[],CHEMBL4220815,Antibiofilm activity against Staphylococcus aureus SH1000 after 48 hrs by crystal violet staining based assay,F,,,BAO_0000190,BAO_0000218,organism-based format,Nc1ncc(-c2ccc(Br)cc2)n1CCCCCn1c(-c2ccc(Br)cc2)cnc1N,,,CHEMBL4219072,Bioorg Med Chem,2018,,CHEMBL4227685,,CHEMBL4227685,5.13,0,http://www.openphacts.org/units/Nanomolar,3083434,=,1,1,=,,IC50,nM,,7400.0,CHEMBL352,Staphylococcus aureus,Staphylococcus aureus,1280,,,IC50,uM,UO_0000065,,7.4,7400.0,5.130768280269024
6208,,,22750696,"[{'comments': None, 'relation': '=', 'result_flag': 0, 'standard_relation': '=', 'standard_text_value': None, 'standard_type': 'TIME', 'standard_units': 'hr', 'standard_value': '24.0', 'text_value': None, 'type': 'Time', 'units': 'hrs', 'value': '24.0'}]",CHEMBL4699742,Antibiofilm activity against Mycobacterium smegmatis mc2 155 ATCC 700084 assessed as inhibition of biofilm formation measured after 24 hrs by crystal violet reporter assay,F,,,BAO_0000190,BAO_0000218,organism-based format,Nc1nccc(-c2c[nH]c3ccc(I)cc23)n1,,,CHEMBL4699393,RSC Med Chem,2020,,CHEMBL4300807,,CHEMBL4300807,4.88,0,http://www.openphacts.org/units/Nanomolar,3530902,=,1,1,=,,IC50,nM,,13100.0,CHEMBL613088,Mycolicibacterium smegmatis,Mycolicibacterium smegmatis,1772,,,IC50,uM,UO_0000065,,13.1,13100.0,4.8827287043442364
3591,,,18583927,[],CHEMBL4223116,Antibiofilm activity against Staphylococcus aureus MTCC 96 after 24 hrs by crystal violet staining-based assay,F,,,BAO_0000190,BAO_0000218,organism-based format,O=C(NCc1ccccc1)c1nc(-c2ccccc2)c2c(C(F)(F)F)cc(-c3ccccc3)nc2n1,,,CHEMBL4219190,Bioorg Med Chem Lett,2018,,CHEMBL4228772,,CHEMBL4228772,,0,http://www.openphacts.org/units/MicrogramPerMilliliter,3086032,=,1,1,=,,IC50,ug.mL-1,,21.6,CHEMBL352,Staphylococcus aureus,Staphylococcus aureus,1280,,,IC50,ug ml-1,UO_0000274,,21.6,44583.79172764256,4.350822998745747
3235,,,18511424,[],CHEMBL4191874,Antibiofilm activity against Staphylococcus aureus SH1000 after 48 hrs by crystal violet staining based method,F,,,BAO_0000179,BAO_0000218,organism-based format,CCCCCc1nc(N)n(CC(=O)Nc2ccccc2)c1-c1ccccc1Br,,,CHEMBL4190235,Eur J Med Chem,2017,,CHEMBL4209703,,CHEMBL4209703,,0,http://www.openphacts.org/units/Micromolar,3073299,=,1,0,=,,MBIC50,uM,,21.3,CHEMBL352,Staphylococcus aureus,Staphylococcus aureus,1280,,,MBIC50,uM,UO_0000064,,21.3,21300.0,4.671620396561262
1926,,,15087781,[],CHEMBL3388394,Inhibition of biofilm formation in methicillin-resistant Staphylococcus aureus MTCC 96 after 36 hr incubation by tissue culture plate method,F,,,BAO_0000190,BAO_0000218,organism-based format,O=C(O)CCCCC(=O)Nc1ccc(-c2nc3cccnc3[nH]2)cc1,,,CHEMBL3352166,Bioorg Med Chem,2014,,CHEMBL3344033,,CHEMBL3344033,4.8,0,http://www.openphacts.org/units/Nanomolar,2266646,=,1,1,=,,IC50,nM,,15730.0,CHEMBL352,Staphylococcus aureus,Staphylococcus aureus,1280,,,IC50,uM,UO_0000065,,15.73,15730.0,4.803271277376712
297,,,5190389,[],CHEMBL1663615,Antibiofilm activity in Salmonella Typhimurium ATCC 14028 assessed as inhibition of biofilm formation at 25 degC after 24 hrs,F,,,BAO_0000190,BAO_0000218,organism-based format,Cc1ccc(-c2cnc(N)n2C)cc1,,,CHEMBL1649413,J Med Chem,2011,,CHEMBL1649833,,CHEMBL1649833,4.21,0,http://www.openphacts.org/units/Nanomolar,1322111,=,1,1,=,,IC50,nM,,62300.0,CHEMBL351,Salmonella enterica subsp. enterica serovar Typhimurium,Salmonella typhimurium,90371,,,IC50,uM,UO_0000065,,62.3,62300.0,4.205511953340831
3333,,,18552666,[],CHEMBL4199792,Inhibition of biofilm formation in methicillin-resistant Staphylococcus aureus ATCC 43300 after 24 hrs by crystal violet staining based method,F,,,BAO_0000190,BAO_0000218,organism-based format,CCCn1cc(-c2ccnc(N)n2)c2ccc(Br)cc21.Cl,,,CHEMBL4196121,ACS Med Chem Lett,2018,,CHEMBL4213398,,CHEMBL4301228,4.46,0,http://www.openphacts.org/units/Nanomolar,3080278,=,1,1,=,,IC50,nM,,34300.0,CHEMBL352,Staphylococcus aureus,Staphylococcus aureus,1280,,,IC50,uM,UO_0000065,,34.3,34300.0,4.464705879957229
2460,,,16531902,[],CHEMBL3791791,Antibiofilm activity against Staphylococcus aureus MLS16 MTCC 2940 after 24 hrs by crystal violet staining based assay,F,,,BAO_0000190,BAO_0000218,organism-based format,CCCCCCCCCCCC[N+](C)(C)CCCCCCCCCCC(=O)OC.[Cl-],,,CHEMBL3784971,Bioorg Med Chem Lett,2016,,CHEMBL3785885,,CHEMBL3787737,,0,http://www.openphacts.org/units/MicrogramPerMilliliter,2768103,=,1,1,=,,IC50,ug.mL-1,,22.2,CHEMBL352,Staphylococcus aureus,Staphylococcus aureus,1280,,,IC50,ug ml-1,UO_0000274,,22.2,49534.11159901464,4.3050956217318035
2776,,,16819056,[],CHEMBL3872386,Antibiofilm activity against Staphylococcus aureus ATCC 25923 after 24 hrs by crystal-violet stain based assay,F,,,BAO_0000190,BAO_0000019,assay format,CCOC(=O)c1cnn(C)c1N,Outside typical range,"Values for this activity type are unusually large/small, so may not be accurate",CHEMBL3872202,Eur J Med Chem,2016,,CHEMBL448017,,CHEMBL448017,,0,http://www.openphacts.org/units/Nanomolar,2812680,=,1,1,=,,IC50,nM,,159000.0,CHEMBL352,Staphylococcus aureus,Staphylococcus aureus,1280,,,IC50,uM,UO_0000065,,159.0,159000.0,3.7986028756795482
6090,,,22446320,[],CHEMBL4679608,Antibiofilm activity against Streptococcus mutans UA159 assessed as inhibition of biofilm formation by serial dilution method,F,,,BAO_0000190,BAO_0000218,organism-based format,CC(C)(C)OC(=O)NCc1ccccc1NC(=O)c1cc2cc([N+](=O)[O-])ccc2o1,,,CHEMBL4673385,ACS Med Chem Lett,2021,,CHEMBL4780386,,CHEMBL4780386,4.57,0,http://www.openphacts.org/units/Nanomolar,3517903,=,1,1,=,,IC50,nM,,26800.0,CHEMBL612426,Streptococcus mutans,Streptococcus mutans,1309,,,IC50,uM,UO_0000065,,26.8,26800.0,4.5718652059712115
4983,,,19107466,[],CHEMBL4369768,Antibiofilm activity against Mycobacterium smegmatis str. MC2 155 ATCC 700084 assessed as inhibition of biofilm formation incubated for 48 hrs by crystal violet reporter assay,F,,,BAO_0000190,BAO_0000218,organism-based format,Nc1nc2cc(NC(=O)c3cc(Cl)cc(Cl)c3)ccc2n1CCCc1ccccc1,,,CHEMBL4368897,Medchemcomm,2019,,CHEMBL4301662,,CHEMBL4301662,5.03,0,http://www.openphacts.org/units/Nanomolar,3188144,=,1,1,=,,IC50,nM,,9400.0,CHEMBL613088,Mycolicibacterium smegmatis,Mycolicibacterium smegmatis,1772,,,IC50,uM,UO_0000065,,9.4,9400.0,5.026872146400301
3479,,,18570273,[],CHEMBL4220814,Antibiofilm activity against Escherichia coli TG1 after 24 hrs by crystal violet staining based assay,F,,,BAO_0000190,BAO_0000218,organism-based format,Nc1ncc(-c2ccc(F)cc2)n1CCCn1c(-c2ccc(F)cc2)cnc1N,,,CHEMBL4219072,Bioorg Med Chem,2018,,CHEMBL4227991,,CHEMBL4227991,5.12,0,http://www.openphacts.org/units/Nanomolar,3083422,=,1,1,=,,IC50,nM,,7500.0,CHEMBL354,Escherichia coli,Escherichia coli,562,,,IC50,uM,UO_0000065,,7.5,7500.0,5.1249387366083
6219,,,22750707,"[{'comments': None, 'relation': '=', 'result_flag': 0, 'standard_relation': '=', 'standard_text_value': None, 'standard_type': 'TIME', 'standard_units': 'hr', 'standard_value': '24.0', 'text_value': None, 'type': 'Time', 'units': 'hrs', 'value': '24.0'}]",CHEMBL4699742,Antibiofilm activity against Mycobacterium smegmatis mc2 155 ATCC 700084 assessed as inhibition of biofilm formation measured after 24 hrs by crystal violet reporter assay,F,,,BAO_0000190,BAO_0000218,organism-based format,Cn1cc(-c2ccnc(N)n2)c2cc(Br)ccc21,,,CHEMBL4699393,RSC Med Chem,2020,,CHEMBL4300808,,CHEMBL4300808,4.56,0,http://www.openphacts.org/units/Nanomolar,3530913,=,1,1,=,,IC50,nM,,27800.0,CHEMBL613088,Mycolicibacterium smegmatis,Mycolicibacterium smegmatis,1772,,,IC50,uM,UO_0000065,,27.8,27800.0,4.555955204081924
3549,,,18570343,[],CHEMBL4220815,Antibiofilm activity against Staphylococcus aureus SH1000 after 48 hrs by crystal violet staining based assay,F,,,BAO_0000190,BAO_0000218,organism-based format,c1ccc(-c2cnc(NCCCCCNc3ncc(-c4ccccc4)[nH]3)[nH]2)cc1,Outside typical range,"Values for this activity type are unusually large/small, so may not be accurate",CHEMBL4219072,Bioorg Med Chem,2018,,CHEMBL4227008,,CHEMBL4227008,,0,http://www.openphacts.org/units/Nanomolar,3083440,=,1,1,=,,IC50,nM,,179900.0,CHEMBL352,Staphylococcus aureus,Staphylococcus aureus,1280,,,IC50,uM,UO_0000065,,179.9,179900.0,3.744968836654449
2707,,,16638896,[],CHEMBL3826208,Inhibition of biofilm formation of Streptococcus mutans UA159 after 16 hrs by crystal violet staining based serial dilution method,F,,,BAO_0000190,BAO_0000218,organism-based format,O=C(/C=C/c1cc(O)c(O)cc1O)c1ccccc1O,Outside typical range,"Values for this activity type are unusually large/small, so may not be accurate",CHEMBL3822431,Bioorg Med Chem Lett,2016,,CHEMBL3824127,,CHEMBL3824127,,0,http://www.openphacts.org/units/Nanomolar,2785937,=,1,1,=,,IC50,nM,,224000.0,CHEMBL612426,Streptococcus mutans,Streptococcus mutans,1309,,,IC50,uM,UO_0000065,,224.0,224000.0,3.649751981665837
6115,,,22446345,[],CHEMBL4679608,Antibiofilm activity against Streptococcus mutans UA159 assessed as inhibition of biofilm formation by serial dilution method,F,,,BAO_0000190,BAO_0000218,organism-based format,NC(=O)c1ccccc1NC(=O)c1cc2cc([N+](=O)[O-])ccc2s1,,,CHEMBL4673385,ACS Med Chem Lett,2021,,CHEMBL4467914,,CHEMBL4467914,4.78,0,http://www.openphacts.org/units/Nanomolar,3517878,=,1,1,=,,IC50,nM,,16700.0,CHEMBL612426,Streptococcus mutans,Streptococcus mutans,1309,,,IC50,uM,UO_0000065,,16.7,16700.0,4.777283528852417
4970,,,19107453,[],CHEMBL4369768,Antibiofilm activity against Mycobacterium smegmatis str. MC2 155 ATCC 700084 assessed as inhibition of biofilm formation incubated for 48 hrs by crystal violet reporter assay,F,,,BAO_0000190,BAO_0000218,organism-based format,CCCCCc1ccc(C(=O)Nc2ccc3c(c2)nc(N)n3CCc2ccccc2)cc1,,,CHEMBL4368897,Medchemcomm,2019,,CHEMBL3301796,,CHEMBL3301796,5.27,0,http://www.openphacts.org/units/Nanomolar,3188125,=,1,1,=,,IC50,nM,,5400.0,CHEMBL613088,Mycolicibacterium smegmatis,Mycolicibacterium smegmatis,1772,,,IC50,uM,UO_0000065,,5.4,5400.0,5.267606240177031
6081,,,22446311,[],CHEMBL4679608,Antibiofilm activity against Streptococcus mutans UA159 assessed as inhibition of biofilm formation by serial dilution method,F,,,BAO_0000190,BAO_0000218,organism-based format,CC(C)(C)OC(=O)NCc1ccccc1NC(=O)c1cc2ccccc2s1,,,CHEMBL4673385,ACS Med Chem Lett,2021,,CHEMBL4749046,,CHEMBL4749046,4.36,0,http://www.openphacts.org/units/Nanomolar,3517912,=,1,1,=,,IC50,nM,,43400.0,CHEMBL612426,Streptococcus mutans,Streptococcus mutans,1309,,,IC50,uM,UO_0000065,,43.4,43400.0,4.36251027048749
1711,,,14541477,[],CHEMBL3227447,Antimicrobial activity against methicillin-resistant Staphylococcus aureus ATCC BAA-44 assessed as inhibition of biofilm formation after 24 hrs by crystal violet staining-based microscopy,F,,,BAO_0000190,BAO_0000218,organism-based format,CCCCCc1ccc(C(=O)Nc2ccc3c(c2)nc(N)n3CCc2ccccc2OC)cc1.Cl,,,CHEMBL3217587,Medchemcomm,2012,,CHEMBL3218061,,CHEMBL3304433,5.14,0,http://www.openphacts.org/units/Nanomolar,2072405,=,1,1,=,,IC50,nM,,7300.0,CHEMBL352,Staphylococcus aureus,Staphylococcus aureus,1280,,,IC50,uM,UO_0000065,,7.3,7300.0,5.136677139879544
1141,,,13840650,[],CHEMBL3095561,Antibiofilm activity against Staphylococcus aureus MLS-16 MTCC 2940 after 24 hrs by crystal violet assay,F,,,BAO_0000190,BAO_0000218,organism-based format,O=C(NCc1cn(Cc2ccc(C(F)(F)F)cc2)nn1)c1ccc([N+](=O)[O-])o1,,,CHEMBL3091424,Bioorg Med Chem Lett,2013,,CHEMBL3093119,,CHEMBL3093119,,0,http://www.openphacts.org/units/MicrogramPerMilliliter,1953079,=,1,1,=,,IC50,ug.mL-1,,8.4,CHEMBL352,Staphylococcus aureus,Staphylococcus aureus,1280,,,IC50,ug ml-1,UO_0000274,,8.4,21249.845053213143,4.672644232332722
3515,,,18570309,[],CHEMBL4220814,Antibiofilm activity against Escherichia coli TG1 after 24 hrs by crystal violet staining based assay,F,,,BAO_0000190,BAO_0000218,organism-based format,Brc1ccc(-c2cnc(NCCCCCNc3ncc(-c4ccc(Br)cc4)[nH]3)[nH]2)cc1,,,CHEMBL4219072,Bioorg Med Chem,2018,,CHEMBL4226038,,CHEMBL4226038,4.98,0,http://www.openphacts.org/units/Nanomolar,3083458,=,1,1,=,,IC50,nM,,10500.0,CHEMBL354,Escherichia coli,Escherichia coli,562,,,IC50,uM,UO_0000065,,10.5,10500.0,4.978810700930062
283,,,5190375,[],CHEMBL1663615,Antibiofilm activity in Salmonella Typhimurium ATCC 14028 assessed as inhibition of biofilm formation at 25 degC after 24 hrs,F,,,BAO_0000190,BAO_0000218,organism-based format,CCCCCCCCCn1c(-c2ccc(-c3ccccc3)cc2)cnc1N,,,CHEMBL1649413,J Med Chem,2011,,CHEMBL1649819,,CHEMBL1649819,4.79,0,http://www.openphacts.org/units/Nanomolar,1322097,=,1,1,=,,IC50,nM,,16400.0,CHEMBL351,Salmonella enterica subsp. enterica serovar Typhimurium,Salmonella typhimurium,90371,,,IC50,uM,UO_0000065,,16.4,16400.0,4.785156151952302
4818,,,19051500,[],CHEMBL4354899,Antibiofilm activity against Streptococcus mutans assessed as inhibition of biofilm formation,F,,,BAO_0000179,BAO_0000218,organism-based format,C[C@H]1/C=C/[C@H]2OC(C)(C)O[C@H]2C(=O)O[C@H](c2cccc(CCCCC(=O)O)c2)[C@@H](C)CCC1,,,CHEMBL4354780,Medchemcomm,2019,,CHEMBL4554120,,CHEMBL4554120,,0,http://www.openphacts.org/units/Micromolar,3178385,=,1,0,=,,MBIC50,uM,,63.0,CHEMBL612426,Streptococcus mutans,Streptococcus mutans,1309,,,MBIC50,uM,UO_0000064,,63.0,63000.0,4.200659450546418
5013,,,19127360,[],CHEMBL4374185,Antibiofilm activity against Mycobacterium smegmatis str. MC2 155 ATCC 700084 after 48 hrs by crystal violet staining based reporter assay,F,,,BAO_0000190,BAO_0000218,organism-based format,Cl.Nc1ncc2cc(NC(=O)c3cc(F)cc(F)c3)ccc2n1,,,CHEMBL4373648,Medchemcomm,2019,,CHEMBL4518871,,CHEMBL4596122,4.34,0,http://www.openphacts.org/units/Nanomolar,3192253,=,1,1,=,,IC50,nM,,46000.0,CHEMBL613088,Mycolicibacterium smegmatis,Mycolicibacterium smegmatis,1772,,,IC50,uM,UO_0000065,,46.0,46000.0,4.337242168318426
281,,,5190373,[],CHEMBL1663615,Antibiofilm activity in Salmonella Typhimurium ATCC 14028 assessed as inhibition of biofilm formation at 25 degC after 24 hrs,F,,,BAO_0000190,BAO_0000218,organism-based format,CCCCCCCn1c(-c2ccc(-c3ccccc3)cc2)cnc1N,,,CHEMBL1649413,J Med Chem,2011,,CHEMBL1649817,,CHEMBL1649817,5.03,0,http://www.openphacts.org/units/Nanomolar,1322095,=,1,1,=,,IC50,nM,,9300.0,CHEMBL351,Salmonella enterica subsp. enterica serovar Typhimurium,Salmonella typhimurium,90371,,,IC50,uM,UO_0000065,,9.3,9300.0,5.031517051446064
1703,,,14541469,[],CHEMBL3227447,Antimicrobial activity against methicillin-resistant Staphylococcus aureus ATCC BAA-44 assessed as inhibition of biofilm formation after 24 hrs by crystal violet staining-based microscopy,F,,,BAO_0000190,BAO_0000218,organism-based format,CCCCCCn1c(N)nc2cc(NC(=O)c3ccc(CCCCC)cc3)ccc21.Cl,,,CHEMBL3217587,Medchemcomm,2012,,CHEMBL3218053,,CHEMBL3301789,5.14,0,http://www.openphacts.org/units/Nanomolar,2072397,=,1,1,=,,IC50,nM,,7300.0,CHEMBL352,Staphylococcus aureus,Staphylococcus aureus,1280,,,IC50,uM,UO_0000065,,7.3,7300.0,5.136677139879544
8820,,,25575439,"[{'comments': None, 'relation': '=', 'result_flag': 0, 'standard_relation': '=', 'standard_text_value': None, 'standard_type': 'TIME', 'standard_units': 'hr', 'standard_value': '24.0', 'text_value': None, 'type': 'TIME', 'units': 'hrs', 'value': '24.0'}]",CHEMBL5352620,Antibiofilm activity against Staphylococcus aureus ATCC 25923 after 24 hrs by crystal violet staining based assay,F,,,BAO_0000190,BAO_0000218,organism-based format,Cn1cc(-c2csc(-c3cn(CCN)c4ccc(F)cc34)n2)c2cccnc21,,,CHEMBL5352385,Eur J Med Chem,2022,,CHEMBL5403755,,CHEMBL5403755,5.9,0,http://www.openphacts.org/units/Nanomolar,3981687,=,1,1,=,,IC50,nM,,1270.0,CHEMBL352,Staphylococcus aureus,Staphylococcus aureus,1280,,,IC50,uM,UO_0000065,,1.27,1270.0,5.896196279044043
3606,,,18584026,[],CHEMBL4223116,Antibiofilm activity against Staphylococcus aureus MTCC 96 after 24 hrs by crystal violet staining-based assay,F,,,BAO_0000190,BAO_0000218,organism-based format,COc1ccc(-c2nc(C(=O)N3CCN(C)CC3)nc3nc(-c4ccccc4)cc(C(F)(F)F)c23)cc1,,,CHEMBL4219190,Bioorg Med Chem Lett,2018,,CHEMBL4227854,,CHEMBL4227854,,0,http://www.openphacts.org/units/MicrogramPerMilliliter,3086037,=,1,1,=,,IC50,ug.mL-1,,5.4,CHEMBL352,Staphylococcus aureus,Staphylococcus aureus,1280,,,IC50,ug ml-1,UO_0000274,,5.4,10640.058638545384,4.9730559785892305
3219,,,18511381,[],CHEMBL4191872,Antibiofilm activity against Salmonella typhimurium ATCC 14028 after 24 hrs by crystal violet staining based method,F,,,BAO_0000179,BAO_0000218,organism-based format,CCCCCCc1nc(N)n(CC(=O)Nc2ccc(C)cc2)c1-c1ccccc1Br,,,CHEMBL4190235,Eur J Med Chem,2017,,CHEMBL4207374,,CHEMBL4207374,,0,http://www.openphacts.org/units/Micromolar,3073310,=,1,0,=,,MBIC50,uM,,21.8,CHEMBL351,Salmonella enterica subsp. enterica serovar Typhimurium,Salmonella typhimurium,90371,,,MBIC50,uM,UO_0000064,,21.8,21800.0,4.661543506395395
2837,,,17987943,[],CHEMBL3999629,Antibiofilm activity against Staphylococcus aureus MTCC 96 after 24 hrs by crystal violet staining based assay,F,,,BAO_0000190,BAO_0000019,assay format,Cc1ccc(-c2nn(-c3ccccc3)cc2C2c3c(n(C)c(=O)n(C)c3=O)N=CN2c2ccc(Cl)cc2)cc1,,,CHEMBL3997821,Bioorg Med Chem Lett,2017,,CHEMBL4090856,,CHEMBL4090856,,0,http://www.openphacts.org/units/MicrogramPerMilliliter,2979981,=,1,1,=,,IC50,ug.mL-1,,3.9,CHEMBL352,Staphylococcus aureus,Staphylococcus aureus,1280,,,IC50,ug ml-1,UO_0000274,,3.9,7262.258785936539,5.138928279341917
4346,,,18982200,[],CHEMBL4339390,Antibiofilm activity against Staphylococcus aureus ATCC 6538 incubated for 24 hrs by crystal violet-staining based assay,F,,,BAO_0000179,BAO_0000218,organism-based format,O=[N+]([O-])c1ccc(-c2cn3nc(-c4c[nH]c5ccccc45)sc3n2)cc1,,,CHEMBL4339190,Eur J Med Chem,2019,,CHEMBL4457835,,CHEMBL4457835,,0,http://www.openphacts.org/units/Micromolar,3166598,=,1,0,=,,MBIC50,uM,,20.2,CHEMBL352,Staphylococcus aureus,Staphylococcus aureus,1280,,,MBIC50,uM,UO_0000064,,20.2,20200.0,4.694648630553377
801,,,6306963,[],CHEMBL1815005,Antimicrobial activity against Salmonella Typhimurium ATCC 14028 assessed as inhibition of biofilm formation after 24 hrs by spectrophotometry,F,,,BAO_0000190,BAO_0000218,organism-based format,CCCCCCCCCN1c2nccc[n+]2C[C@@]1(O)c1ccc(Cl)cc1.[Br-],,,CHEMBL1811868,Bioorg Med Chem,2011,,CHEMBL1814021,,CHEMBL1851952,4.74,0,http://www.openphacts.org/units/Nanomolar,1448527,=,1,1,=,,IC50,nM,,18300.0,CHEMBL351,Salmonella enterica subsp. enterica serovar Typhimurium,Salmonella typhimurium,90371,,,IC50,uM,UO_0000065,,18.3,18300.0,4.73754891026957
3564,,,18570358,[],CHEMBL4220815,Antibiofilm activity against Staphylococcus aureus SH1000 after 48 hrs by crystal violet staining based assay,F,,,BAO_0000190,BAO_0000218,organism-based format,Brc1ccc(-c2cnc(NCCCCCCCCNc3ncc(-c4ccc(Br)cc4)[nH]3)[nH]2)cc1,,,CHEMBL4219072,Bioorg Med Chem,2018,,CHEMBL4225767,,CHEMBL4225767,4.17,0,http://www.openphacts.org/units/Nanomolar,3083455,=,1,1,=,,IC50,nM,,68100.0,CHEMBL352,Staphylococcus aureus,Staphylococcus aureus,1280,,,IC50,uM,UO_0000065,,68.1,68100.0,4.166852888087215
1938,,,15087793,[],CHEMBL3388394,Inhibition of biofilm formation in methicillin-resistant Staphylococcus aureus MTCC 96 after 36 hr incubation by tissue culture plate method,F,,,BAO_0000190,BAO_0000218,organism-based format,O=C(O)CSCC(=O)Nc1ccc(-c2nc3cccnc3[nH]2)cc1,,,CHEMBL3352166,Bioorg Med Chem,2014,,CHEMBL3344044,,CHEMBL3344044,4.95,0,http://www.openphacts.org/units/Nanomolar,2266658,=,1,1,=,,IC50,nM,,11310.0,CHEMBL352,Staphylococcus aureus,Staphylococcus aureus,1280,,,IC50,uM,UO_0000065,,11.31,11310.0,4.946537395074545
5645,,,20704027,[],CHEMBL4627903,Antibiofilm activity against Escherichia coli UTI89 incubated for 2 days at 23 degC followed by 1 day incubation at RT,F,,,BAO_0000179,BAO_0000218,organism-based format,CCN(C[C@@H]1C[C@]2(C)[C@H]3CC=C4[C@@H]5CC(C)(C)CC[C@]5(C(=O)O)CC[C@@]4(C)[C@]3(C)CC[C@H]2C(C)(C)[C@H]1O)C(C)=O,,,CHEMBL4627274,Bioorg Med Chem,2020,,CHEMBL4637589,,CHEMBL4637589,,0,http://www.openphacts.org/units/MicrogramPerMilliliter,3486852,=,1,0,=,,MBIC50,ug ml-1,,4.0,CHEMBL354,Escherichia coli,Escherichia coli,562,,,MBIC50,ug ml-1,UO_0000274,,4.0,7196.263699887014,5.142892930747903
8324,,,25035884,"[{'comments': None, 'relation': '=', 'result_flag': 0, 'standard_relation': '=', 'standard_text_value': None, 'standard_type': 'TIME', 'standard_units': 'hr', 'standard_value': '24.0', 'text_value': None, 'type': 'TIME', 'units': 'hrs', 'value': '24.0'}]",CHEMBL5243246,Antibiofilm activity against Staphylococcus aureus MTCC 96 assessed as inhibition of biofilm incubated for 24 hrs by crystal violet staining based spectrophotometry,F,,,BAO_0000190,BAO_0000218,organism-based format,COc1ccc(Nc2ncnc3c2C(c2ccc(OC)cc2)c2c(cc(C)oc2=O)O3)cc1,,,CHEMBL5241112,RSC Med Chem,2022,,CHEMBL5272623,,CHEMBL5272623,5.6,0,http://www.openphacts.org/units/Nanomolar,3920867,=,1,1,=,,IC50,nM,,2500.0,CHEMBL352,Staphylococcus aureus,Staphylococcus aureus,1280,,,IC50,uM,UO_0000065,,2.5,2500.0,5.6020599913279625
4988,,,19127335,[],CHEMBL4374185,Antibiofilm activity against Mycobacterium smegmatis str. MC2 155 ATCC 700084 after 48 hrs by crystal violet staining based reporter assay,F,,,BAO_0000190,BAO_0000218,organism-based format,CCCC(=O)Nc1ccc2nc(N)ncc2c1.Cl,,,CHEMBL4373648,Medchemcomm,2019,,CHEMBL4579824,,CHEMBL4597981,4.43,0,http://www.openphacts.org/units/Nanomolar,3192228,=,1,1,=,,IC50,nM,,37000.0,CHEMBL613088,Mycolicibacterium smegmatis,Mycolicibacterium smegmatis,1772,,,IC50,uM,UO_0000065,,37.0,37000.0,4.431798275933005
6231,,,22750719,"[{'comments': None, 'relation': '=', 'result_flag': 0, 'standard_relation': '=', 'standard_text_value': None, 'standard_type': 'TIME', 'standard_units': 'hr', 'standard_value': '24.0', 'text_value': None, 'type': 'Time', 'units': 'hrs', 'value': '24.0'}]",CHEMBL4699742,Antibiofilm activity against Mycobacterium smegmatis mc2 155 ATCC 700084 assessed as inhibition of biofilm formation measured after 24 hrs by crystal violet reporter assay,F,,,BAO_0000190,BAO_0000218,organism-based format,Brc1ccc2[nH]cc(-c3ccnc(NCc4ccccc4)n3)c2c1,,,CHEMBL4699393,RSC Med Chem,2020,,CHEMBL4302454,,CHEMBL4302454,5.16,0,http://www.openphacts.org/units/Nanomolar,3530925,=,1,1,=,,IC50,nM,,6900.0,CHEMBL613088,Mycolicibacterium smegmatis,Mycolicibacterium smegmatis,1772,,,IC50,uM,UO_0000065,,6.9,6900.0,5.161150909262744
8127,,,24898361,"[{'comments': None, 'relation': '=', 'result_flag': 0, 'standard_relation': '=', 'standard_text_value': None, 'standard_type': 'TIME', 'standard_units': 'hr', 'standard_value': '24.0', 'text_value': None, 'type': 'Time', 'units': 'hrs', 'value': '24.0'}]",CHEMBL5159907,Antibiofilm activity against Salmonella typhimurium ATCC 14028 assessed as inhibition of biofilm formation incubated for 24 hrs by crystal violet staining based spectrophotometry,F,,,BAO_0000190,BAO_0000218,organism-based format,CN(Cc1ccsc1)CC1CCN(Cc2cc(F)cc(F)c2)CC1,,,CHEMBL5154764,Eur J Med Chem,2022,,CHEMBL5188759,,CHEMBL5188759,4.85,0,http://www.openphacts.org/units/Nanomolar,3891423,=,1,1,=,,IC50,nM,,14200.0,CHEMBL351,Salmonella enterica subsp. enterica serovar Typhimurium,Salmonella typhimurium,90371,,,IC50,uM,UO_0000065,,14.2,14200.0,4.847711655616943
5966,,,22444685,"[{'comments': None, 'relation': '=', 'result_flag': 0, 'standard_relation': '=', 'standard_text_value': None, 'standard_type': 'TIME', 'standard_units': 'hr', 'standard_value': '24.0', 'text_value': None, 'type': 'Time', 'units': 'hrs', 'value': '24.0'}]",CHEMBL4679315,Inhibition of biofilm formation in Klebsiella planticola MTCC 530 incubated for 24 hrs by crystal violet staining based microtiter plate method,F,,,BAO_0000190,BAO_0000218,organism-based format,COc1ccc(-n2cc(COc3ccc(/C=N/Nc4nc(-c5cc6cc(Br)cc(OC)c6oc5=O)cs4)cc3)nn2)cc1,,,CHEMBL4673372,Bioorg Med Chem Lett,2021,,CHEMBL4741186,,CHEMBL4741186,4.65,0,http://www.openphacts.org/units/Nanomolar,3517644,=,1,1,=,,IC50,nM,,22200.0,CHEMBL613271,Raoultella planticola,Raoultella planticola,575,,,IC50,uM,UO_0000065,,22.2,22200.0,4.653647025549361
5050,,,19147130,[],CHEMBL4379054,Antibiofilm activity against methicillin-resistant Staphylococcus aureus assessed as inhibition of biofilm formation incubated for overnight by crystal violet staining based microtiter plate assay,F,,,BAO_0000190,BAO_0000218,organism-based format,CC[C@H](C)[C@H](NC(=O)[C@H](CCCCN)NC(=O)[C@@H](NC(=O)[C@H](C)NC(=O)[C@@H](NC(=O)[C@@H](NC(=O)[C@H](CC(C)C)NC(=O)[C@H](CCCCN)NC(=O)[C@@H](N)C(C)C)[C@@H](C)CC)C(C)C)C(C)C)C(=O)N[C@@H](Cc1c[nH]c2ccccc12)C(=O)N[C@@H](CCCCN)C(=O)N[C@@H](CCCCN)C(N)=O,,,CHEMBL4376833,J Med Chem,2019,,CHEMBL4461909,,CHEMBL4461909,4.9,0,http://www.openphacts.org/units/Nanomolar,3195603,=,1,1,=,,IC50,nM,,12700.0,CHEMBL352,Staphylococcus aureus,Staphylococcus aureus,1280,,,IC50,uM,UO_0000065,,12.7,12700.0,4.896196279044043
7505,,,24723806,"[{'comments': None, 'relation': '=', 'result_flag': 0, 'standard_relation': '=', 'standard_text_value': None, 'standard_type': 'TIME', 'standard_units': 'hr', 'standard_value': '24.0', 'text_value': None, 'type': 'Time', 'units': 'hrs', 'value': '24.0'}]",CHEMBL5113766,Antibiofilm activity against Staphylococcus aureus ATCC 6538 assessed as inhibition of biofilm formation incubated for 24 hrs by crystal violet method,F,,,BAO_0000190,BAO_0000218,organism-based format,COCCn1cc(-c2nc(-c3c[nH]c4ccccc34)cs2)c2cc(F)ccc21,,,CHEMBL5113373,Eur J Med Chem,2021,,CHEMBL5186015,,CHEMBL5186015,6.16,0,http://www.openphacts.org/units/Nanomolar,3856223,=,1,1,=,,IC50,nM,,700.0,CHEMBL352,Staphylococcus aureus,Staphylococcus aureus,1280,,,IC50,uM,UO_0000065,,0.7,700.0,6.154901959985743
3487,,,18570281,[],CHEMBL4220814,Antibiofilm activity against Escherichia coli TG1 after 24 hrs by crystal violet staining based assay,F,,,BAO_0000190,BAO_0000218,organism-based format,Nc1ncc(-c2ccc(Br)cc2)[nH]1,,,CHEMBL4219072,Bioorg Med Chem,2018,,CHEMBL1649773,,CHEMBL1649773,5.06,0,http://www.openphacts.org/units/Nanomolar,3083430,=,1,1,=,,IC50,nM,,8800.0,CHEMBL354,Escherichia coli,Escherichia coli,562,,,IC50,uM,UO_0000065,,8.8,8800.0,5.055517327849833
3261,,,18511450,[],CHEMBL4191874,Antibiofilm activity against Staphylococcus aureus SH1000 after 48 hrs by crystal violet staining based method,F,,,BAO_0000179,BAO_0000218,organism-based format,O=C(OC[C@H]1O[C@@H](OC(=O)c2cc(O)c(O)c(OC(=O)c3cc(O)c(O)c(O)c3)c2)[C@H](OC(=O)c2cc(O)c(O)c(OC(=O)c3cc(O)c(O)c(O)c3)c2)[C@@H](OC(=O)c2cc(O)c(O)c(OC(=O)c3cc(O)c(O)c(O)c3)c2)[C@@H]1OC(=O)c1cc(O)c(O)c(OC(=O)c2cc(O)c(O)c(O)c2)c1)c1cc(O)c(O)c(OC(=O)c2cc(O)c(O)c(O)c2)c1,,,CHEMBL4190235,Eur J Med Chem,2017,,CHEMBL506247,TANNIC ACID,CHEMBL506247,,0,http://www.openphacts.org/units/Micromolar,3073325,=,1,0,=,,MBIC50,uM,,115.3,CHEMBL352,Staphylococcus aureus,Staphylococcus aureus,1280,,,MBIC50,uM,UO_0000064,,115.3,115300.0,3.9381706927053006
3544,,,18570338,[],CHEMBL4220815,Antibiofilm activity against Staphylococcus aureus SH1000 after 48 hrs by crystal violet staining based assay,F,,,BAO_0000190,BAO_0000218,organism-based format,Nc1ncc(-c2ccc(Br)cc2)n1CCCCn1c(-c2ccc(Br)cc2)cnc1N,,,CHEMBL4219072,Bioorg Med Chem,2018,,CHEMBL4226689,,CHEMBL4226689,5.14,0,http://www.openphacts.org/units/Nanomolar,3083435,=,1,1,=,,IC50,nM,,7200.0,CHEMBL352,Staphylococcus aureus,Staphylococcus aureus,1280,,,IC50,uM,UO_0000065,,7.2,7200.0,5.142667503568731
715,,,6305763,[],CHEMBL1815005,Antimicrobial activity against Salmonella Typhimurium ATCC 14028 assessed as inhibition of biofilm formation after 24 hrs by spectrophotometry,F,,,BAO_0000190,BAO_0000218,organism-based format,O[C@@]1(c2ccccc2)C[n+]2cccnc2N1C1CCCCC1.[Br-],Outside typical range,"Values for this activity type are unusually large/small, so may not be accurate",CHEMBL1811868,Bioorg Med Chem,2011,,CHEMBL1814215,,CHEMBL1851747,,0,http://www.openphacts.org/units/Nanomolar,1448754,=,1,1,=,,IC50,nM,,139000.0,CHEMBL351,Salmonella enterica subsp. enterica serovar Typhimurium,Salmonella typhimurium,90371,,,IC50,uM,UO_0000065,,139.0,139000.0,3.856985199745905
295,,,5190387,[],CHEMBL1663615,Antibiofilm activity in Salmonella Typhimurium ATCC 14028 assessed as inhibition of biofilm formation at 25 degC after 24 hrs,F,,,BAO_0000190,BAO_0000218,organism-based format,CC(C)n1c(-c2ccc([N+](=O)[O-])cc2)cnc1N,Outside typical range,"Values for this activity type are unusually large/small, so may not be accurate",CHEMBL1649413,J Med Chem,2011,,CHEMBL1649831,,CHEMBL1649831,,0,http://www.openphacts.org/units/Nanomolar,1322109,=,1,1,=,,IC50,nM,,359700.0,CHEMBL351,Salmonella enterica subsp. enterica serovar Typhimurium,Salmonella typhimurium,90371,,,IC50,uM,UO_0000065,,359.7,359700.0,3.444059562181489
9414,,,25722633,"[{'comments': None, 'relation': '=', 'result_flag': 0, 'standard_relation': '=', 'standard_text_value': None, 'standard_type': 'DOSE_Lower', 'standard_units': 'microg/ml', 'standard_value': '1.56', 'text_value': None, 'type': 'DOSE_Lower', 'units': 'microg/ml', 'value': '1.56'}, {'comments': None, 'relation': '=', 'result_flag': 0, 'standard_relation': '=', 'standard_text_value': None, 'standard_type': 'DOSE_Upper', 'standard_units': 'microg/ml', 'standard_value': '100.0', 'text_value': None, 'type': 'DOSE_Upper', 'units': 'microg/ml', 'value': '100.0'}, {'comments': None, 'relation': '=', 'result_flag': 0, 'standard_relation': '=', 'standard_text_value': None, 'standard_type': 'TIME', 'standard_units': 'hr', 'standard_value': '24.0', 'text_value': None, 'type': 'TIME', 'units': 'hrs', 'value': '24.0'}]",CHEMBL5391157,Antibiofilm activity against methicillin-resistant Staphylococcus aureus ATCC 33591 assessed as inhibition of biofilm formation incubated for 24 hrs by crystal violet staining based analysis,F,,,BAO_0000179,BAO_0000218,organism-based format,COc1ccc2c(c1)C(C)(C)C(c1cnc3c4c(OC)cccc4nn3c1)=N2,,,CHEMBL5390226,Bioorg Med Chem,2023,,CHEMBL5438857,,CHEMBL5438857,,0,http://www.openphacts.org/units/MicrogramPerMilliliter,4010193,=,1,0,=,,MBIC50,ug ml-1,,25.0,CHEMBL352,Staphylococcus aureus,Staphylococcus aureus,1280,,,MBIC50,ug ml-1,UO_0000274,,25.0,67127.06885626214,4.17310231613019
3383,,,18570177,[],CHEMBL4220812,Antibiofilm activity against Salmonella typhimurium ATCC 14028 after 24 hrs by crystal violet staining based assay,F,,,BAO_0000190,BAO_0000218,organism-based format,Nc1ncc(-c2ccc(Cl)cc2)n1CCCCCCCn1c(-c2ccc(Cl)cc2)cnc1N,,,CHEMBL4219072,Bioorg Med Chem,2018,,CHEMBL4225564,,CHEMBL4225564,5.48,0,http://www.openphacts.org/units/Nanomolar,3083425,=,1,1,=,,IC50,nM,,3300.0,CHEMBL351,Salmonella enterica subsp. enterica serovar Typhimurium,Salmonella typhimurium,90371,,,IC50,uM,UO_0000065,,3.3,3300.0,5.481486060122112
305,,,5190397,[],CHEMBL1663615,Antibiofilm activity in Salmonella Typhimurium ATCC 14028 assessed as inhibition of biofilm formation at 25 degC after 24 hrs,F,,,BAO_0000190,BAO_0000218,organism-based format,CCCCCCCCn1c(-c2ccc(Cl)c(Cl)c2)cnc1N,,,CHEMBL1649413,J Med Chem,2011,,CHEMBL1649841,,CHEMBL1649841,5.43,0,http://www.openphacts.org/units/Nanomolar,1322119,=,1,1,=,,IC50,nM,,3700.0,CHEMBL351,Salmonella enterica subsp. enterica serovar Typhimurium,Salmonella typhimurium,90371,,,IC50,uM,UO_0000065,,3.7,3700.0,5.431798275933005
4180,,,18955417,[],CHEMBL4332306,Anti-biofilm activity against Pseudoalteromonas ulvae TC14 assessed as inhibition of bacterial adhesion incubated for 15 hrs at 20 degC by Syto 61 dye based fluorescence assay,F,,,BAO_0000188,BAO_0000218,organism-based format,CN(C)CCOc1ccc(CCn2cc(CNCc3cn(CCc4ccc(OCCN(C)C)c(Br)c4)nn3)nn2)cc1Br,Outside typical range,"Values for this activity type are unusually large/small, so may not be accurate",CHEMBL4330109,Bioorg Med Chem Lett,2019,,CHEMBL4442986,,CHEMBL4442986,,0,http://www.openphacts.org/units/Nanomolar,3162287,=,1,1,=,,EC50,nM,,126200.0,CHEMBL4296595,Pseudoalteromonas ulvae,Pseudoalteromonas ulvae,107327,,,EC50,uM,UO_0000065,,126.2,126200.0,3.8989406450918844
3540,,,18570334,[],CHEMBL4220815,Antibiofilm activity against Staphylococcus aureus SH1000 after 48 hrs by crystal violet staining based assay,F,,,BAO_0000190,BAO_0000218,organism-based format,Nc1ncc(-c2ccc(Br)cc2)n1CCCCCCCCn1c(-c2ccc(Br)cc2)cnc1N,,,CHEMBL4219072,Bioorg Med Chem,2018,,CHEMBL4228267,,CHEMBL4228267,5.55,0,http://www.openphacts.org/units/Nanomolar,3083431,=,1,1,=,,IC50,nM,,2800.0,CHEMBL352,Staphylococcus aureus,Staphylococcus aureus,1280,,,IC50,uM,UO_0000065,,2.8,2800.0,5.552841968657781
2234,,,16404113,[],CHEMBL3743206,Antibiofilm activity against Pseudoalteromonas ulvae TC14 assessed as reduction in adhesion after 15 hrs by Syto61 based-fluorescence analysis relative to control,F,,,BAO_0000188,BAO_0000019,assay format,COc1ccc(Cn2cc(C(=O)NCCc3cc(Br)c(O)c(Br)c3)nn2)cc1Br,,,CHEMBL3739258,Bioorg Med Chem Lett,2015,,CHEMBL3741233,,CHEMBL3741233,4.4,0,http://www.openphacts.org/units/Nanomolar,2737263,=,1,1,=,,EC50,nM,,40200.0,CHEMBL4296595,Pseudoalteromonas ulvae,Pseudoalteromonas ulvae,107327,,,EC50,uM,UO_0000065,,40.2,40200.0,4.39577394691553
805,,,6306967,[],CHEMBL1815005,Antimicrobial activity against Salmonella Typhimurium ATCC 14028 assessed as inhibition of biofilm formation after 24 hrs by spectrophotometry,F,,,BAO_0000190,BAO_0000218,organism-based format,CCCCCN1c2nccc[n+]2C[C@@]1(O)c1ccc(Cl)cc1.[Br-],,,CHEMBL1811868,Bioorg Med Chem,2011,,CHEMBL1814017,,CHEMBL1851959,4.49,0,http://www.openphacts.org/units/Nanomolar,1448523,=,1,1,=,,IC50,nM,,32600.0,CHEMBL351,Salmonella enterica subsp. enterica serovar Typhimurium,Salmonella typhimurium,90371,,,IC50,uM,UO_0000065,,32.6,32600.0,4.486782399932061
1697,,,14541463,[],CHEMBL3227446,Antimicrobial activity against methicillin-resistant Staphylococcus aureus ATCC 43300 assessed as inhibition of biofilm formation after 24 hrs by crystal violet staining-based microscopy,F,,,BAO_0000190,BAO_0000218,organism-based format,CCCCCc1ccc(C(=O)Nc2ccc3c(c2)nc(N)n3CCCCc2ccccc2)cc1.Cl,,,CHEMBL3217587,Medchemcomm,2012,,CHEMBL3218070,,CHEMBL3301688,5.16,0,http://www.openphacts.org/units/Nanomolar,2072414,=,1,1,=,,IC50,nM,,6900.0,CHEMBL352,Staphylococcus aureus,Staphylococcus aureus,1280,,,IC50,uM,UO_0000065,,6.9,6900.0,5.161150909262744
1933,,,15087788,[],CHEMBL3388394,Inhibition of biofilm formation in methicillin-resistant Staphylococcus aureus MTCC 96 after 36 hr incubation by tissue culture plate method,F,,,BAO_0000190,BAO_0000218,organism-based format,O=C(O)COCC(=O)Nc1ccc(-c2nc3cc([N+](=O)[O-])ccc3[nH]2)cc1,,,CHEMBL3352166,Bioorg Med Chem,2014,,CHEMBL3344040,,CHEMBL3344040,4.08,0,http://www.openphacts.org/units/Nanomolar,2266653,=,1,1,=,,IC50,nM,,83220.0,CHEMBL352,Staphylococcus aureus,Staphylococcus aureus,1280,,,IC50,uM,UO_0000065,,83.22,83220.0,4.079772288543071
9156,,,25636808,"[{'comments': None, 'relation': '=', 'result_flag': 0, 'standard_relation': '=', 'standard_text_value': None, 'standard_type': 'TIME_Lower', 'standard_units': 'hrs', 'standard_value': '18.0', 'text_value': None, 'type': 'TIME_Lower', 'units': 'hrs', 'value': '18.0'}, {'comments': None, 'relation': '=', 'result_flag': 0, 'standard_relation': '=', 'standard_text_value': None, 'standard_type': 'TIME_Upper', 'standard_units': 'hrs', 'standard_value': '24.0', 'text_value': None, 'type': 'TIME_Upper', 'units': 'hrs', 'value': '24.0'}]",CHEMBL5367243,Antibiofilm activity against Staphylococcus aureus SA1199B incubated for 18 to 24 hrs by broth microdilution method,F,,,BAO_0000179,BAO_0000218,organism-based format,O=C(CCc1ccc(O)cc1)c1c(O)cc(O)cc1O,,,CHEMBL5365456,Bioorg Med Chem,2023,,CHEMBL45068,PHLORETIN,CHEMBL45068,,0,http://www.openphacts.org/units/MicrogramPerMilliliter,3993997,=,1,0,=,,MBIC50,ug ml-1,,256.0,CHEMBL352,Staphylococcus aureus,Staphylococcus aureus,1280,,,MBIC50,ug ml-1,UO_0000274,,256.0,933380.00233345,3.029941508110462
3341,,,18552674,[],CHEMBL4199792,Inhibition of biofilm formation in methicillin-resistant Staphylococcus aureus ATCC 43300 after 24 hrs by crystal violet staining based method,F,,,BAO_0000190,BAO_0000218,organism-based format,Cl.Nc1nccc(-c2c[nH]c3cc(Br)ccc23)n1,,,CHEMBL4196121,ACS Med Chem Lett,2018,,CHEMBL4207912,,CHEMBL46440,4.06,0,http://www.openphacts.org/units/Nanomolar,3080262,=,1,1,=,,IC50,nM,,87400.0,CHEMBL352,Staphylococcus aureus,Staphylococcus aureus,1280,,,IC50,uM,UO_0000065,,87.4,87400.0,4.058488567365597
161,,,3469099,[],CHEMBL1252263,Antimicrobial activity against Salmonella Typhimurium ATCC 14028 assessed as inhibition of biofilm formation after 48 hrs using crystal violet staining by microtiter plate assay,F,,,BAO_0000190,BAO_0000218,organism-based format,CCCCC1=C(Br)/C(=C/Br)OC1=O,,,CHEMBL1250426,Bioorg Med Chem,2010,,CHEMBL448241,,CHEMBL448241,4.64,0,http://www.openphacts.org/units/Nanomolar,955113,=,1,1,=,,IC50,nM,,23120.0,CHEMBL351,Salmonella enterica subsp. enterica serovar Typhimurium,Salmonella typhimurium,90371,,,IC50,uM,UO_0000065,,23.12,23120.0,4.636012170251509
6083,,,22446313,[],CHEMBL4679608,Antibiofilm activity against Streptococcus mutans UA159 assessed as inhibition of biofilm formation by serial dilution method,F,,,BAO_0000190,BAO_0000218,organism-based format,COC(=O)c1ccc(NC(=O)c2cc3ccccc3s2)cc1,,,CHEMBL4673385,ACS Med Chem Lett,2021,,CHEMBL4761234,,CHEMBL4761234,4.38,0,http://www.openphacts.org/units/Nanomolar,3517910,=,1,1,=,,IC50,nM,,41200.0,CHEMBL612426,Streptococcus mutans,Streptococcus mutans,1309,,,IC50,uM,UO_0000065,,41.2,41200.0,4.3851027839668655
2092,,,15668839,[],CHEMBL3603703,Inhibition of biofilm formation in Staphylococcus aureus 8325-4 after 24 hrs by microtiter plate assay,F,,,BAO_0000188,BAO_0000218,organism-based format,COc1cc(C2Oc3c(O)cc(-c4cc(=O)c5c(O)cc(O)cc5o4)cc3C2CO)ccc1O,Outside typical range,"Values for this activity type are unusually large/small, so may not be accurate",CHEMBL3600361,J Nat Prod,2015,,CHEMBL3601939,,CHEMBL3601939,,0,http://www.openphacts.org/units/MicrogramPerMilliliter,2493554,=,1,1,=,,EC50,ug.mL-1,,64.0,CHEMBL352,Staphylococcus aureus,Staphylococcus aureus,1280,,,EC50,ug ml-1,UO_0000274,,64.0,137804.5156817232,3.8607365509079132
6094,,,22446324,[],CHEMBL4679608,Antibiofilm activity against Streptococcus mutans UA159 assessed as inhibition of biofilm formation by serial dilution method,F,,,BAO_0000190,BAO_0000218,organism-based format,COC(=O)c1ccccc1NC(=O)c1cc2cc([N+](=O)[O-])ccc2o1,,,CHEMBL4673385,ACS Med Chem Lett,2021,,CHEMBL4745040,,CHEMBL4745040,4.15,0,http://www.openphacts.org/units/Nanomolar,3517899,=,1,1,=,,IC50,nM,,71400.0,CHEMBL612426,Streptococcus mutans,Streptococcus mutans,1309,,,IC50,uM,UO_0000065,,71.4,71400.0,4.146301788223826
4325,,,18982179,[],CHEMBL4339390,Antibiofilm activity against Staphylococcus aureus ATCC 6538 incubated for 24 hrs by crystal violet-staining based assay,F,,,BAO_0000179,BAO_0000218,organism-based format,Br.c1ccc(-c2cn3nc(-c4c[nH]c5ccccc45)sc3n2)cc1,,,CHEMBL4339190,Eur J Med Chem,2019,,CHEMBL4536444,,CHEMBL4598182,,0,http://www.openphacts.org/units/Micromolar,3166574,=,1,0,=,,MBIC50,uM,,46.5,CHEMBL352,Staphylococcus aureus,Staphylococcus aureus,1280,,,MBIC50,uM,UO_0000064,,46.5,46500.0,4.3325470471100465
658,,,6304696,[],CHEMBL1815005,Antimicrobial activity against Salmonella Typhimurium ATCC 14028 assessed as inhibition of biofilm formation after 24 hrs by spectrophotometry,F,,,BAO_0000190,BAO_0000218,organism-based format,CCCCCCCCNc1ncc(-c2ccc([N+](=O)[O-])cc2)[nH]1,,,CHEMBL1811868,Bioorg Med Chem,2011,,CHEMBL1814248,,CHEMBL1814248,4.96,0,http://www.openphacts.org/units/Nanomolar,1448789,=,1,1,=,,IC50,nM,,10900.0,CHEMBL351,Salmonella enterica subsp. enterica serovar Typhimurium,Salmonella typhimurium,90371,,,IC50,uM,UO_0000065,,10.9,10900.0,4.962573502059376
6221,,,22750709,"[{'comments': None, 'relation': '=', 'result_flag': 0, 'standard_relation': '=', 'standard_text_value': None, 'standard_type': 'TIME', 'standard_units': 'hr', 'standard_value': '24.0', 'text_value': None, 'type': 'Time', 'units': 'hrs', 'value': '24.0'}]",CHEMBL4699742,Antibiofilm activity against Mycobacterium smegmatis mc2 155 ATCC 700084 assessed as inhibition of biofilm formation measured after 24 hrs by crystal violet reporter assay,F,,,BAO_0000190,BAO_0000218,organism-based format,Nc1nccc(-c2c[nH]c3c(Br)cccc23)n1,,,CHEMBL4699393,RSC Med Chem,2020,,CHEMBL1802963,,CHEMBL1802963,4.58,0,http://www.openphacts.org/units/Nanomolar,3530915,=,1,1,=,,IC50,nM,,26000.0,CHEMBL613088,Mycolicibacterium smegmatis,Mycolicibacterium smegmatis,1772,,,IC50,uM,UO_0000065,,26.0,26000.0,4.585026652029182
3774,,,18781244,[],CHEMBL4270107,Antibiofilm activity against Staphylococcus aureus Rosenbach ATCC 25923 after 24 hrs by crystal-violet based UV-Vis spectroscopy,F,,,BAO_0000188,BAO_0000218,organism-based format,O=C(Nc1ccc(Sc2nc3ccccc3s2)cc1)c1ccccc1O,,,CHEMBL4266041,J Med Chem,2018,,CHEMBL4277902,,CHEMBL4277902,6.04,0,http://www.openphacts.org/units/Nanomolar,3120653,=,1,1,=,,EC50,nM,,910.0,CHEMBL352,Staphylococcus aureus,Staphylococcus aureus,1280,,,EC50,uM,UO_0000065,,0.91,910.0,6.040958607678906
3402,,,18570196,[],CHEMBL4220812,Antibiofilm activity against Salmonella typhimurium ATCC 14028 after 24 hrs by crystal violet staining based assay,F,,,BAO_0000190,BAO_0000218,organism-based format,Fc1ccc(-c2cnc(NCCCCCCNc3ncc(-c4ccc(F)cc4)[nH]3)[nH]2)cc1,,,CHEMBL4219072,Bioorg Med Chem,2018,,CHEMBL4226947,,CHEMBL4226947,4.99,0,http://www.openphacts.org/units/Nanomolar,3083445,=,1,1,=,,IC50,nM,,10300.0,CHEMBL351,Salmonella enterica subsp. enterica serovar Typhimurium,Salmonella typhimurium,90371,,,IC50,uM,UO_0000065,,10.3,10300.0,4.987162775294828
1961,,,15125517,[],CHEMBL3381973,Anti-biofilm activity against Bacillus subtilis MTCC 121 assessed as inhibition of biofilm formation incubated for 24 hrs by crystal violet staining based modified biofilm inhibition assay,F,,,BAO_0000190,BAO_0000218,organism-based format,CCCCCCC(C/C=C\CCCCCCCC(=O)OC)/N=C\c1ccc(Cl)cc1,,,CHEMBL3351415,Bioorg Med Chem Lett,2014,,CHEMBL3337772,,CHEMBL3337772,5.22,0,http://www.openphacts.org/units/Nanomolar,2272895,=,1,1,=,,IC50,nM,,6000.0,CHEMBL359,Bacillus subtilis,Bacillus subtilis,1423,,,IC50,uM,UO_0000065,,6.0,6000.0,5.221848749616356
1768,,,14667368,[],CHEMBL3268492,Antimicrobial activity against Streptococcus mutans 240 assessed as inhibition of biofilm formation after 48 hrs by crystal violet staining-based spectrophotometry,F,,,BAO_0000179,BAO_0000218,organism-based format,CNc1nc(-c2cccc(NC(=O)c3cc4ccccc4[nH]3)c2)c[nH]1.Cl,,,CHEMBL3259692,Bioorg Med Chem Lett,2014,,CHEMBL3112596,,CHEMBL3139549,,0,http://www.openphacts.org/units/Micromolar,2099979,=,1,0,=,,MBIC50,uM,,80.0,CHEMBL612426,Streptococcus mutans,Streptococcus mutans,1309,,,MBIC50,uM,UO_0000064,,80.0,80000.0,4.096910013008056
2451,,,16531893,[],CHEMBL3791790,Antibiofilm activity against Bacillus subtilis MTCC 121 after 24 hrs by crystal violet staining based assay,F,,,BAO_0000190,BAO_0000218,organism-based format,CCCCCC[N+](C)(C)CCCCCCCCCCC(=O)OC.[Cl-],,,CHEMBL3784971,Bioorg Med Chem Lett,2016,,CHEMBL3787402,,CHEMBL3787736,,0,http://www.openphacts.org/units/MicrogramPerMilliliter,2768102,=,1,1,=,,IC50,ug.mL-1,,4.8,CHEMBL359,Bacillus subtilis,Bacillus subtilis,1423,,,IC50,ug ml-1,UO_0000274,,4.8,13186.306021196986,4.879876849586172
1945,,,15125501,[],CHEMBL3381381,Anti-biofilm activity against Staphylococcus aureus MTCC 96 assessed as inhibition of biofilm formation incubated for 24 hrs by crystal violet staining based modified biofilm inhibition assay,F,,,BAO_0000190,BAO_0000218,organism-based format,CCCCCCC(C/C=C\CCCCCCCC(=O)OC)/N=C\c1ccc(N(C)C)cc1,,,CHEMBL3351415,Bioorg Med Chem Lett,2014,,CHEMBL3337784,,CHEMBL3337784,5.02,0,http://www.openphacts.org/units/Nanomolar,2272907,=,1,1,=,,IC50,nM,,9500.0,CHEMBL352,Staphylococcus aureus,Staphylococcus aureus,1280,,,IC50,uM,UO_0000065,,9.5,9500.0,5.022276394711152
576,,,6152591,[],CHEMBL1763327,Antibacterial activity against Escherichia coli UTI89 assessed as inhibition of biofilm formation after 24 hrs,F,,,BAO_0000188,BAO_0000218,organism-based format,COc1ccc2cc(Cc3cc(=O)n4c(c3-c3cccc(C(F)(F)F)c3)SC[C@H]4C(=O)O)ccc2c1,,,CHEMBL1759904,Eur J Med Chem,2011,,CHEMBL1761549,,CHEMBL1761549,5.05,0,http://www.openphacts.org/units/Nanomolar,1413763,=,1,1,=,,EC50,nM,,9000.0,CHEMBL354,Escherichia coli,Escherichia coli,562,,,EC50,uM,UO_0000065,,9.0,9000.0,5.045757490560675
8157,,,24898391,"[{'comments': None, 'relation': '=', 'result_flag': 0, 'standard_relation': '=', 'standard_text_value': None, 'standard_type': 'TIME', 'standard_units': 'hr', 'standard_value': '24.0', 'text_value': None, 'type': 'Time', 'units': 'hrs', 'value': '24.0'}]",CHEMBL5159908,Antibiofilm activity against Salmonella typhimurium ATCC 14028 assessed as biofilm dispersal effect incubated for 24 hrs by crystal violet staining based spectrophotometry,F,,,BAO_0000188,BAO_0000218,organism-based format,CN(Cc1ccsc1)CC1CCN(CCc2ccc(Cl)cc2)CC1,,,CHEMBL5154764,Eur J Med Chem,2022,,CHEMBL5190037,,CHEMBL5190037,4.16,0,http://www.openphacts.org/units/Nanomolar,3891398,=,1,1,=,,EC50,nM,,69000.0,CHEMBL351,Salmonella enterica subsp. enterica serovar Typhimurium,Salmonella typhimurium,90371,,,EC50,uM,UO_0000065,,69.0,69000.0,4.161150909262744
8181,,,24898415,"[{'comments': None, 'relation': '=', 'result_flag': 0, 'standard_relation': '=', 'standard_text_value': None, 'standard_type': 'TIME', 'standard_units': 'hr', 'standard_value': '24.0', 'text_value': None, 'type': 'Time', 'units': 'hrs', 'value': '24.0'}]",CHEMBL5159908,Antibiofilm activity against Salmonella typhimurium ATCC 14028 assessed as biofilm dispersal effect incubated for 24 hrs by crystal violet staining based spectrophotometry,F,,,BAO_0000188,BAO_0000218,organism-based format,CN(Cc1ccsc1)CC1CCN(Cc2cc(Cl)ccc2Cl)CC1,Outside typical range,"Values for this activity type are unusually large/small, so may not be accurate",CHEMBL5154764,Eur J Med Chem,2022,,CHEMBL5197236,,CHEMBL5197236,,0,http://www.openphacts.org/units/Nanomolar,3891426,=,1,1,=,,EC50,nM,,196000.0,CHEMBL351,Salmonella enterica subsp. enterica serovar Typhimurium,Salmonella typhimurium,90371,,,EC50,uM,UO_0000065,,196.0,196000.0,3.7077439286435236
6522,,,22905980,"[{'comments': None, 'relation': '=', 'result_flag': 0, 'standard_relation': '=', 'standard_text_value': None, 'standard_type': 'TIME', 'standard_units': 'hr', 'standard_value': '24.0', 'text_value': None, 'type': 'Time', 'units': 'hrs', 'value': '24.0'}]",CHEMBL4733169,Antibiofilm activity against Staphylococcus aureus ATCC 25923 after 24 hrs by crystal violet staining based assay,F,,,BAO_0000179,BAO_0000218,organism-based format,Cn1cc(C(=O)c2nc(-c3cn(C)c4ccc(Cl)cc34)no2)c2ccccc21,,,CHEMBL4732050,Eur J Med Chem,2021,,CHEMBL4797065,,CHEMBL4797065,,0,http://www.openphacts.org/units/Micromolar,3556010,=,1,0,=,,MBIC50,uM,,47.6,CHEMBL352,Staphylococcus aureus,Staphylococcus aureus,1280,,,MBIC50,uM,UO_0000064,,47.6,47600.0,4.3223930472795065
3385,,,18570179,[],CHEMBL4220812,Antibiofilm activity against Salmonella typhimurium ATCC 14028 after 24 hrs by crystal violet staining based assay,F,,,BAO_0000190,BAO_0000218,organism-based format,Nc1ncc(-c2ccc(Cl)cc2)n1CCCCCn1c(-c2ccc(Cl)cc2)cnc1N,,,CHEMBL4219072,Bioorg Med Chem,2018,,CHEMBL4227741,,CHEMBL4227741,5.29,0,http://www.openphacts.org/units/Nanomolar,3083427,=,1,1,=,,IC50,nM,,5100.0,CHEMBL351,Salmonella enterica subsp. enterica serovar Typhimurium,Salmonella typhimurium,90371,,,IC50,uM,UO_0000065,,5.1,5100.0,5.292429823902064
353,,,5190445,[],CHEMBL1663615,Antibiofilm activity in Salmonella Typhimurium ATCC 14028 assessed as inhibition of biofilm formation at 25 degC after 24 hrs,F,,,BAO_0000190,BAO_0000218,organism-based format,CCCCCCCC[n+]1c(-c2ccc(S(C)(=O)=O)cc2)cn2cccnc21.[O-][Cl+3]([O-])([O-])[O-],,,CHEMBL1649413,J Med Chem,2011,,CHEMBL1649888,,CHEMBL1739556,4.09,0,http://www.openphacts.org/units/Nanomolar,1322167,=,1,1,=,,IC50,nM,,82000.0,CHEMBL351,Salmonella enterica subsp. enterica serovar Typhimurium,Salmonella typhimurium,90371,,,IC50,uM,UO_0000065,,82.0,82000.0,4.086186147616283
6226,,,22750714,"[{'comments': None, 'relation': '=', 'result_flag': 0, 'standard_relation': '=', 'standard_text_value': None, 'standard_type': 'TIME', 'standard_units': 'hr', 'standard_value': '24.0', 'text_value': None, 'type': 'Time', 'units': 'hrs', 'value': '24.0'}]",CHEMBL4699742,Antibiofilm activity against Mycobacterium smegmatis mc2 155 ATCC 700084 assessed as inhibition of biofilm formation measured after 24 hrs by crystal violet reporter assay,F,,,BAO_0000190,BAO_0000218,organism-based format,Nc1nc(-c2c[nH]c3cc(Br)ccc23)c[nH]1,,,CHEMBL4699393,RSC Med Chem,2020,,CHEMBL4300103,,CHEMBL4300103,5.12,0,http://www.openphacts.org/units/Nanomolar,3530920,=,1,1,=,,IC50,nM,,7500.0,CHEMBL613088,Mycolicibacterium smegmatis,Mycolicibacterium smegmatis,1772,,,IC50,uM,UO_0000065,,7.5,7500.0,5.1249387366083
171,,,3469109,[],CHEMBL1252263,Antimicrobial activity against Salmonella Typhimurium ATCC 14028 assessed as inhibition of biofilm formation after 48 hrs using crystal violet staining by microtiter plate assay,F,,,BAO_0000190,BAO_0000218,organism-based format,CC(Br)C1=C(Br)C(=C(Br)Br)OC1=O,,,CHEMBL1250426,Bioorg Med Chem,2010,,CHEMBL1253348,,CHEMBL1253348,5.39,0,http://www.openphacts.org/units/Nanomolar,955218,=,1,1,=,,IC50,nM,,4094.0,CHEMBL351,Salmonella enterica subsp. enterica serovar Typhimurium,Salmonella typhimurium,90371,,,IC50,uM,UO_0000065,,4.094,4094.0,5.387852161673513
4337,,,18982191,[],CHEMBL4339390,Antibiofilm activity against Staphylococcus aureus ATCC 6538 incubated for 24 hrs by crystal violet-staining based assay,F,,,BAO_0000179,BAO_0000218,organism-based format,Br.COc1cccc(-c2cn3nc(-c4cn(C)c5ccc(Br)cc45)sc3n2)c1,,,CHEMBL4339190,Eur J Med Chem,2019,,CHEMBL4472762,,CHEMBL4597585,,0,http://www.openphacts.org/units/Micromolar,3166587,=,1,0,=,,MBIC50,uM,,12.4,CHEMBL352,Staphylococcus aureus,Staphylococcus aureus,1280,,,MBIC50,uM,UO_0000064,,12.4,12400.0,4.906578314837765
785,,,6306947,[],CHEMBL1815005,Antimicrobial activity against Salmonella Typhimurium ATCC 14028 assessed as inhibition of biofilm formation after 24 hrs by spectrophotometry,F,,,BAO_0000190,BAO_0000218,organism-based format,CCCCN1c2nccc[n+]2C[C@@]1(O)c1ccc(F)cc1.[Br-],Outside typical range,"Values for this activity type are unusually large/small, so may not be accurate",CHEMBL1811868,Bioorg Med Chem,2011,,CHEMBL1814037,,CHEMBL1851784,,0,http://www.openphacts.org/units/Nanomolar,1448543,=,1,1,=,,IC50,nM,,163000.0,CHEMBL351,Salmonella enterica subsp. enterica serovar Typhimurium,Salmonella typhimurium,90371,,,IC50,uM,UO_0000065,,163.0,163000.0,3.787812395596042
3474,,,18570268,[],CHEMBL4220814,Antibiofilm activity against Escherichia coli TG1 after 24 hrs by crystal violet staining based assay,F,,,BAO_0000190,BAO_0000218,organism-based format,Nc1ncc(-c2ccc(F)cc2)n1CCCCCCCCn1c(-c2ccc(F)cc2)cnc1N,,,CHEMBL4219072,Bioorg Med Chem,2018,,CHEMBL4226614,,CHEMBL4226614,5.16,0,http://www.openphacts.org/units/Nanomolar,3083417,=,1,1,=,,IC50,nM,,7000.0,CHEMBL354,Escherichia coli,Escherichia coli,562,,,IC50,uM,UO_0000065,,7.0,7000.0,5.154901959985743
6277,,,22790166,"[{'comments': None, 'relation': '=', 'result_flag': 0, 'standard_relation': '=', 'standard_text_value': None, 'standard_type': 'TIME', 'standard_units': 'hr', 'standard_value': '24.0', 'text_value': None, 'type': 'Time', 'units': 'hrs', 'value': '24.0'}]",CHEMBL4709341,Antibiofilm activity against methicillin-resistant Staphylococcus aureus ATCC BAA-44 incubated for 24 hrs by crystal violet-staining based assay,F,,,BAO_0000190,BAO_0000218,organism-based format,C/C(=C/c1ccccc1)Cn1cc(CCCCCc2nc(N)[nH]c2-c2ccc(F)cc2)nn1,,,CHEMBL4706534,Eur J Med Chem,2020,,CHEMBL4779057,,CHEMBL4779057,5.87,0,http://www.openphacts.org/units/Nanomolar,3538720,=,1,1,=,,IC50,nM,,1340.0,CHEMBL352,Staphylococcus aureus,Staphylococcus aureus,1280,,,IC50,uM,UO_0000065,,1.34,1340.0,5.872895201635192
6276,,,22790165,"[{'comments': None, 'relation': '=', 'result_flag': 0, 'standard_relation': '=', 'standard_text_value': None, 'standard_type': 'TIME', 'standard_units': 'hr', 'standard_value': '24.0', 'text_value': None, 'type': 'Time', 'units': 'hrs', 'value': '24.0'}]",CHEMBL4709341,Antibiofilm activity against methicillin-resistant Staphylococcus aureus ATCC BAA-44 incubated for 24 hrs by crystal violet-staining based assay,F,,,BAO_0000190,BAO_0000218,organism-based format,C/C(=C/c1ccccc1)Cn1cc(CCCCCc2nc(N)[nH]c2-c2cc(F)cc(F)c2)nn1,,,CHEMBL4706534,Eur J Med Chem,2020,,CHEMBL4785353,,CHEMBL4785353,5.87,0,http://www.openphacts.org/units/Nanomolar,3538719,=,1,1,=,,IC50,nM,,1340.0,CHEMBL352,Staphylococcus aureus,Staphylococcus aureus,1280,,,IC50,uM,UO_0000065,,1.34,1340.0,5.872895201635192
3712,,,18730781,[],CHEMBL4260145,Antibiofilm activity against Salmonella typhimurium ATCC 14028 after 24 hrs by crystal violet staining based assay,F,,,BAO_0000190,BAO_0000218,organism-based format,CCCCCc1ccc(C(=O)Nc2ccc3c(c2)nc(N)n3CCCC)cc1.Cl,,,CHEMBL4257552,Medchemcomm,2018,,CHEMBL3218052,,CHEMBL3303511,4.82,0,http://www.openphacts.org/units/Nanomolar,3111822,=,1,1,=,,IC50,nM,,15000.0,CHEMBL351,Salmonella enterica subsp. enterica serovar Typhimurium,Salmonella typhimurium,90371,,,IC50,uM,UO_0000065,20.0,15.0,15000.0,4.823908740944319
317,,,5190409,[],CHEMBL1663615,Antibiofilm activity in Salmonella Typhimurium ATCC 14028 assessed as inhibition of biofilm formation at 25 degC after 24 hrs,F,,,BAO_0000190,BAO_0000218,organism-based format,Nc1ncc(-c2ccc(Cl)cc2)n1C1CC1,,,CHEMBL1649413,J Med Chem,2011,,CHEMBL1649853,,CHEMBL1649853,4.26,0,http://www.openphacts.org/units/Nanomolar,1322131,=,1,1,=,,IC50,nM,,54800.0,CHEMBL351,Salmonella enterica subsp. enterica serovar Typhimurium,Salmonella typhimurium,90371,,,IC50,uM,UO_0000065,,54.8,54800.0,4.261219441515631
777,,,6306939,[],CHEMBL1815005,Antimicrobial activity against Salmonella Typhimurium ATCC 14028 assessed as inhibition of biofilm formation after 24 hrs by spectrophotometry,F,,,BAO_0000190,BAO_0000218,organism-based format,CCCCCCCCN1c2nccc[n+]2C[C@@]1(O)c1ccc(OC)cc1.[Br-],,,CHEMBL1811868,Bioorg Med Chem,2011,,CHEMBL1814203,,CHEMBL1851852,4.98,0,http://www.openphacts.org/units/Nanomolar,1448742,=,1,1,=,,IC50,nM,,10500.0,CHEMBL351,Salmonella enterica subsp. enterica serovar Typhimurium,Salmonella typhimurium,90371,,,IC50,uM,UO_0000065,,10.5,10500.0,4.978810700930062
274,,,5190366,[],CHEMBL1663615,Antibiofilm activity in Salmonella Typhimurium ATCC 14028 assessed as inhibition of biofilm formation at 25 degC after 24 hrs,F,,,BAO_0000190,BAO_0000218,organism-based format,CCCCCCCCCCCCn1c(-c2ccc(Cl)cc2)cnc1N,,,CHEMBL1649413,J Med Chem,2011,,CHEMBL1649810,,CHEMBL1649810,5.21,0,http://www.openphacts.org/units/Nanomolar,1322088,=,1,1,=,,IC50,nM,,6200.0,CHEMBL351,Salmonella enterica subsp. enterica serovar Typhimurium,Salmonella typhimurium,90371,,,IC50,uM,UO_0000065,,6.2,6200.0,5.207608310501746
669,,,6304707,[],CHEMBL1815005,Antimicrobial activity against Salmonella Typhimurium ATCC 14028 assessed as inhibition of biofilm formation after 24 hrs by spectrophotometry,F,,,BAO_0000190,BAO_0000218,organism-based format,CC(C)CNc1ncc(-c2ccccc2)[nH]1,,,CHEMBL1811868,Bioorg Med Chem,2011,,CHEMBL1814239,,CHEMBL1814239,5.31,0,http://www.openphacts.org/units/Nanomolar,1448778,=,1,1,=,,IC50,nM,,4900.0,CHEMBL351,Salmonella enterica subsp. enterica serovar Typhimurium,Salmonella typhimurium,90371,,,IC50,uM,UO_0000065,,4.9,4900.0,5.309803919971486
1673,,,14534680,[],CHEMBL3225137,Inhibition of biofilm formation in Escherichia coli K-12 ER2718 after 24 hrs by crystal violet staining-based assay,F,,,BAO_0000190,BAO_0000218,organism-based format,CCCCCCc1ccc(C(=O)NCCn2cc(C[C@@]34CCN[C@@H]3Nc3ccccc34)nn2)cc1,,,CHEMBL3217512,Medchemcomm,2013,,CHEMBL3219746,,CHEMBL3219746,4.0,0,http://www.openphacts.org/units/Nanomolar,2074657,=,1,1,=,,IC50,nM,,100000.0,CHEMBL354,Escherichia coli,Escherichia coli,562,,,IC50,uM,UO_0000065,,100.0,100000.0,4.0
2920,,,18067669,[],CHEMBL4014669,Antibiofilm activity against Escherichia coli MTCC 739 after 24 hrs by crystal violet staining based method,F,,,BAO_0000190,BAO_0000019,assay format,O=C(Cn1nc(C(F)(F)F)c2c(-c3ccccc3)c3ccccc3nc21)NCCN1CCNCC1,,,CHEMBL4014279,Eur J Med Chem,2017,,CHEMBL4077877,,CHEMBL4077877,5.38,0,http://www.openphacts.org/units/Nanomolar,2994635,=,1,1,=,,IC50,nM,,4200.0,CHEMBL354,Escherichia coli,Escherichia coli,562,,,IC50,uM,UO_0000065,,4.2,4200.0,5.3767507096021
4990,,,19127337,[],CHEMBL4374185,Antibiofilm activity against Mycobacterium smegmatis str. MC2 155 ATCC 700084 after 48 hrs by crystal violet staining based reporter assay,F,,,BAO_0000190,BAO_0000218,organism-based format,CCCCCC(=O)Nc1ccc2nc(N)ncc2c1.Cl,,,CHEMBL4373648,Medchemcomm,2019,,CHEMBL4577404,,CHEMBL4595131,4.64,0,http://www.openphacts.org/units/Nanomolar,3192230,=,1,1,=,,IC50,nM,,23000.0,CHEMBL613088,Mycolicibacterium smegmatis,Mycolicibacterium smegmatis,1772,,,IC50,uM,UO_0000065,,23.0,23000.0,4.638272163982407
314,,,5190406,[],CHEMBL1663615,Antibiofilm activity in Salmonella Typhimurium ATCC 14028 assessed as inhibition of biofilm formation at 25 degC after 24 hrs,F,,,BAO_0000190,BAO_0000218,organism-based format,Nc1ncc(-c2ccccc2)n1C1CCCCCC1,,,CHEMBL1649413,J Med Chem,2011,,CHEMBL1649850,,CHEMBL1649850,4.57,0,http://www.openphacts.org/units/Nanomolar,1322128,=,1,1,=,,IC50,nM,,26900.0,CHEMBL351,Salmonella enterica subsp. enterica serovar Typhimurium,Salmonella typhimurium,90371,,,IC50,uM,UO_0000065,,26.9,26900.0,4.570247719997592
4413,,,18982267,[],CHEMBL4339393,Antibiofilm activity against Escherichia coli ATCC 25922 incubated for 24 hrs by crystal violet-staining based assay,F,,,BAO_0000179,BAO_0000218,organism-based format,Cn1cc(-c2nn3cc(-c4ccc([N+](=O)[O-])cc4)nc3s2)c2ccccc21,,,CHEMBL4339190,Eur J Med Chem,2019,,CHEMBL4525997,,CHEMBL4525997,,0,http://www.openphacts.org/units/Micromolar,3166600,=,1,0,=,,MBIC50,uM,,34.3,CHEMBL354,Escherichia coli,Escherichia coli,562,,,MBIC50,uM,UO_0000064,,34.3,34300.0,4.464705879957229
3553,,,18570347,[],CHEMBL4220815,Antibiofilm activity against Staphylococcus aureus SH1000 after 48 hrs by crystal violet staining based assay,F,,,BAO_0000190,BAO_0000218,organism-based format,Fc1ccc(-c2cnc(NCCCCCCCNc3ncc(-c4ccc(F)cc4)[nH]3)[nH]2)cc1,Outside typical range,"Values for this activity type are unusually large/small, so may not be accurate",CHEMBL4219072,Bioorg Med Chem,2018,,CHEMBL4226477,,CHEMBL4226477,,0,http://www.openphacts.org/units/Nanomolar,3083444,=,1,1,=,,IC50,nM,,107400.0,CHEMBL352,Staphylococcus aureus,Staphylococcus aureus,1280,,,IC50,uM,UO_0000065,,107.4,107400.0,3.968995718636463
1135,,,13840644,[],CHEMBL3095560,Antibiofilm activity against Klebsiella planticola MTCC 530 after 24 hrs by crystal violet assay,F,,,BAO_0000190,BAO_0000218,organism-based format,COc1cc(Cn2cc(CNC(=O)c3ccc([N+](=O)[O-])o3)nn2)ccc1O,,,CHEMBL3091424,Bioorg Med Chem Lett,2013,,CHEMBL3093114,,CHEMBL3093114,,0,http://www.openphacts.org/units/MicrogramPerMilliliter,1953074,=,1,1,=,,IC50,ug.mL-1,,42.5,CHEMBL613271,Raoultella planticola,Raoultella planticola,575,,,IC50,ug ml-1,UO_0000274,,42.5,113841.82682649164,3.9436981437187564
5877,,,22421832,"[{'comments': None, 'relation': '=', 'result_flag': 0, 'standard_relation': '=', 'standard_text_value': None, 'standard_type': 'TIME', 'standard_units': 'hr', 'standard_value': '24.0', 'text_value': None, 'type': 'Time', 'units': 'hrs', 'value': '24.0'}]",CHEMBL4673713,Inhibition of biofilm formation in methicillin-resistant Staphylococcus aureus BAA-44 incubated for 24 hrs by crystal violet staining based assay,F,,,BAO_0000190,BAO_0000218,organism-based format,Cl.Nc1nccc(-c2cccc(NC(=O)c3cc(Br)cc(Br)c3)c2)n1,,,CHEMBL4673191,RSC Med Chem,2021,,CHEMBL4758679,,CHEMBL4803088,4.85,0,http://www.openphacts.org/units/Nanomolar,3513610,=,1,1,=,,IC50,nM,,14100.0,CHEMBL352,Staphylococcus aureus,Staphylococcus aureus,1280,,,IC50,uM,UO_0000065,,14.1,14100.0,4.85078088734462
6034,,,22446264,[],CHEMBL4679608,Antibiofilm activity against Streptococcus mutans UA159 assessed as inhibition of biofilm formation by serial dilution method,F,,,BAO_0000190,BAO_0000218,organism-based format,NC(=O)c1ccccc1NC(=O)c1ccc(-c2ccccc2)cc1,Outside typical range,"Values for this activity type are unusually large/small, so may not be accurate",CHEMBL4673385,ACS Med Chem Lett,2021,,CHEMBL4093799,,CHEMBL4093799,,0,http://www.openphacts.org/units/Nanomolar,3517959,=,1,1,=,,IC50,nM,,193300.0,CHEMBL612426,Streptococcus mutans,Streptococcus mutans,1309,,,IC50,uM,UO_0000065,,193.3,193300.0,3.7137681459714473
8108,,,24898342,"[{'comments': None, 'relation': '=', 'result_flag': 0, 'standard_relation': '=', 'standard_text_value': None, 'standard_type': 'TIME', 'standard_units': 'hr', 'standard_value': '24.0', 'text_value': None, 'type': 'Time', 'units': 'hrs', 'value': '24.0'}]",CHEMBL5159907,Antibiofilm activity against Salmonella typhimurium ATCC 14028 assessed as inhibition of biofilm formation incubated for 24 hrs by crystal violet staining based spectrophotometry,F,,,BAO_0000190,BAO_0000218,organism-based format,CN(Cc1ccsc1)CC1CCN(CCc2c(F)cccc2F)CC1,,,CHEMBL5154764,Eur J Med Chem,2022,,CHEMBL5204101,,CHEMBL5204101,5.2,0,http://www.openphacts.org/units/Nanomolar,3891404,=,1,1,=,,IC50,nM,,6300.0,CHEMBL351,Salmonella enterica subsp. enterica serovar Typhimurium,Salmonella typhimurium,90371,,,IC50,uM,UO_0000065,,6.3,6300.0,5.200659450546418
1145,,,13840654,[],CHEMBL3095561,Antibiofilm activity against Staphylococcus aureus MLS-16 MTCC 2940 after 24 hrs by crystal violet assay,F,,,BAO_0000190,BAO_0000218,organism-based format,O=C(NCc1cn(Cc2cccc([N+](=O)[O-])c2)nn1)c1ccc([N+](=O)[O-])o1,,,CHEMBL3091424,Bioorg Med Chem Lett,2013,,CHEMBL3093115,,CHEMBL3093115,,0,http://www.openphacts.org/units/MicrogramPerMilliliter,1953075,=,1,1,=,,IC50,ug.mL-1,,0.8,CHEMBL352,Staphylococcus aureus,Staphylococcus aureus,1280,,,IC50,ug ml-1,UO_0000274,,0.8,2148.822042616512,5.667799549659715
1416,,,13912105,[],CHEMBL3116742,Antibacterial activity against Staphylococcus aureus ATCC 25923 assessed as inhibition of biofilm formation after 20 hrs by crystal-violet staining method,F,,,BAO_0000190,BAO_0000218,organism-based format,COc1ccc(Cl)cc1C1=C(Br)C(=O)N(CC(C)C)C1(O)Cc1ccccc1Br,,,CHEMBL3112480,Bioorg Med Chem Lett,2014,,CHEMBL3115986,,CHEMBL3115986,5.17,0,http://www.openphacts.org/units/Nanomolar,1967196,=,1,1,=,,IC50,nM,,6800.0,CHEMBL352,Staphylococcus aureus,Staphylococcus aureus,1280,,,IC50,uM,UO_0000065,,6.8,6800.0,5.167491087293763
2518,,,16605502,[],CHEMBL3813215,Antibiofilm activity against Bacillus subtilis MTCC 121 after 24 hrs by crystal violet staining based assay,F,,,BAO_0000190,BAO_0000218,organism-based format,O=C1C=C(N2CC2)C(=O)C(c2cc(-c3ccc(C(=O)N4CCC(C(F)(F)F)CC4)s3)on2)=C1N1CC1,,,CHEMBL3808371,Eur J Med Chem,2016,,CHEMBL3808945,,CHEMBL3808945,5.68,0,http://www.openphacts.org/units/Nanomolar,2778998,=,1,1,=,,IC50,nM,,2100.0,CHEMBL359,Bacillus subtilis,Bacillus subtilis,1423,,,IC50,uM,UO_0000065,,2.1,2100.0,5.6777807052660805
3237,,,18511426,[],CHEMBL4191874,Antibiofilm activity against Staphylococcus aureus SH1000 after 48 hrs by crystal violet staining based method,F,,,BAO_0000179,BAO_0000218,organism-based format,CCCCCCCc1nc(N)n(CC(=O)Nc2ccccc2)c1-c1ccccc1Br,,,CHEMBL4190235,Eur J Med Chem,2017,,CHEMBL4214105,,CHEMBL4214105,,0,http://www.openphacts.org/units/Micromolar,3073301,=,1,0,=,,MBIC50,uM,,18.1,CHEMBL352,Staphylococcus aureus,Staphylococcus aureus,1280,,,MBIC50,uM,UO_0000064,,18.1,18100.0,4.7423214251308154
8150,,,24898384,"[{'comments': None, 'relation': '=', 'result_flag': 0, 'standard_relation': '=', 'standard_text_value': None, 'standard_type': 'TIME', 'standard_units': 'hr', 'standard_value': '24.0', 'text_value': None, 'type': 'Time', 'units': 'hrs', 'value': '24.0'}]",CHEMBL5159908,Antibiofilm activity against Salmonella typhimurium ATCC 14028 assessed as biofilm dispersal effect incubated for 24 hrs by crystal violet staining based spectrophotometry,F,,,BAO_0000188,BAO_0000218,organism-based format,CN(Cc1ccsc1)CC1CCN(CCc2ccccc2Cl)CC1,Outside typical range,"Values for this activity type are unusually large/small, so may not be accurate",CHEMBL5154764,Eur J Med Chem,2022,,CHEMBL5173677,,CHEMBL5173677,,0,http://www.openphacts.org/units/Nanomolar,3891388,=,1,1,=,,EC50,nM,,232000.0,CHEMBL351,Salmonella enterica subsp. enterica serovar Typhimurium,Salmonella typhimurium,90371,,,EC50,uM,UO_0000065,,232.0,232000.0,3.6345120151091006
5389,,,19241859,[],CHEMBL4399780,Antibiofilm activity against Escherichia coli MTCC 739 assessed as inhibition of biofilm formation by crystal violet staining-based microtitre plate assay,F,,,BAO_0000190,BAO_0000218,organism-based format,O=C(c1cn(-c2ccc(Br)cc2)nn1)c1c(-c2ccccc2)nc2sccn12,,,CHEMBL4396937,Bioorg Med Chem Lett,2019,,CHEMBL4483036,,CHEMBL4483036,,0,http://www.openphacts.org/units/MicrogramPerMilliliter,3211947,=,1,1,=,,IC50,ug.mL-1,,20.2,CHEMBL354,Escherichia coli,Escherichia coli,562,,,IC50,ug ml-1,UO_0000274,,20.2,44856.8909733279,4.348170830617495
5791,,,22408033,"[{'comments': None, 'relation': '=', 'result_flag': 0, 'standard_relation': '=', 'standard_text_value': None, 'standard_type': 'TIME', 'standard_units': 'hr', 'standard_value': '24.0', 'text_value': None, 'type': 'Time', 'units': 'hrs', 'value': '24.0'}]",CHEMBL4670886,Inhibition of biofilm formation in methicillin-resistant Staphylococcus aureus ATCC 43300 incubated for 24 hrs by crystal violet staining based microtiter plate method,F,,,BAO_0000190,BAO_0000218,organism-based format,COc1cc(OC)cc(-c2cc(-c3nc4ccccc4c(=O)[nH]3)nc(N)n2)c1,,,CHEMBL4665809,Bioorg Med Chem Lett,2020,,CHEMBL4757543,,CHEMBL4757543,4.3,0,http://www.openphacts.org/units/Nanomolar,3510928,=,1,1,=,,IC50,nM,,50500.0,CHEMBL352,Staphylococcus aureus,Staphylococcus aureus,1280,,,IC50,uM,UO_0000065,,50.5,50500.0,4.296708621881338
5784,,,22408026,"[{'comments': None, 'relation': '=', 'result_flag': 0, 'standard_relation': '=', 'standard_text_value': None, 'standard_type': 'TIME', 'standard_units': 'hr', 'standard_value': '24.0', 'text_value': None, 'type': 'Time', 'units': 'hrs', 'value': '24.0'}]",CHEMBL4670886,Inhibition of biofilm formation in methicillin-resistant Staphylococcus aureus ATCC 43300 incubated for 24 hrs by crystal violet staining based microtiter plate method,F,,,BAO_0000190,BAO_0000218,organism-based format,Nc1nc(-c2nc3ccccc3c(=O)[nH]2)cc(-c2ccc(Cl)cc2Cl)n1,,,CHEMBL4665809,Bioorg Med Chem Lett,2020,,CHEMBL4751987,,CHEMBL4751987,4.37,0,http://www.openphacts.org/units/Nanomolar,3510935,=,1,1,=,,IC50,nM,,42700.0,CHEMBL352,Staphylococcus aureus,Staphylococcus aureus,1280,,,IC50,uM,UO_0000065,,42.7,42700.0,4.369572124974976
8818,,,25575437,[],CHEMBL5352619,Antibiofilm activity against Streptococcus mutans UA159 assessed as inhibition of biofilm formation,F,,,BAO_0000190,BAO_0000218,organism-based format,Cc1ccc(S(=O)(=O)n2cc3c4c2C(=O)C(NCc2ccc(Cl)cc2)=CC4=NCC3)cc1,,,CHEMBL5352385,Eur J Med Chem,2022,,CHEMBL5424553,,CHEMBL5424553,5.6,0,http://www.openphacts.org/units/Nanomolar,3981685,=,1,1,=,,IC50,nM,,2500.0,CHEMBL612426,Streptococcus mutans,Streptococcus mutans,1309,,,IC50,uM,UO_0000065,,2.5,2500.0,5.6020599913279625
1966,,,15125522,[],CHEMBL3381973,Anti-biofilm activity against Bacillus subtilis MTCC 121 assessed as inhibition of biofilm formation incubated for 24 hrs by crystal violet staining based modified biofilm inhibition assay,F,,,BAO_0000190,BAO_0000218,organism-based format,CCCCCCC(C/C=C\CCCCCCCC(=O)OC)/N=C\c1ccc(O)c(OC)c1,,,CHEMBL3351415,Bioorg Med Chem Lett,2014,,CHEMBL3337785,,CHEMBL3337785,4.99,0,http://www.openphacts.org/units/Nanomolar,2272908,=,1,1,=,,IC50,nM,,10300.0,CHEMBL359,Bacillus subtilis,Bacillus subtilis,1423,,,IC50,uM,UO_0000065,,10.3,10300.0,4.987162775294828
5788,,,22408030,"[{'comments': None, 'relation': '=', 'result_flag': 0, 'standard_relation': '=', 'standard_text_value': None, 'standard_type': 'TIME', 'standard_units': 'hr', 'standard_value': '24.0', 'text_value': None, 'type': 'Time', 'units': 'hrs', 'value': '24.0'}]",CHEMBL4670886,Inhibition of biofilm formation in methicillin-resistant Staphylococcus aureus ATCC 43300 incubated for 24 hrs by crystal violet staining based microtiter plate method,F,,,BAO_0000190,BAO_0000218,organism-based format,CSc1ccc(-c2cc(-c3nc4ccccc4c(=O)[nH]3)nc(N)n2)cc1,,,CHEMBL4665809,Bioorg Med Chem Lett,2020,,CHEMBL4741015,,CHEMBL4741015,4.65,0,http://www.openphacts.org/units/Nanomolar,3510931,=,1,1,=,,IC50,nM,,22400.0,CHEMBL352,Staphylococcus aureus,Staphylococcus aureus,1280,,,IC50,uM,UO_0000065,,22.4,22400.0,4.649751981665837
9404,,,25722623,"[{'comments': None, 'relation': '=', 'result_flag': 0, 'standard_relation': '=', 'standard_text_value': None, 'standard_type': 'DOSE_Lower', 'standard_units': 'microg/ml', 'standard_value': '1.56', 'text_value': None, 'type': 'DOSE_Lower', 'units': 'microg/ml', 'value': '1.56'}, {'comments': None, 'relation': '=', 'result_flag': 0, 'standard_relation': '=', 'standard_text_value': None, 'standard_type': 'DOSE_Upper', 'standard_units': 'microg/ml', 'standard_value': '100.0', 'text_value': None, 'type': 'DOSE_Upper', 'units': 'microg/ml', 'value': '100.0'}, {'comments': None, 'relation': '=', 'result_flag': 0, 'standard_relation': '=', 'standard_text_value': None, 'standard_type': 'TIME', 'standard_units': 'hr', 'standard_value': '24.0', 'text_value': None, 'type': 'TIME', 'units': 'hrs', 'value': '24.0'}]",CHEMBL5391157,Antibiofilm activity against methicillin-resistant Staphylococcus aureus ATCC 33591 assessed as inhibition of biofilm formation incubated for 24 hrs by crystal violet staining based analysis,F,,,BAO_0000179,BAO_0000218,organism-based format,COc1ccc2c(c1)C(C)(C)C(c1cnc3c4ccccc4nn3c1)=N2,,,CHEMBL5390226,Bioorg Med Chem,2023,,CHEMBL5421110,,CHEMBL5421110,,0,http://www.openphacts.org/units/MicrogramPerMilliliter,4010183,=,1,0,=,,MBIC50,ug ml-1,,50.0,CHEMBL352,Staphylococcus aureus,Staphylococcus aureus,1280,,,MBIC50,ug ml-1,UO_0000274,,50.0,146027.18442065173,3.835566288428522
2914,,,18067663,[],CHEMBL4014666,Antibiofilm activity against Bacillus subtilis MTCC 121 after 24 hrs by crystal violet staining based method,F,,,BAO_0000190,BAO_0000019,assay format,O=C(Cn1nc(C(F)(F)F)c2c(-c3ccccc3)c3ccccc3nc21)NCCN1CCNCC1,,,CHEMBL4014279,Eur J Med Chem,2017,,CHEMBL4077877,,CHEMBL4077877,5.66,0,http://www.openphacts.org/units/Nanomolar,2994635,=,1,1,=,,IC50,nM,,2200.0,CHEMBL359,Bacillus subtilis,Bacillus subtilis,1423,,,IC50,uM,UO_0000065,,2.2,2200.0,5.657577319177793
8830,,,25575449,"[{'comments': None, 'relation': '=', 'result_flag': 0, 'standard_relation': '=', 'standard_text_value': None, 'standard_type': 'TIME', 'standard_units': 'hr', 'standard_value': '24.0', 'text_value': None, 'type': 'TIME', 'units': 'hrs', 'value': '24.0'}]",CHEMBL5352621,Antibiofilm activity against Staphylococcus aureus ATCC 6538 after 24 hrs by crystal violet staining based assay,F,,,BAO_0000190,BAO_0000218,organism-based format,CC(C)(C)OC(=O)NCCn1cc(-c2nc(-c3c[nH]c4ncccc34)cs2)c2ccccc21,,,CHEMBL5352385,Eur J Med Chem,2022,,CHEMBL5402236,,CHEMBL5402236,4.95,0,http://www.openphacts.org/units/Nanomolar,3981691,=,1,1,=,,IC50,nM,,11300.0,CHEMBL352,Staphylococcus aureus,Staphylococcus aureus,1280,,,IC50,uM,UO_0000065,,11.3,11300.0,4.94692155651658
779,,,6306941,[],CHEMBL1815005,Antimicrobial activity against Salmonella Typhimurium ATCC 14028 assessed as inhibition of biofilm formation after 24 hrs by spectrophotometry,F,,,BAO_0000190,BAO_0000218,organism-based format,CN1c2nccc[n+]2C[C@@]1(O)c1cccc([N+](=O)[O-])c1.[Br-],Outside typical range,"Values for this activity type are unusually large/small, so may not be accurate",CHEMBL1811868,Bioorg Med Chem,2011,,CHEMBL1814043,,CHEMBL1851679,,0,http://www.openphacts.org/units/Nanomolar,1448549,=,1,1,=,,IC50,nM,,563800.0,CHEMBL351,Salmonella enterica subsp. enterica serovar Typhimurium,Salmonella typhimurium,90371,,,IC50,uM,UO_0000065,,563.8,563800.0,3.2488749284644163
168,,,3469106,[],CHEMBL1252263,Antimicrobial activity against Salmonella Typhimurium ATCC 14028 assessed as inhibition of biofilm formation after 48 hrs using crystal violet staining by microtiter plate assay,F,,,BAO_0000190,BAO_0000218,organism-based format,CCCCCCC1=C(Br)C(=O)OC1=O,,,CHEMBL1250426,Bioorg Med Chem,2010,,CHEMBL1253346,BROMOHEXYLMALEIC ANHYDRIDE,CHEMBL1253346,4.18,0,http://www.openphacts.org/units/Nanomolar,955215,=,1,1,=,,IC50,nM,,65890.0,CHEMBL351,Salmonella enterica subsp. enterica serovar Typhimurium,Salmonella typhimurium,90371,,,IC50,uM,UO_0000065,,65.89,65890.0,4.181180492452463
3696,,,18730765,[],CHEMBL4260145,Antibiofilm activity against Salmonella typhimurium ATCC 14028 after 24 hrs by crystal violet staining based assay,F,,,BAO_0000190,BAO_0000218,organism-based format,Cl.Nc1nc2cc(NC(=O)c3ccc(Br)c(Br)c3)ccc2n1CCCc1ccccc1,,,CHEMBL4257552,Medchemcomm,2018,,CHEMBL4291441,,CHEMBL4300835,5.27,0,http://www.openphacts.org/units/Nanomolar,3111838,=,1,1,=,,IC50,nM,,5380.0,CHEMBL351,Salmonella enterica subsp. enterica serovar Typhimurium,Salmonella typhimurium,90371,,,IC50,uM,UO_0000065,,5.38,5380.0,5.269217724333611
3211,,,18511373,[],CHEMBL4191872,Antibiofilm activity against Salmonella typhimurium ATCC 14028 after 24 hrs by crystal violet staining based method,F,,,BAO_0000179,BAO_0000218,organism-based format,Nc1nc(CC2CC2)c(-c2ccccc2Br)n1CC(=O)Nc1ccccc1,,,CHEMBL4190235,Eur J Med Chem,2017,,CHEMBL4209186,,CHEMBL4209186,,0,http://www.openphacts.org/units/Micromolar,3073302,=,1,0,=,,MBIC50,uM,,107.6,CHEMBL351,Salmonella enterica subsp. enterica serovar Typhimurium,Salmonella typhimurium,90371,,,MBIC50,uM,UO_0000064,,107.6,107600.0,3.96818772866963
949,,,10954620,[],CHEMBL2061045,Antibacterial activity against Escherichia coli K-12 ATCC 25404 assessed as inhibition of biofilm formation after 2 hrs by confocal laser microscopic analysis,F,,,BAO_0000190,BAO_0000218,organism-based format,CNC(=O)c1cccc(-c2ccc(O[C@H]3O[C@H](CO)[C@@H](O)[C@H](O)[C@@H]3O)c(Cl)c2)c1,,,CHEMBL2057137,J Med Chem,2012,,CHEMBL2058200,,CHEMBL2058200,6.28,0,http://www.openphacts.org/units/Nanomolar,1656071,=,1,1,=,,IC50,nM,,520.0,CHEMBL354,Escherichia coli,Escherichia coli,562,,,IC50,uM,UO_0000065,,0.52,520.0,6.2839966563652006
5055,,,19147135,[],CHEMBL4379054,Antibiofilm activity against methicillin-resistant Staphylococcus aureus assessed as inhibition of biofilm formation incubated for overnight by crystal violet staining based microtiter plate assay,F,,,BAO_0000190,BAO_0000218,organism-based format,CC[C@H](C)[C@H](NC(=O)[C@H](CCCN)NC(=O)[C@@H](NC(=O)[C@H](CCCN)NC(=O)[C@@H](NC(=O)[C@@H](NC(=O)[C@H](CC(C)C)NC(=O)[C@H](CCCN)NC(=O)[C@@H](N)C(C)C)[C@@H](C)CC)C(C)C)C(C)C)C(=O)N[C@@H](Cc1c[nH]c2ccccc12)C(=O)N[C@@H](CCCN)C(=O)N[C@@H](CCCN)C(N)=O,,,CHEMBL4376833,J Med Chem,2019,,CHEMBL4449558,,CHEMBL4449558,4.5,0,http://www.openphacts.org/units/Nanomolar,3195608,=,1,1,=,,IC50,nM,,32000.0,CHEMBL352,Staphylococcus aureus,Staphylococcus aureus,1280,,,IC50,uM,UO_0000065,,32.0,32000.0,4.494850021680094
781,,,6306943,[],CHEMBL1815005,Antimicrobial activity against Salmonella Typhimurium ATCC 14028 assessed as inhibition of biofilm formation after 24 hrs by spectrophotometry,F,,,BAO_0000190,BAO_0000218,organism-based format,CC(C)CN1c2nccc[n+]2C[C@@]1(O)c1ccc(Br)cc1.[Br-],,,CHEMBL1811868,Bioorg Med Chem,2011,,CHEMBL1814041,,CHEMBL1851896,5.28,0,http://www.openphacts.org/units/Nanomolar,1448547,=,1,1,=,,IC50,nM,,5200.0,CHEMBL351,Salmonella enterica subsp. enterica serovar Typhimurium,Salmonella typhimurium,90371,,,IC50,uM,UO_0000065,,5.2,5200.0,5.2839966563652006
6565,,,22906023,"[{'comments': None, 'relation': '=', 'result_flag': 0, 'standard_relation': '=', 'standard_text_value': None, 'standard_type': 'TIME', 'standard_units': 'hr', 'standard_value': '24.0', 'text_value': None, 'type': 'Time', 'units': 'hrs', 'value': '24.0'}]",CHEMBL4733175,Antibiofilm activity against Escherichia coli ATCC 25922 after 24 hrs by crystal violet staining based assay,F,,,BAO_0000179,BAO_0000218,organism-based format,Cn1cc(C(=O)c2nc(-c3cn(C)c4ccccc34)no2)c2ccccc21,,,CHEMBL4732050,Eur J Med Chem,2021,,CHEMBL4755509,,CHEMBL4755509,,0,http://www.openphacts.org/units/Micromolar,3556000,=,1,0,=,,MBIC50,uM,,72.1,CHEMBL354,Escherichia coli,Escherichia coli,562,,,MBIC50,uM,UO_0000064,,72.1,72100.0,4.142064735280571
8110,,,24898344,"[{'comments': None, 'relation': '=', 'result_flag': 0, 'standard_relation': '=', 'standard_text_value': None, 'standard_type': 'TIME', 'standard_units': 'hr', 'standard_value': '24.0', 'text_value': None, 'type': 'Time', 'units': 'hrs', 'value': '24.0'}]",CHEMBL5159907,Antibiofilm activity against Salmonella typhimurium ATCC 14028 assessed as inhibition of biofilm formation incubated for 24 hrs by crystal violet staining based spectrophotometry,F,,,BAO_0000190,BAO_0000218,organism-based format,CN(Cc1ccsc1)CC1CCN(Cc2ccccc2Cl)CC1,,,CHEMBL5154764,Eur J Med Chem,2022,,CHEMBL5198533,,CHEMBL5198533,5.57,0,http://www.openphacts.org/units/Nanomolar,3891406,=,1,1,=,,IC50,nM,,2700.0,CHEMBL351,Salmonella enterica subsp. enterica serovar Typhimurium,Salmonella typhimurium,90371,,,IC50,uM,UO_0000065,,2.7,2700.0,5.568636235841012
8118,,,24898352,"[{'comments': None, 'relation': '=', 'result_flag': 0, 'standard_relation': '=', 'standard_text_value': None, 'standard_type': 'TIME', 'standard_units': 'hr', 'standard_value': '24.0', 'text_value': None, 'type': 'Time', 'units': 'hrs', 'value': '24.0'}]",CHEMBL5159907,Antibiofilm activity against Salmonella typhimurium ATCC 14028 assessed as inhibition of biofilm formation incubated for 24 hrs by crystal violet staining based spectrophotometry,F,,,BAO_0000190,BAO_0000218,organism-based format,CN(Cc1ccsc1)CC1CCN(CCc2ccc(Br)c(Br)c2)CC1,,,CHEMBL5154764,Eur J Med Chem,2022,,CHEMBL5184097,,CHEMBL5184097,5.77,0,http://www.openphacts.org/units/Nanomolar,3891414,=,1,1,=,,IC50,nM,,1700.0,CHEMBL351,Salmonella enterica subsp. enterica serovar Typhimurium,Salmonella typhimurium,90371,,,IC50,uM,UO_0000065,,1.7,1700.0,5.769551078621726
9364,,,25722583,"[{'comments': None, 'relation': '=', 'result_flag': 0, 'standard_relation': '=', 'standard_text_value': None, 'standard_type': 'DOSE_Lower', 'standard_units': 'microg/ml', 'standard_value': '1.56', 'text_value': None, 'type': 'DOSE_Lower', 'units': 'microg/ml', 'value': '1.56'}, {'comments': None, 'relation': '=', 'result_flag': 0, 'standard_relation': '=', 'standard_text_value': None, 'standard_type': 'DOSE_Upper', 'standard_units': 'microg/ml', 'standard_value': '100.0', 'text_value': None, 'type': 'DOSE_Upper', 'units': 'microg/ml', 'value': '100.0'}, {'comments': None, 'relation': '=', 'result_flag': 0, 'standard_relation': '=', 'standard_text_value': None, 'standard_type': 'TIME', 'standard_units': 'hr', 'standard_value': '24.0', 'text_value': None, 'type': 'TIME', 'units': 'hrs', 'value': '24.0'}]",CHEMBL5391156,Antibiofilm activity against methicillin-susceptible Staphylococcus aureus ATCC 29213 assessed as inhibition of biofilm formation incubated for 24 hrs by crystal violet staining based analysis,F,,,BAO_0000179,BAO_0000218,organism-based format,COc1cccc2nn3cc(C4=Nc5ccccc5C4(C)C)cnc3c12,,,CHEMBL5390226,Bioorg Med Chem,2023,,CHEMBL5413038,,CHEMBL5413038,,0,http://www.openphacts.org/units/MicrogramPerMilliliter,4010191,=,1,0,=,,MBIC50,ug ml-1,,50.0,CHEMBL352,Staphylococcus aureus,Staphylococcus aureus,1280,,,MBIC50,ug ml-1,UO_0000274,,50.0,146027.18442065167,3.835566288428522
176,,,3469114,[],CHEMBL1252263,Antimicrobial activity against Salmonella Typhimurium ATCC 14028 assessed as inhibition of biofilm formation after 48 hrs using crystal violet staining by microtiter plate assay,F,,,BAO_0000190,BAO_0000218,organism-based format,CC(=O)OC(C)C1=CC(=C(Br)Br)OC1=O,Outside typical range,"Values for this activity type are unusually large/small, so may not be accurate",CHEMBL1250426,Bioorg Med Chem,2010,,CHEMBL1253387,,CHEMBL1253387,,0,http://www.openphacts.org/units/Nanomolar,955273,=,1,1,=,,IC50,nM,,161600.0,CHEMBL351,Salmonella enterica subsp. enterica serovar Typhimurium,Salmonella typhimurium,90371,,,IC50,uM,UO_0000065,,161.6,161600.0,3.791558643561433
3552,,,18570346,[],CHEMBL4220815,Antibiofilm activity against Staphylococcus aureus SH1000 after 48 hrs by crystal violet staining based assay,F,,,BAO_0000190,BAO_0000218,organism-based format,Fc1ccc(-c2cnc(NCCCCCCCCNc3ncc(-c4ccc(F)cc4)[nH]3)[nH]2)cc1,Outside typical range,"Values for this activity type are unusually large/small, so may not be accurate",CHEMBL4219072,Bioorg Med Chem,2018,,CHEMBL4225634,,CHEMBL4225634,,0,http://www.openphacts.org/units/Nanomolar,3083443,=,1,1,=,,IC50,nM,,371500.0,CHEMBL352,Staphylococcus aureus,Staphylococcus aureus,1280,,,IC50,uM,UO_0000065,,371.5,371500.0,3.4300411819034062
3371,,,18570165,[],CHEMBL4220812,Antibiofilm activity against Salmonella typhimurium ATCC 14028 after 24 hrs by crystal violet staining based assay,F,,,BAO_0000190,BAO_0000218,organism-based format,Nc1ncc(-c2ccccc2)n1CCCCCCCn1c(-c2ccccc2)cnc1N,,,CHEMBL4219072,Bioorg Med Chem,2018,,CHEMBL4228498,,CHEMBL4228498,5.43,0,http://www.openphacts.org/units/Nanomolar,3083411,=,1,1,=,,IC50,nM,,3700.0,CHEMBL351,Salmonella enterica subsp. enterica serovar Typhimurium,Salmonella typhimurium,90371,,,IC50,uM,UO_0000065,,3.7,3700.0,5.431798275933005
342,,,5190434,[],CHEMBL1663615,Antibiofilm activity in Salmonella Typhimurium ATCC 14028 assessed as inhibition of biofilm formation at 25 degC after 24 hrs,F,,,BAO_0000190,BAO_0000218,organism-based format,CC(C)C[n+]1c(-c2ccc([N+](=O)[O-])cc2)cn2cccnc21.[O-][Cl+3]([O-])([O-])[O-],Outside typical range,"Values for this activity type are unusually large/small, so may not be accurate",CHEMBL1649413,J Med Chem,2011,,CHEMBL1649877,,CHEMBL1739558,,0,http://www.openphacts.org/units/Nanomolar,1322156,=,1,1,=,,IC50,nM,,405200.0,CHEMBL351,Salmonella enterica subsp. enterica serovar Typhimurium,Salmonella typhimurium,90371,,,IC50,uM,UO_0000065,,405.2,405200.0,3.3923305633117575
780,,,6306942,[],CHEMBL1815005,Antimicrobial activity against Salmonella Typhimurium ATCC 14028 assessed as inhibition of biofilm formation after 24 hrs by spectrophotometry,F,,,BAO_0000190,BAO_0000218,organism-based format,CCCCCN1c2nccc[n+]2C[C@@]1(O)c1ccc(Br)cc1.[Br-],,,CHEMBL1811868,Bioorg Med Chem,2011,,CHEMBL1814042,,CHEMBL1852740,5.77,0,http://www.openphacts.org/units/Nanomolar,1448548,=,1,1,=,,IC50,nM,,1700.0,CHEMBL351,Salmonella enterica subsp. enterica serovar Typhimurium,Salmonella typhimurium,90371,,,IC50,uM,UO_0000065,,1.7,1700.0,5.769551078621726
5369,,,19241839,[],CHEMBL4399777,Antibiofilm activity against Staphylococcus aureus MLS-16 MTCC 2940 assessed as inhibition of biofilm formation by crystal violet staining-based microtitre plate assay,F,,,BAO_0000190,BAO_0000218,organism-based format,O=C(c1cn(-c2ccc(Cl)cc2)nn1)c1c(-c2ccccc2)nc2sccn12,,,CHEMBL4396937,Bioorg Med Chem Lett,2019,,CHEMBL4471932,,CHEMBL4471932,,0,http://www.openphacts.org/units/MicrogramPerMilliliter,3211945,=,1,1,=,,IC50,ug.mL-1,,10.63,CHEMBL352,Staphylococcus aureus,Staphylococcus aureus,1280,,,IC50,ug ml-1,UO_0000274,,10.63,26190.652179269226,4.581853686976397
6060,,,22446290,[],CHEMBL4679608,Antibiofilm activity against Streptococcus mutans UA159 assessed as inhibition of biofilm formation by serial dilution method,F,,,BAO_0000190,BAO_0000218,organism-based format,NC(=O)c1cccc(NC(=O)c2ccc3ccccc3n2)c1,Outside typical range,"Values for this activity type are unusually large/small, so may not be accurate",CHEMBL4673385,ACS Med Chem Lett,2021,,CHEMBL4760078,,CHEMBL4760078,,0,http://www.openphacts.org/units/Nanomolar,3517933,=,1,1,=,,IC50,nM,,111000.0,CHEMBL612426,Streptococcus mutans,Streptococcus mutans,1309,,,IC50,uM,UO_0000065,,111.0,111000.0,3.9546770212133424
6529,,,22905987,"[{'comments': None, 'relation': '=', 'result_flag': 0, 'standard_relation': '=', 'standard_text_value': None, 'standard_type': 'TIME', 'standard_units': 'hr', 'standard_value': '24.0', 'text_value': None, 'type': 'Time', 'units': 'hrs', 'value': '24.0'}]",CHEMBL4733171,Antibiofilm activity against Staphylococcus aureus ATCC 6538 after 24 hrs by crystal violet staining based assay,F,,,BAO_0000179,BAO_0000218,organism-based format,Cn1cc(C(=O)c2nc(-c3cn(C)c4ccccc34)no2)c2ccccc21,,,CHEMBL4732050,Eur J Med Chem,2021,,CHEMBL4755509,,CHEMBL4755509,,0,http://www.openphacts.org/units/Micromolar,3556000,=,1,0,=,,MBIC50,uM,,53.6,CHEMBL352,Staphylococcus aureus,Staphylococcus aureus,1280,,,MBIC50,uM,UO_0000064,,53.6,53600.0,4.27083521030723
662,,,6304700,[],CHEMBL1815005,Antimicrobial activity against Salmonella Typhimurium ATCC 14028 assessed as inhibition of biofilm formation after 24 hrs by spectrophotometry,F,,,BAO_0000190,BAO_0000218,organism-based format,CNc1ncc(-c2ccc([N+](=O)[O-])cc2)[nH]1,Outside typical range,"Values for this activity type are unusually large/small, so may not be accurate",CHEMBL1811868,Bioorg Med Chem,2011,,CHEMBL1814244,,CHEMBL1814244,,0,http://www.openphacts.org/units/Nanomolar,1448785,=,1,1,=,,IC50,nM,,170400.0,CHEMBL351,Salmonella enterica subsp. enterica serovar Typhimurium,Salmonella typhimurium,90371,,,IC50,uM,UO_0000065,,170.4,170400.0,3.768530409569319
3714,,,18730783,[],CHEMBL4260145,Antibiofilm activity against Salmonella typhimurium ATCC 14028 after 24 hrs by crystal violet staining based assay,F,,,BAO_0000190,BAO_0000218,organism-based format,CCCCCc1ccc(C(=O)Nc2ccc3c(c2)nc(N)n3CC(C)C)cc1.Cl,,,CHEMBL4257552,Medchemcomm,2018,,CHEMBL4287564,,CHEMBL4302283,5.0,0,http://www.openphacts.org/units/Nanomolar,3111820,=,1,1,=,,IC50,nM,,10000.0,CHEMBL351,Salmonella enterica subsp. enterica serovar Typhimurium,Salmonella typhimurium,90371,,,IC50,uM,UO_0000065,15.0,10.0,10000.0,5.0
2495,,,16603729,[],CHEMBL3813334,Antibiofilm activity against Klebsiella planticola MTCC 530 after 24 hrs by crystal violet staining based assay,F,,,BAO_0000190,BAO_0000218,organism-based format,CN(C)C(=O)c1ccc(-c2cc(C3=C(N4CC4)C(=O)C=C(N4CC4)C3=O)no2)s1,,,CHEMBL3808371,Eur J Med Chem,2016,,CHEMBL3809785,,CHEMBL3809785,5.21,0,http://www.openphacts.org/units/Nanomolar,2778939,=,1,1,=,,IC50,nM,,6100.0,CHEMBL613271,Raoultella planticola,Raoultella planticola,575,,,IC50,uM,UO_0000065,,6.1,6100.0,5.214670164989233
8166,,,24898400,"[{'comments': None, 'relation': '=', 'result_flag': 0, 'standard_relation': '=', 'standard_text_value': None, 'standard_type': 'TIME', 'standard_units': 'hr', 'standard_value': '24.0', 'text_value': None, 'type': 'Time', 'units': 'hrs', 'value': '24.0'}]",CHEMBL5159908,Antibiofilm activity against Salmonella typhimurium ATCC 14028 assessed as biofilm dispersal effect incubated for 24 hrs by crystal violet staining based spectrophotometry,F,,,BAO_0000188,BAO_0000218,organism-based format,CN(Cc1ccsc1)CC1CCN(CCCc2ccccc2F)CC1,Outside typical range,"Values for this activity type are unusually large/small, so may not be accurate",CHEMBL5154764,Eur J Med Chem,2022,,CHEMBL5173030,,CHEMBL5173030,,0,http://www.openphacts.org/units/Nanomolar,3891408,=,1,1,=,,EC50,nM,,221000.0,CHEMBL351,Salmonella enterica subsp. enterica serovar Typhimurium,Salmonella typhimurium,90371,,,EC50,uM,UO_0000065,,221.0,221000.0,3.655607726314889
238,,,5190330,[],CHEMBL1663615,Antibiofilm activity in Salmonella Typhimurium ATCC 14028 assessed as inhibition of biofilm formation at 25 degC after 24 hrs,F,,,BAO_0000190,BAO_0000218,organism-based format,COc1ccc(-c2cnc(N)[nH]2)cc1,Outside typical range,"Values for this activity type are unusually large/small, so may not be accurate",CHEMBL1649413,J Med Chem,2011,,CHEMBL1649776,,CHEMBL1649776,,0,http://www.openphacts.org/units/Nanomolar,1322052,=,1,1,=,,IC50,nM,,119700.0,CHEMBL351,Salmonella enterica subsp. enterica serovar Typhimurium,Salmonella typhimurium,90371,,,IC50,uM,UO_0000065,,119.7,119700.0,3.921905849593589
3537,,,18570331,[],CHEMBL4220815,Antibiofilm activity against Staphylococcus aureus SH1000 after 48 hrs by crystal violet staining based assay,F,,,BAO_0000190,BAO_0000218,organism-based format,Nc1ncc(-c2ccc(Cl)cc2)n1CCCCn1c(-c2ccc(Cl)cc2)cnc1N,Outside typical range,"Values for this activity type are unusually large/small, so may not be accurate",CHEMBL4219072,Bioorg Med Chem,2018,,CHEMBL4226895,,CHEMBL4226895,,0,http://www.openphacts.org/units/Nanomolar,3083428,=,1,1,=,,IC50,nM,,180000.0,CHEMBL352,Staphylococcus aureus,Staphylococcus aureus,1280,,,IC50,uM,UO_0000065,,180.0,180000.0,3.7447274948966935
327,,,5190419,[],CHEMBL1663615,Antibiofilm activity in Salmonella Typhimurium ATCC 14028 assessed as inhibition of biofilm formation at 25 degC after 24 hrs,F,,,BAO_0000190,BAO_0000218,organism-based format,Nc1ncc(-c2ccc(-c3ccccc3)cc2)n1C1CCCCCCC1,,,CHEMBL1649413,J Med Chem,2011,,CHEMBL1649862,,CHEMBL1649862,4.64,0,http://www.openphacts.org/units/Nanomolar,1322141,=,1,1,=,,IC50,nM,,22900.0,CHEMBL351,Salmonella enterica subsp. enterica serovar Typhimurium,Salmonella typhimurium,90371,,,IC50,uM,UO_0000065,,22.9,22900.0,4.640164517660112
1676,,,14541442,[],CHEMBL3227446,Antimicrobial activity against methicillin-resistant Staphylococcus aureus ATCC 43300 assessed as inhibition of biofilm formation after 24 hrs by crystal violet staining-based microscopy,F,,,BAO_0000190,BAO_0000218,organism-based format,CCCCCc1ccc(C(=O)Nc2ccc3[nH]c(N)nc3c2)cc1,,,CHEMBL3217587,Medchemcomm,2012,,CHEMBL1198184,,CHEMBL1198184,4.86,0,http://www.openphacts.org/units/Nanomolar,2072393,=,1,1,=,,IC50,nM,,13900.0,CHEMBL352,Staphylococcus aureus,Staphylococcus aureus,1280,,,IC50,uM,UO_0000065,,13.9,13900.0,4.856985199745905
275,,,5190367,[],CHEMBL1663615,Antibiofilm activity in Salmonella Typhimurium ATCC 14028 assessed as inhibition of biofilm formation at 25 degC after 24 hrs,F,,,BAO_0000190,BAO_0000218,organism-based format,CCCCCCCCCCCCCn1c(-c2ccc(Cl)cc2)cnc1N,,,CHEMBL1649413,J Med Chem,2011,,CHEMBL1649811,,CHEMBL1649811,4.71,0,http://www.openphacts.org/units/Nanomolar,1322089,=,1,1,=,,IC50,nM,,19500.0,CHEMBL351,Salmonella enterica subsp. enterica serovar Typhimurium,Salmonella typhimurium,90371,,,IC50,uM,UO_0000065,,19.5,19500.0,4.709965388637482
2040,,,15178591,[],CHEMBL3405141,Antimicrobial activity against Bacillus subtilis MTCC 121 assessed as inhibition of biofilm formation after 24 hrs,F,,,BAO_0000190,BAO_0000218,organism-based format,CC[C@H]1OC(=O)[C@H](C)[C@@H](O[C@H]2C[C@@](C)(OC)[C@@H](O)[C@H](C)O2)[C@H](C)[C@@H](O[C@@H]2O[C@H](C)C[C@H](N(C)C)[C@H]2O)[C@](C)(O)C[C@@H](C)C(=O)[C@H](C)[C@@H](O)[C@]1(C)O,,,CHEMBL3400018,Bioorg Med Chem Lett,2015,,CHEMBL532,ERYTHROMYCIN,CHEMBL532,,0,http://www.openphacts.org/units/MicrogramPerMilliliter,2283232,=,1,1,=,,IC50,ug.mL-1,,0.19,CHEMBL359,Bacillus subtilis,Bacillus subtilis,1423,,,IC50,ug ml-1,UO_0000274,,0.19,258.877805588218,6.586905181406539
3398,,,18570192,[],CHEMBL4220812,Antibiofilm activity against Salmonella typhimurium ATCC 14028 after 24 hrs by crystal violet staining based assay,F,,,BAO_0000190,BAO_0000218,organism-based format,c1ccc(-c2cnc(NCCCCNc3ncc(-c4ccccc4)[nH]3)[nH]2)cc1,,,CHEMBL4219072,Bioorg Med Chem,2018,,CHEMBL4225379,,CHEMBL4225379,5.11,0,http://www.openphacts.org/units/Nanomolar,3083441,=,1,1,=,,IC50,nM,,7700.0,CHEMBL351,Salmonella enterica subsp. enterica serovar Typhimurium,Salmonella typhimurium,90371,,,IC50,uM,UO_0000065,,7.7,7700.0,5.113509274827518
3703,,,18730772,[],CHEMBL4260145,Antibiofilm activity against Salmonella typhimurium ATCC 14028 after 24 hrs by crystal violet staining based assay,F,,,BAO_0000190,BAO_0000218,organism-based format,CCCCCCCCCCCCn1c(N)nc2cc(NC(=O)c3ccc(CCCCC)cc3)ccc21.Cl,,,CHEMBL4257552,Medchemcomm,2018,,CHEMBL3218055,,CHEMBL3304154,4.7,0,http://www.openphacts.org/units/Nanomolar,3111831,=,1,1,=,,IC50,nM,,20000.0,CHEMBL351,Salmonella enterica subsp. enterica serovar Typhimurium,Salmonella typhimurium,90371,,,IC50,uM,UO_0000065,40.0,20.0,20000.0,4.698970004336019
2450,,,16531892,[],CHEMBL3791790,Antibiofilm activity against Bacillus subtilis MTCC 121 after 24 hrs by crystal violet staining based assay,F,,,BAO_0000190,BAO_0000218,organism-based format,CCCCCCNCCCCCCCCCCC(=O)OC,,,CHEMBL3784971,Bioorg Med Chem Lett,2016,,CHEMBL3786909,,CHEMBL3786909,,0,http://www.openphacts.org/units/MicrogramPerMilliliter,2768094,=,1,1,=,,IC50,ug.mL-1,,4.2,CHEMBL359,Bacillus subtilis,Bacillus subtilis,1423,,,IC50,ug ml-1,UO_0000274,,4.2,14023.419109913557,4.853146086259961
3488,,,18570282,[],CHEMBL4220814,Antibiofilm activity against Escherichia coli TG1 after 24 hrs by crystal violet staining based assay,F,,,BAO_0000190,BAO_0000218,organism-based format,Nc1ncc(-c2ccc(Br)cc2)n1CCCCCCCCn1c(-c2ccc(Br)cc2)cnc1N,,,CHEMBL4219072,Bioorg Med Chem,2018,,CHEMBL4228267,,CHEMBL4228267,6.1,0,http://www.openphacts.org/units/Nanomolar,3083431,=,1,1,=,,IC50,nM,,800.0,CHEMBL354,Escherichia coli,Escherichia coli,562,,,IC50,uM,UO_0000065,,0.8,800.0,6.096910013008056
4166,,,18955403,[],CHEMBL4332306,Anti-biofilm activity against Pseudoalteromonas ulvae TC14 assessed as inhibition of bacterial adhesion incubated for 15 hrs at 20 degC by Syto 61 dye based fluorescence assay,F,,,BAO_0000188,BAO_0000218,organism-based format,Oc1ccc(CCn2cc(COCc3cn(CCc4ccc(O)c(Br)c4)nn3)nn2)cc1Br,Outside typical range,"Values for this activity type are unusually large/small, so may not be accurate",CHEMBL4330109,Bioorg Med Chem Lett,2019,,CHEMBL4560327,,CHEMBL4560327,,0,http://www.openphacts.org/units/Nanomolar,3162273,=,1,1,=,,EC50,nM,,127100.0,CHEMBL4296595,Pseudoalteromonas ulvae,Pseudoalteromonas ulvae,107327,,,EC50,uM,UO_0000065,,127.1,127100.0,3.8958544494459915
2453,,,16531895,[],CHEMBL3791790,Antibiofilm activity against Bacillus subtilis MTCC 121 after 24 hrs by crystal violet staining based assay,F,,,BAO_0000190,BAO_0000218,organism-based format,CCCCCC[N+](C)(CCCCCCCCCCC(=O)OC)CCCCCCCCCCC(=O)OC.[Cl-],,,CHEMBL3784971,Bioorg Med Chem Lett,2016,,CHEMBL3785860,,CHEMBL3787739,,0,http://www.openphacts.org/units/MicrogramPerMilliliter,2768105,=,1,1,=,,IC50,ug.mL-1,,4.1,CHEMBL359,Bacillus subtilis,Bacillus subtilis,1423,,,IC50,ug ml-1,UO_0000274,,4.1,7477.753682793682,5.126228844606425
4995,,,19127342,[],CHEMBL4374185,Antibiofilm activity against Mycobacterium smegmatis str. MC2 155 ATCC 700084 after 48 hrs by crystal violet staining based reporter assay,F,,,BAO_0000190,BAO_0000218,organism-based format,CCS(=O)(=O)Nc1ccc2nc(N)ncc2c1.Cl,,,CHEMBL4373648,Medchemcomm,2019,,CHEMBL4533722,,CHEMBL4595702,4.47,0,http://www.openphacts.org/units/Nanomolar,3192235,=,1,1,=,,IC50,nM,,34000.0,CHEMBL613088,Mycolicibacterium smegmatis,Mycolicibacterium smegmatis,1772,,,IC50,uM,UO_0000065,,34.0,34000.0,4.468521082957745
3329,,,18552662,[],CHEMBL4199792,Inhibition of biofilm formation in methicillin-resistant Staphylococcus aureus ATCC 43300 after 24 hrs by crystal violet staining based method,F,,,BAO_0000190,BAO_0000218,organism-based format,CCn1cc(-c2ccnc(N)n2)c2cc(Br)ccc21.Cl,,,CHEMBL4196121,ACS Med Chem Lett,2018,,CHEMBL4217358,,CHEMBL4300612,4.18,0,http://www.openphacts.org/units/Nanomolar,3080282,=,1,1,=,,IC50,nM,,66200.0,CHEMBL352,Staphylococcus aureus,Staphylococcus aureus,1280,,,IC50,uM,UO_0000065,,66.2,66200.0,4.1791420105603
117,,,3347296,[],CHEMBL1174679,Antibacterial activity against Streptococcus mutans ATCC 25175 assessed as inhibition of biofilm formation after 18 hrs,F,,,BAO_0000179,BAO_0000218,organism-based format,COc1ccc(/C=C/[C@@](C)(/C=C/c2ccc(O)cc2)CCC=C(C)C)cc1CO,,,CHEMBL1177882,Eur J Med Chem,2010,,CHEMBL1172309,,CHEMBL1172309,,0,http://www.openphacts.org/units/MicrogramPerMilliliter,923406,=,1,0,=,,MBIC50,ug ml-1,,8.0,CHEMBL612426,Streptococcus mutans,Streptococcus mutans,1309,,,MBIC50,ug ml-1,UO_0000274,,8.0,20380.140572019583,4.690792824773073
3706,,,18730775,[],CHEMBL4260145,Antibiofilm activity against Salmonella typhimurium ATCC 14028 after 24 hrs by crystal violet staining based assay,F,,,BAO_0000190,BAO_0000218,organism-based format,CCCCCc1ccc(C(=O)Nc2ccc3c(c2)nc(N)n3C(C)C)cc1.Cl,,,CHEMBL4257552,Medchemcomm,2018,,CHEMBL3218051,,CHEMBL3301751,4.7,0,http://www.openphacts.org/units/Nanomolar,3111828,=,1,1,=,,IC50,nM,,20000.0,CHEMBL351,Salmonella enterica subsp. enterica serovar Typhimurium,Salmonella typhimurium,90371,,,IC50,uM,UO_0000065,40.0,20.0,20000.0,4.698970004336019
3517,,,18570311,[],CHEMBL4220814,Antibiofilm activity against Escherichia coli TG1 after 24 hrs by crystal violet staining based assay,F,,,BAO_0000190,BAO_0000218,organism-based format,Brc1ccc(-c2cnc(NCCCNc3ncc(-c4ccc(Br)cc4)[nH]3)[nH]2)cc1,,,CHEMBL4219072,Bioorg Med Chem,2018,,CHEMBL4226291,,CHEMBL4226291,5.39,0,http://www.openphacts.org/units/Nanomolar,3083460,=,1,1,=,,IC50,nM,,4100.0,CHEMBL354,Escherichia coli,Escherichia coli,562,,,IC50,uM,UO_0000065,,4.1,4100.0,5.3872161432802645
1968,,,15125524,[],CHEMBL3381973,Anti-biofilm activity against Bacillus subtilis MTCC 121 assessed as inhibition of biofilm formation incubated for 24 hrs by crystal violet staining based modified biofilm inhibition assay,F,,,BAO_0000190,BAO_0000218,organism-based format,CCCCCCC(C/C=C\CCCCCCCC(=O)OC)/N=C\C=C\c1ccc(N(C)C)cc1,,,CHEMBL3351415,Bioorg Med Chem Lett,2014,,CHEMBL3337787,,CHEMBL3337787,4.66,0,http://www.openphacts.org/units/Nanomolar,2272910,=,1,1,=,,IC50,nM,,21700.0,CHEMBL359,Bacillus subtilis,Bacillus subtilis,1423,,,IC50,uM,UO_0000065,,21.7,21700.0,4.663540266151471
2700,,,16638889,[],CHEMBL3826208,Inhibition of biofilm formation of Streptococcus mutans UA159 after 16 hrs by crystal violet staining based serial dilution method,F,,,BAO_0000190,BAO_0000218,organism-based format,COc1cc(/C=C/C(=O)c2ccccc2O)ccc1O,,,CHEMBL3822431,Bioorg Med Chem Lett,2016,,CHEMBL130640,,CHEMBL130640,4.21,0,http://www.openphacts.org/units/Nanomolar,2785922,=,1,1,=,,IC50,nM,,61000.0,CHEMBL612426,Streptococcus mutans,Streptococcus mutans,1309,,,IC50,uM,UO_0000065,,61.0,61000.0,4.214670164989233
310,,,5190402,[],CHEMBL1663615,Antibiofilm activity in Salmonella Typhimurium ATCC 14028 assessed as inhibition of biofilm formation at 25 degC after 24 hrs,F,,,BAO_0000190,BAO_0000218,organism-based format,Nc1ncc(-c2ccccc2)n1C1CC1,,,CHEMBL1649413,J Med Chem,2011,,CHEMBL1649846,,CHEMBL1649846,4.05,0,http://www.openphacts.org/units/Nanomolar,1322124,=,1,1,=,,IC50,nM,,89600.0,CHEMBL351,Salmonella enterica subsp. enterica serovar Typhimurium,Salmonella typhimurium,90371,,,IC50,uM,UO_0000065,,89.6,89600.0,4.047691990337875
3776,,,18781246,[],CHEMBL4270107,Antibiofilm activity against Staphylococcus aureus Rosenbach ATCC 25923 after 24 hrs by crystal-violet based UV-Vis spectroscopy,F,,,BAO_0000188,BAO_0000218,organism-based format,CN[C@H](CC(C)C)C(=O)N[C@H]1C(=O)N[C@@H](CC(N)=O)C(=O)N[C@H]2C(=O)N[C@H]3C(=O)N[C@H](C(=O)N[C@H](C(=O)O)c4cc(O)cc(O)c4-c4cc3ccc4O)[C@H](O)c3ccc(c(Cl)c3)Oc3cc2cc(c3O[C@@H]2O[C@H](CO)[C@@H](O)[C@H](O)[C@H]2O[C@H]2C[C@](C)(N)[C@H](O)[C@H](C)O2)Oc2ccc(cc2Cl)[C@H]1O,,,CHEMBL4266041,J Med Chem,2018,,CHEMBL262777,VANCOMYCIN,CHEMBL262777,6.27,0,http://www.openphacts.org/units/Nanomolar,3120690,=,1,1,=,,EC50,nM,,540.0,CHEMBL352,Staphylococcus aureus,Staphylococcus aureus,1280,,,EC50,uM,UO_0000065,,0.54,540.0,6.267606240177031
3565,,,18570359,[],CHEMBL4220815,Antibiofilm activity against Staphylococcus aureus SH1000 after 48 hrs by crystal violet staining based assay,F,,,BAO_0000190,BAO_0000218,organism-based format,Brc1ccc(-c2cnc(NCCCCCCCNc3ncc(-c4ccc(Br)cc4)[nH]3)[nH]2)cc1,Outside typical range,"Values for this activity type are unusually large/small, so may not be accurate",CHEMBL4219072,Bioorg Med Chem,2018,,CHEMBL4224919,,CHEMBL4224919,,0,http://www.openphacts.org/units/Nanomolar,3083456,=,1,1,=,,IC50,nM,,300000.0,CHEMBL352,Staphylococcus aureus,Staphylococcus aureus,1280,,,IC50,uM,UO_0000065,,300.0,300000.0,3.5228787452803374
7700,,,24824014,"[{'comments': None, 'relation': '=', 'result_flag': 0, 'standard_relation': '=', 'standard_text_value': None, 'standard_type': 'TIME', 'standard_units': 'hr', 'standard_value': '22.0', 'text_value': None, 'type': 'Time', 'units': 'hrs', 'value': '22.0'}]",CHEMBL5140867,Antibiofilm activity against methicillin-sensitive Staphylococcus aureus UAMS-1 measured after 22 hrs by crystal violet staining based assay,F,,,BAO_0000179,BAO_0000218,organism-based format,O=c1oc2c(O)c(O)cc3c(=O)oc4c(O)c(O)cc1c4c23,,,CHEMBL5137057,J Med Chem,2022,,CHEMBL6246,ELLAGIC ACID,CHEMBL6246,,0,http://www.openphacts.org/units/MicrogramPerMilliliter,3876866,=,1,0,=,,MBIC50,ug ml-1,,128.0,CHEMBL352,Staphylococcus aureus,Staphylococcus aureus,1280,,,MBIC50,ug ml-1,UO_0000274,,128.0,423568.96563134936,3.373075867612717
1765,,,14667340,[],CHEMBL3268490,Antimicrobial activity against methicillin-resistant Staphylococcus aureus 25762 assessed as inhibition of biofilm formation after 48 hrs by crystal violet staining-based spectrophotometry,F,,,BAO_0000179,BAO_0000218,organism-based format,Cl.Nc1nc(-c2ccc(NC(=O)c3cc4cc(F)ccc4[nH]3)cc2)c[nH]1,,,CHEMBL3259692,Bioorg Med Chem Lett,2014,,CHEMBL3261445,,CHEMBL3302231,,0,http://www.openphacts.org/units/Micromolar,2099985,=,1,0,=,,MBIC50,uM,,60.0,CHEMBL352,Staphylococcus aureus,Staphylococcus aureus,1280,,,MBIC50,uM,UO_0000064,,60.0,60000.0,4.221848749616356
303,,,5190395,[],CHEMBL1663615,Antibiofilm activity in Salmonella Typhimurium ATCC 14028 assessed as inhibition of biofilm formation at 25 degC after 24 hrs,F,,,BAO_0000190,BAO_0000218,organism-based format,CCCCCCCCn1c(-c2ccc(OC)cc2)cnc1N,,,CHEMBL1649413,J Med Chem,2011,,CHEMBL1649839,,CHEMBL1649839,5.07,0,http://www.openphacts.org/units/Nanomolar,1322117,=,1,1,=,,IC50,nM,,8500.0,CHEMBL351,Salmonella enterica subsp. enterica serovar Typhimurium,Salmonella typhimurium,90371,,,IC50,uM,UO_0000065,,8.5,8500.0,5.070581074285707
1691,,,14541457,[],CHEMBL3227446,Antimicrobial activity against methicillin-resistant Staphylococcus aureus ATCC 43300 assessed as inhibition of biofilm formation after 24 hrs by crystal violet staining-based microscopy,F,,,BAO_0000190,BAO_0000218,organism-based format,CCCCCc1ccc(C(=O)Nc2ccc3c(c2)nc(N)n3CCc2ccc3ccccc3c2)cc1.Cl,,,CHEMBL3217587,Medchemcomm,2012,,CHEMBL3218064,,CHEMBL3304341,5.24,0,http://www.openphacts.org/units/Nanomolar,2072408,=,1,1,=,,IC50,nM,,5700.0,CHEMBL352,Staphylococcus aureus,Staphylococcus aureus,1280,,,IC50,uM,UO_0000065,,5.7,5700.0,5.2441251443275085
2349,,,16484498,[],CHEMBL3773158,Antibiofilm activity against Escherichia coli DH52 after 24 hrs by crystal violet staining-based plate reader assay,F,,,BAO_0000190,BAO_0000218,organism-based format,O=C(O)c1cn(C2CC2)c2cc(N3CCN(Cc4nc5ccccc5n4Cc4ccc(Cl)cc4Cl)CC3)c(F)cc2c1=O,,,CHEMBL3769303,Eur J Med Chem,2016,,CHEMBL3769531,,CHEMBL3769531,,0,http://www.openphacts.org/units/MicrogramPerMilliliter,2761084,=,1,1,=,,IC50,ug.mL-1,,0.25,CHEMBL354,Escherichia coli,Escherichia coli,562,,,IC50,ug ml-1,UO_0000274,,0.25,402.8930947346707,6.3948101760078195
3374,,,18570168,[],CHEMBL4220812,Antibiofilm activity against Salmonella typhimurium ATCC 14028 after 24 hrs by crystal violet staining based assay,F,,,BAO_0000190,BAO_0000218,organism-based format,Nc1ncc(-c2ccccc2)n1CCCCn1c(-c2ccccc2)cnc1N,,,CHEMBL4219072,Bioorg Med Chem,2018,,CHEMBL4227394,,CHEMBL4227394,4.87,0,http://www.openphacts.org/units/Nanomolar,3083414,=,1,1,=,,IC50,nM,,13500.0,CHEMBL351,Salmonella enterica subsp. enterica serovar Typhimurium,Salmonella typhimurium,90371,,,IC50,uM,UO_0000065,,13.5,13500.0,4.869666231504993
4189,,,18955426,[],CHEMBL4332306,Anti-biofilm activity against Pseudoalteromonas ulvae TC14 assessed as inhibition of bacterial adhesion incubated for 15 hrs at 20 degC by Syto 61 dye based fluorescence assay,F,,,BAO_0000188,BAO_0000218,organism-based format,CN(C)CCCOc1ccc(CCn2cc(-c3ccc(-c4cn(CCc5ccc(OCCCN(C)C)c(Br)c5)nn4)cc3)nn2)cc1Br,,,CHEMBL4330109,Bioorg Med Chem Lett,2019,,CHEMBL4452112,,CHEMBL4452112,6.4,0,http://www.openphacts.org/units/Nanomolar,3162296,=,1,1,=,,EC50,nM,,400.0,CHEMBL4296595,Pseudoalteromonas ulvae,Pseudoalteromonas ulvae,107327,,,EC50,uM,UO_0000065,,0.4,400.0,6.3979400086720375
263,,,5190355,[],CHEMBL1663615,Antibiofilm activity in Salmonella Typhimurium ATCC 14028 assessed as inhibition of biofilm formation at 25 degC after 24 hrs,F,,,BAO_0000190,BAO_0000218,organism-based format,CCCCCCCCCCCCCCn1c(-c2ccccc2)cnc1N,,,CHEMBL1649413,J Med Chem,2011,,CHEMBL1649800,,CHEMBL1649800,5.06,0,http://www.openphacts.org/units/Nanomolar,1322077,=,1,1,=,,IC50,nM,,8700.0,CHEMBL351,Salmonella enterica subsp. enterica serovar Typhimurium,Salmonella typhimurium,90371,,,IC50,uM,UO_0000065,,8.7,8700.0,5.060480747381382
582,,,6303255,[],CHEMBL1815005,Antimicrobial activity against Salmonella Typhimurium ATCC 14028 assessed as inhibition of biofilm formation after 24 hrs by spectrophotometry,F,,,BAO_0000190,BAO_0000218,organism-based format,c1ccc2c(-c3cnc(NCc4ccc5c(c4)OCO5)[nH]3)cccc2c1,Outside typical range,"Values for this activity type are unusually large/small, so may not be accurate",CHEMBL1811868,Bioorg Med Chem,2011,,CHEMBL1814383,,CHEMBL1814383,,0,http://www.openphacts.org/units/Nanomolar,1448980,=,1,1,=,,IC50,nM,,261000.0,CHEMBL351,Salmonella enterica subsp. enterica serovar Typhimurium,Salmonella typhimurium,90371,,,IC50,uM,UO_0000065,,261.0,261000.0,3.583359492661719
2028,,,15178576,[],CHEMBL3405141,Antimicrobial activity against Bacillus subtilis MTCC 121 assessed as inhibition of biofilm formation after 24 hrs,F,,,BAO_0000190,BAO_0000218,organism-based format,COc1ccc(C2=CC(c3oc(CO)cc(=O)c3O)c3ccccc3O2)cc1,,,CHEMBL3400018,Bioorg Med Chem Lett,2015,,CHEMBL3402106,,CHEMBL3402106,,0,http://www.openphacts.org/units/MicrogramPerMilliliter,2283220,=,1,1,=,,IC50,ug.mL-1,,10.2,CHEMBL359,Bacillus subtilis,Bacillus subtilis,1423,,,IC50,ug ml-1,UO_0000274,,10.2,26957.02732702574,4.569328001107403
6111,,,22446341,[],CHEMBL4679608,Antibiofilm activity against Streptococcus mutans UA159 assessed as inhibition of biofilm formation by serial dilution method,F,,,BAO_0000190,BAO_0000218,organism-based format,COC(=O)c1cccc(NC(=O)c2cc3cc([N+](=O)[O-])ccc3s2)c1,,,CHEMBL4673385,ACS Med Chem Lett,2021,,CHEMBL4741775,,CHEMBL4741775,4.26,0,http://www.openphacts.org/units/Nanomolar,3517882,=,1,1,=,,IC50,nM,,54400.0,CHEMBL612426,Streptococcus mutans,Streptococcus mutans,1309,,,IC50,uM,UO_0000065,,54.4,54400.0,4.26440110030182
6051,,,22446281,[],CHEMBL4679608,Antibiofilm activity against Streptococcus mutans UA159 assessed as inhibition of biofilm formation by serial dilution method,F,,,BAO_0000190,BAO_0000218,organism-based format,NC(=O)c1cccc(NC(=O)c2ccc3ccccc3c2)c1,Outside typical range,"Values for this activity type are unusually large/small, so may not be accurate",CHEMBL4673385,ACS Med Chem Lett,2021,,CHEMBL4777363,,CHEMBL4777363,,0,http://www.openphacts.org/units/Nanomolar,3517942,=,1,1,=,,IC50,nM,,240000.0,CHEMBL612426,Streptococcus mutans,Streptococcus mutans,1309,,,IC50,uM,UO_0000065,,240.0,240000.0,3.6197887582883936
247,,,5190339,[],CHEMBL1663615,Antibiofilm activity in Salmonella Typhimurium ATCC 14028 assessed as inhibition of biofilm formation at 25 degC after 24 hrs,F,,,BAO_0000190,BAO_0000218,organism-based format,Nc1nc(-c2ccc(Cl)cc2)c(-c2cc(F)cc(F)c2)[nH]1,,,CHEMBL1649413,J Med Chem,2011,,CHEMBL1649785,,CHEMBL1649785,4.14,0,http://www.openphacts.org/units/Nanomolar,1322061,=,1,1,=,,IC50,nM,,71800.0,CHEMBL351,Salmonella enterica subsp. enterica serovar Typhimurium,Salmonella typhimurium,90371,,,IC50,uM,UO_0000065,,71.8,71800.0,4.1438755557577
9347,,,25722566,"[{'comments': None, 'relation': '=', 'result_flag': 0, 'standard_relation': '=', 'standard_text_value': None, 'standard_type': 'DOSE_Lower', 'standard_units': 'microg/ml', 'standard_value': '1.56', 'text_value': None, 'type': 'DOSE_Lower', 'units': 'microg/ml', 'value': '1.56'}, {'comments': None, 'relation': '=', 'result_flag': 0, 'standard_relation': '=', 'standard_text_value': None, 'standard_type': 'DOSE_Upper', 'standard_units': 'microg/ml', 'standard_value': '100.0', 'text_value': None, 'type': 'DOSE_Upper', 'units': 'microg/ml', 'value': '100.0'}, {'comments': None, 'relation': '=', 'result_flag': 0, 'standard_relation': '=', 'standard_text_value': None, 'standard_type': 'TIME', 'standard_units': 'hr', 'standard_value': '24.0', 'text_value': None, 'type': 'TIME', 'units': 'hrs', 'value': '24.0'}]",CHEMBL5391156,Antibiofilm activity against methicillin-susceptible Staphylococcus aureus ATCC 29213 assessed as inhibition of biofilm formation incubated for 24 hrs by crystal violet staining based analysis,F,,,BAO_0000179,BAO_0000218,organism-based format,CC1(C)C(c2cnn(-c3ccccc3)c2)=Nc2ccc(C(=O)O)cc21,,,CHEMBL5390226,Bioorg Med Chem,2023,,CHEMBL5422908,,CHEMBL5422908,,0,http://www.openphacts.org/units/MicrogramPerMilliliter,4010174,=,1,0,=,,MBIC50,ug ml-1,,12.5,CHEMBL352,Staphylococcus aureus,Staphylococcus aureus,1280,,,MBIC50,ug ml-1,UO_0000274,,12.5,37721.61448509995,4.423409727733094
2236,,,16404115,[],CHEMBL3743206,Antibiofilm activity against Pseudoalteromonas ulvae TC14 assessed as reduction in adhesion after 15 hrs by Syto61 based-fluorescence analysis relative to control,F,,,BAO_0000188,BAO_0000019,assay format,O=C(NCCc1cc(Br)c(O)c(Br)c1)c1cn(CCc2cc(Br)c(O)c(Br)c2)nn1,,,CHEMBL3739258,Bioorg Med Chem Lett,2015,,CHEMBL3739688,,CHEMBL3739688,4.58,0,http://www.openphacts.org/units/Nanomolar,2737265,=,1,1,=,,EC50,nM,,26600.0,CHEMBL4296595,Pseudoalteromonas ulvae,Pseudoalteromonas ulvae,107327,,,EC50,uM,UO_0000065,,26.6,26600.0,4.575118363368933
5002,,,19127349,[],CHEMBL4374185,Antibiofilm activity against Mycobacterium smegmatis str. MC2 155 ATCC 700084 after 48 hrs by crystal violet staining based reporter assay,F,,,BAO_0000190,BAO_0000218,organism-based format,CCc1ccc(C(=O)Nc2ccc3nc(N)ncc3c2)cc1.Cl,,,CHEMBL4373648,Medchemcomm,2019,,CHEMBL4475505,,CHEMBL4596678,4.75,0,http://www.openphacts.org/units/Nanomolar,3192242,=,1,1,=,,IC50,nM,,18000.0,CHEMBL613088,Mycolicibacterium smegmatis,Mycolicibacterium smegmatis,1772,,,IC50,uM,UO_0000065,,18.0,18000.0,4.7447274948966935
3523,,,18570317,[],CHEMBL4220815,Antibiofilm activity against Staphylococcus aureus SH1000 after 48 hrs by crystal violet staining based assay,F,,,BAO_0000190,BAO_0000218,organism-based format,Nc1ncc(-c2ccccc2)n1CCCCn1c(-c2ccccc2)cnc1N,Outside typical range,"Values for this activity type are unusually large/small, so may not be accurate",CHEMBL4219072,Bioorg Med Chem,2018,,CHEMBL4227394,,CHEMBL4227394,,0,http://www.openphacts.org/units/Nanomolar,3083414,=,1,1,=,,IC50,nM,,275000.0,CHEMBL352,Staphylococcus aureus,Staphylococcus aureus,1280,,,IC50,uM,UO_0000065,,275.0,275000.0,3.560667306169737
294,,,5190386,[],CHEMBL1663615,Antibiofilm activity in Salmonella Typhimurium ATCC 14028 assessed as inhibition of biofilm formation at 25 degC after 24 hrs,F,,,BAO_0000190,BAO_0000218,organism-based format,CCn1c(-c2ccc([N+](=O)[O-])cc2)cnc1N,Outside typical range,"Values for this activity type are unusually large/small, so may not be accurate",CHEMBL1649413,J Med Chem,2011,,CHEMBL1649830,,CHEMBL1649830,,0,http://www.openphacts.org/units/Nanomolar,1322108,=,1,1,=,,IC50,nM,,285500.0,CHEMBL351,Salmonella enterica subsp. enterica serovar Typhimurium,Salmonella typhimurium,90371,,,IC50,uM,UO_0000065,,285.5,285500.0,3.544393887418133
3392,,,18570186,[],CHEMBL4220812,Antibiofilm activity against Salmonella typhimurium ATCC 14028 after 24 hrs by crystal violet staining based assay,F,,,BAO_0000190,BAO_0000218,organism-based format,Nc1ncc(-c2ccc(Br)cc2)n1CCCCn1c(-c2ccc(Br)cc2)cnc1N,,,CHEMBL4219072,Bioorg Med Chem,2018,,CHEMBL4226689,,CHEMBL4226689,5.41,0,http://www.openphacts.org/units/Nanomolar,3083435,=,1,1,=,,IC50,nM,,3900.0,CHEMBL351,Salmonella enterica subsp. enterica serovar Typhimurium,Salmonella typhimurium,90371,,,IC50,uM,UO_0000065,,3.9,3900.0,5.4089353929735005
3375,,,18570169,[],CHEMBL4220812,Antibiofilm activity against Salmonella typhimurium ATCC 14028 after 24 hrs by crystal violet staining based assay,F,,,BAO_0000190,BAO_0000218,organism-based format,Nc1ncc(-c2ccccc2)n1CCCn1c(-c2ccccc2)cnc1N,,,CHEMBL4219072,Bioorg Med Chem,2018,,CHEMBL4227986,,CHEMBL4227986,4.82,0,http://www.openphacts.org/units/Nanomolar,3083415,=,1,1,=,,IC50,nM,,15300.0,CHEMBL351,Salmonella enterica subsp. enterica serovar Typhimurium,Salmonella typhimurium,90371,,,IC50,uM,UO_0000065,,15.3,15300.0,4.815308569182402
1915,,,15087770,[],CHEMBL3388394,Inhibition of biofilm formation in methicillin-resistant Staphylococcus aureus MTCC 96 after 36 hr incubation by tissue culture plate method,F,,,BAO_0000190,BAO_0000218,organism-based format,COC(=O)CCCC(=O)Nc1ccc(-c2nc3cc([N+](=O)[O-])ccc3[nH]2)cc1,,,CHEMBL3352166,Bioorg Med Chem,2014,,CHEMBL3344022,,CHEMBL3344022,4.23,0,http://www.openphacts.org/units/Nanomolar,2266635,=,1,1,=,,IC50,nM,,59310.0,CHEMBL352,Staphylococcus aureus,Staphylococcus aureus,1280,,,IC50,uM,UO_0000065,,59.31,59310.0,4.226872075966665
1921,,,15087776,[],CHEMBL3388394,Inhibition of biofilm formation in methicillin-resistant Staphylococcus aureus MTCC 96 after 36 hr incubation by tissue culture plate method,F,,,BAO_0000190,BAO_0000218,organism-based format,COc1ccc2[nH]c(-c3ccc(NC(=O)CCCCC(=O)O)cc3)nc2c1,,,CHEMBL3352166,Bioorg Med Chem,2014,,CHEMBL3344028,,CHEMBL3344028,4.15,0,http://www.openphacts.org/units/Nanomolar,2266641,=,1,1,=,,IC50,nM,,71100.0,CHEMBL352,Staphylococcus aureus,Staphylococcus aureus,1280,,,IC50,uM,UO_0000065,,71.1,71100.0,4.148130399270234
3502,,,18570296,[],CHEMBL4220814,Antibiofilm activity against Escherichia coli TG1 after 24 hrs by crystal violet staining based assay,F,,,BAO_0000190,BAO_0000218,organism-based format,Fc1ccc(-c2cnc(NCCCCCCNc3ncc(-c4ccc(F)cc4)[nH]3)[nH]2)cc1,,,CHEMBL4219072,Bioorg Med Chem,2018,,CHEMBL4226947,,CHEMBL4226947,5.27,0,http://www.openphacts.org/units/Nanomolar,3083445,=,1,1,=,,IC50,nM,,5400.0,CHEMBL354,Escherichia coli,Escherichia coli,562,,,IC50,uM,UO_0000065,,5.4,5400.0,5.267606240177031
3467,,,18570261,[],CHEMBL4220814,Antibiofilm activity against Escherichia coli TG1 after 24 hrs by crystal violet staining based assay,F,,,BAO_0000190,BAO_0000218,organism-based format,Nc1ncc(-c2ccccc2)n1CCCCCCCCn1c(-c2ccccc2)cnc1N,,,CHEMBL4219072,Bioorg Med Chem,2018,,CHEMBL4227929,,CHEMBL4227929,5.54,0,http://www.openphacts.org/units/Nanomolar,3083410,=,1,1,=,,IC50,nM,,2900.0,CHEMBL354,Escherichia coli,Escherichia coli,562,,,IC50,uM,UO_0000065,,2.9,2900.0,5.537602002101044
3480,,,18570274,[],CHEMBL4220814,Antibiofilm activity against Escherichia coli TG1 after 24 hrs by crystal violet staining based assay,F,,,BAO_0000190,BAO_0000218,organism-based format,Nc1ncc(-c2ccc(Cl)cc2)[nH]1,,,CHEMBL4219072,Bioorg Med Chem,2018,,CHEMBL1649772,,CHEMBL1649772,4.75,0,http://www.openphacts.org/units/Nanomolar,3083423,=,1,1,=,,IC50,nM,,18000.0,CHEMBL354,Escherichia coli,Escherichia coli,562,,,IC50,uM,UO_0000065,,18.0,18000.0,4.7447274948966935
6218,,,22750706,"[{'comments': None, 'relation': '=', 'result_flag': 0, 'standard_relation': '=', 'standard_text_value': None, 'standard_type': 'TIME', 'standard_units': 'hr', 'standard_value': '24.0', 'text_value': None, 'type': 'Time', 'units': 'hrs', 'value': '24.0'}]",CHEMBL4699742,Antibiofilm activity against Mycobacterium smegmatis mc2 155 ATCC 700084 assessed as inhibition of biofilm formation measured after 24 hrs by crystal violet reporter assay,F,,,BAO_0000190,BAO_0000218,organism-based format,CC(C)Cn1cc(-c2ccnc(N)n2)c2ccc(Br)cc21,,,CHEMBL4699393,RSC Med Chem,2020,,CHEMBL4300201,,CHEMBL4300201,4.3,0,http://www.openphacts.org/units/Nanomolar,3530912,=,1,1,=,,IC50,nM,,50400.0,CHEMBL613088,Mycolicibacterium smegmatis,Mycolicibacterium smegmatis,1772,,,IC50,uM,UO_0000065,,50.4,50400.0,4.297569463554475
6063,,,22446293,[],CHEMBL4679608,Antibiofilm activity against Streptococcus mutans UA159 assessed as inhibition of biofilm formation by serial dilution method,F,,,BAO_0000190,BAO_0000218,organism-based format,CC(C)(C)OC(=O)NCc1ccccc1NC(=O)c1cnc2ccccc2c1,,,CHEMBL4673385,ACS Med Chem Lett,2021,,CHEMBL4799615,,CHEMBL4799615,4.28,0,http://www.openphacts.org/units/Nanomolar,3517930,=,1,1,=,,IC50,nM,,52800.0,CHEMBL612426,Streptococcus mutans,Streptococcus mutans,1309,,,IC50,uM,UO_0000065,,52.8,52800.0,4.277366077466188
251,,,5190343,[],CHEMBL1663615,Antibiofilm activity in Salmonella Typhimurium ATCC 14028 assessed as inhibition of biofilm formation at 25 degC after 24 hrs,F,,,BAO_0000190,BAO_0000218,organism-based format,CCn1c(-c2ccccc2)cnc1N,Outside typical range,"Values for this activity type are unusually large/small, so may not be accurate",CHEMBL1649413,J Med Chem,2011,,CHEMBL1649788,,CHEMBL1649788,,0,http://www.openphacts.org/units/Nanomolar,1322065,=,1,1,=,,IC50,nM,,206000.0,CHEMBL351,Salmonella enterica subsp. enterica serovar Typhimurium,Salmonella typhimurium,90371,,,IC50,uM,UO_0000065,,206.0,206000.0,3.6861327796308467
7328,,,24417288,"[{'comments': None, 'relation': '=', 'result_flag': 0, 'standard_relation': '=', 'standard_text_value': '<=200', 'standard_type': 'Dose', 'standard_units': None, 'standard_value': None, 'text_value': '<=200', 'type': 'Dose', 'units': 'microM', 'value': None}, {'comments': None, 'relation': '=', 'result_flag': 0, 'standard_relation': '=', 'standard_text_value': None, 'standard_type': 'Time_Lower', 'standard_units': 'hrs', 'standard_value': '15.0', 'text_value': None, 'type': 'Time_Lower', 'units': 'hrs', 'value': '15.0'}, {'comments': None, 'relation': '=', 'result_flag': 0, 'standard_relation': '=', 'standard_text_value': None, 'standard_type': 'Time_Upper', 'standard_units': 'hrs', 'standard_value': '18.0', 'text_value': None, 'type': 'Time_Upper', 'units': 'hrs', 'value': '18.0'}]",CHEMBL5047657,Antibiofilm activity against Staphylococcus aureus assessed as inhibition of biofilm formation measured after 15 to 18 hrs by crystal violet staining assay,F,,,BAO_0000190,BAO_0000218,organism-based format,CC(C)CNC(=O)c1c(-c2ccc(/C(C#N)=C/c3ccccc3)cc2)oc2ccccc12,,,CHEMBL5046250,Eur J Med Chem,2022,,CHEMBL5089954,,CHEMBL5089954,4.71,0,http://www.openphacts.org/units/Nanomolar,3783863,=,1,1,=,,IC50,nM,,19700.0,CHEMBL352,Staphylococcus aureus,Staphylococcus aureus,1280,,,IC50,uM,UO_0000065,,19.7,19700.0,4.705533773838407
642,,,6304680,[],CHEMBL1815005,Antimicrobial activity against Salmonella Typhimurium ATCC 14028 assessed as inhibition of biofilm formation after 24 hrs by spectrophotometry,F,,,BAO_0000190,BAO_0000218,organism-based format,CCCCCCCCNc1ncc(-c2ccc(Cl)c(Cl)c2)[nH]1,Outside typical range,"Values for this activity type are unusually large/small, so may not be accurate",CHEMBL1811868,Bioorg Med Chem,2011,,CHEMBL1814260,,CHEMBL1814260,,0,http://www.openphacts.org/units/Nanomolar,1448805,=,1,1,=,,IC50,nM,,118300.0,CHEMBL351,Salmonella enterica subsp. enterica serovar Typhimurium,Salmonella typhimurium,90371,,,IC50,uM,UO_0000065,,118.3,118300.0,3.927015255372069
710,,,6305758,[],CHEMBL1815005,Antimicrobial activity against Salmonella Typhimurium ATCC 14028 assessed as inhibition of biofilm formation after 24 hrs by spectrophotometry,F,,,BAO_0000190,BAO_0000218,organism-based format,O[C@@]1(c2ccc(Cl)cc2)C[n+]2cccnc2N1C1CCCC1.[Br-],,,CHEMBL1811868,Bioorg Med Chem,2011,,CHEMBL1814220,,CHEMBL1851640,4.38,0,http://www.openphacts.org/units/Nanomolar,1448759,=,1,1,=,,IC50,nM,,41800.0,CHEMBL351,Salmonella enterica subsp. enterica serovar Typhimurium,Salmonella typhimurium,90371,,,IC50,uM,UO_0000065,,41.8,41800.0,4.3788237182249645
5635,,,20704017,[],CHEMBL4627903,Antibiofilm activity against Escherichia coli UTI89 incubated for 2 days at 23 degC followed by 1 day incubation at RT,F,,,BAO_0000179,BAO_0000218,organism-based format,CC1(C)CC[C@]2(C(=O)O)CC[C@]3(C)C(=CC[C@@H]4[C@@]5(C)C[C@@H](c6ncc[nH]6)[C@H](O)C(C)(C)[C@@H]5CC[C@]43C)[C@@H]2C1,,,CHEMBL4627274,Bioorg Med Chem,2020,,CHEMBL4647227,,CHEMBL4647227,,0,http://www.openphacts.org/units/MicrogramPerMilliliter,3486842,=,1,0,=,,MBIC50,ug ml-1,,16.0,CHEMBL354,Escherichia coli,Escherichia coli,562,,,MBIC50,ug ml-1,UO_0000274,,16.0,30605.95974551143,4.5141939972906115
4072,,,18949448,[],CHEMBL4330672,Anti-biofilm activity against Escherichia coli after 24 hrs by XTT assay,F,,,BAO_0000190,BAO_0000218,organism-based format,Cc1c(C(=O)/C=C(\O)C(=O)N[C@H](C)C(=O)O)oc2ccc(Br)cc12,,,CHEMBL4330067,Eur J Med Chem,2019,,CHEMBL4448381,,CHEMBL4448381,,0,http://www.openphacts.org/units/MicrogramPerMilliliter,3161191,=,1,1,=,,IC50,ug.mL-1,,0.404,CHEMBL354,Escherichia coli,Escherichia coli,562,,,IC50,ug ml-1,UO_0000274,,0.404,1019.7050427443188,5.991525432976756
2820,,,16819153,[],CHEMBL3872394,Antibiofilm activity against Staphylococcus aureus ATCC 6538 after 24 hrs by safranin staining based assay,F,,,BAO_0000190,BAO_0000019,assay format,CCOC(=O)/C(=N/Nc1cccc(C)c1)C(=O)c1cc(C)nn1CC,,,CHEMBL3872202,Eur J Med Chem,2016,,CHEMBL3950663,,CHEMBL3950663,4.37,0,http://www.openphacts.org/units/Nanomolar,2812694,=,1,1,=,,IC50,nM,,43000.0,CHEMBL352,Staphylococcus aureus,Staphylococcus aureus,1280,,,IC50,uM,UO_0000065,,43.0,43000.0,4.366531544420414
1679,,,14541445,[],CHEMBL3227446,Antimicrobial activity against methicillin-resistant Staphylococcus aureus ATCC 43300 assessed as inhibition of biofilm formation after 24 hrs by crystal violet staining-based microscopy,F,,,BAO_0000190,BAO_0000218,organism-based format,CCCCCc1ccc(C(=O)Nc2ccc3c(c2)nc(N)n3CCCC)cc1.Cl,,,CHEMBL3217587,Medchemcomm,2012,,CHEMBL3218052,,CHEMBL3303511,5.35,0,http://www.openphacts.org/units/Nanomolar,2072396,=,1,1,=,,IC50,nM,,4500.0,CHEMBL352,Staphylococcus aureus,Staphylococcus aureus,1280,,,IC50,uM,UO_0000065,,4.5,4500.0,5.346787486224656
6234,,,22750722,"[{'comments': None, 'relation': '=', 'result_flag': 0, 'standard_relation': '=', 'standard_text_value': None, 'standard_type': 'TIME', 'standard_units': 'hr', 'standard_value': '24.0', 'text_value': None, 'type': 'Time', 'units': 'hrs', 'value': '24.0'}]",CHEMBL4699742,Antibiofilm activity against Mycobacterium smegmatis mc2 155 ATCC 700084 assessed as inhibition of biofilm formation measured after 24 hrs by crystal violet reporter assay,F,,,BAO_0000190,BAO_0000218,organism-based format,Nc1ncc(-c2c[nH]c3ccc(F)cc23)[nH]1,,,CHEMBL4699393,RSC Med Chem,2020,,CHEMBL4798685,,CHEMBL4798685,4.4,0,http://www.openphacts.org/units/Nanomolar,3530928,=,1,1,=,,IC50,nM,,40200.0,CHEMBL613088,Mycolicibacterium smegmatis,Mycolicibacterium smegmatis,1772,,,IC50,uM,UO_0000065,,40.2,40200.0,4.39577394691553
1668,,,14532270,[],CHEMBL3223733,Inhibition of biofilm formation in Staphylococcus aureus 29213 after 24 hrs by crystal violet staining-based assay,F,,,BAO_0000190,BAO_0000218,organism-based format,CCCCCCCc1ccc(C(=O)NCCn2cc(Cc3c[nH]c4ccccc34)nn2)cc1,Outside typical range,"Values for this activity type are unusually large/small, so may not be accurate",CHEMBL3217512,Medchemcomm,2013,,CHEMBL3219476,,CHEMBL3219476,,0,http://www.openphacts.org/units/Nanomolar,2074325,=,1,1,=,,IC50,nM,,174800.0,CHEMBL352,Staphylococcus aureus,Staphylococcus aureus,1280,,,IC50,uM,UO_0000065,,174.8,174800.0,3.7574585717016156
3466,,,18570260,[],CHEMBL4220814,Antibiofilm activity against Escherichia coli TG1 after 24 hrs by crystal violet staining based assay,F,,,BAO_0000190,BAO_0000218,organism-based format,Nc1ncc(-c2ccccc2)[nH]1,Outside typical range,"Values for this activity type are unusually large/small, so may not be accurate",CHEMBL4219072,Bioorg Med Chem,2018,,CHEMBL1649757,,CHEMBL1649757,,0,http://www.openphacts.org/units/Nanomolar,3083409,=,1,1,=,,IC50,nM,,145900.0,CHEMBL354,Escherichia coli,Escherichia coli,562,,,IC50,uM,UO_0000065,,145.9,145900.0,3.835944708106548
3589,,,18583883,[],CHEMBL4223119,Antibiofilm activity against Klebsiella planticola MTCC 530 after 24 hrs by crystal violet staining-based assay,F,,,BAO_0000190,BAO_0000218,organism-based format,O=C(NCc1ccco1)c1nc(-c2ccccc2)c2c(C(F)(F)F)cc(-c3ccccc3)nc2n1,,,CHEMBL4219190,Bioorg Med Chem Lett,2018,,CHEMBL4227121,,CHEMBL4227121,,0,http://www.openphacts.org/units/MicrogramPerMilliliter,3086031,=,1,1,=,,IC50,ug.mL-1,,5.4,CHEMBL613271,Raoultella planticola,Raoultella planticola,575,,,IC50,ug ml-1,UO_0000274,,5.4,11381.79166262683,4.943789368174156
2049,,,15239704,[],CHEMBL3423690,Antibiofilm activity activity against Staphylococcus aureus incubated for 24 hrs followed by biofilm resuspension in PBS and measured after 24 hrs,F,,,BAO_0000179,BAO_0000218,organism-based format,CCCC[C@H]1CN(CCCC[C@H]2CNC(=N)N2CCc2cccc(C(F)(F)F)c2)C(=N)N1CCCCC1CCCCC1,,,CHEMBL3421570,J Med Chem,2015,,CHEMBL3422181,,CHEMBL3422181,,0,http://www.openphacts.org/units/Micromolar,2294671,=,1,0,=,,MBEC50,uM,,2.2,CHEMBL352,Staphylococcus aureus,Staphylococcus aureus,1280,,,MBEC50,uM,UO_0000064,,2.2,2200.0,5.657577319177793
3472,,,18570266,[],CHEMBL4220814,Antibiofilm activity against Escherichia coli TG1 after 24 hrs by crystal violet staining based assay,F,,,BAO_0000190,BAO_0000218,organism-based format,Nc1ncc(-c2ccccc2)n1CCCn1c(-c2ccccc2)cnc1N,,,CHEMBL4219072,Bioorg Med Chem,2018,,CHEMBL4227986,,CHEMBL4227986,4.58,0,http://www.openphacts.org/units/Nanomolar,3083415,=,1,1,=,,IC50,nM,,26600.0,CHEMBL354,Escherichia coli,Escherichia coli,562,,,IC50,uM,UO_0000065,,26.6,26600.0,4.575118363368933
280,,,5190372,[],CHEMBL1663615,Antibiofilm activity in Salmonella Typhimurium ATCC 14028 assessed as inhibition of biofilm formation at 25 degC after 24 hrs,F,,,BAO_0000190,BAO_0000218,organism-based format,CCCCCCn1c(-c2ccc(-c3ccccc3)cc2)cnc1N,,,CHEMBL1649413,J Med Chem,2011,,CHEMBL1649816,,CHEMBL1649816,4.92,0,http://www.openphacts.org/units/Nanomolar,1322094,=,1,1,=,,IC50,nM,,12100.0,CHEMBL351,Salmonella enterica subsp. enterica serovar Typhimurium,Salmonella typhimurium,90371,,,IC50,uM,UO_0000065,,12.1,12100.0,4.91721462968355
3498,,,18570292,[],CHEMBL4220814,Antibiofilm activity against Escherichia coli TG1 after 24 hrs by crystal violet staining based assay,F,,,BAO_0000190,BAO_0000218,organism-based format,c1ccc(-c2cnc(NCCCCNc3ncc(-c4ccccc4)[nH]3)[nH]2)cc1,,,CHEMBL4219072,Bioorg Med Chem,2018,,CHEMBL4225379,,CHEMBL4225379,4.91,0,http://www.openphacts.org/units/Nanomolar,3083441,=,1,1,=,,IC50,nM,,12300.0,CHEMBL354,Escherichia coli,Escherichia coli,562,,,IC50,uM,UO_0000065,,12.3,12300.0,4.910094888560602
2838,,,17987944,[],CHEMBL3999629,Antibiofilm activity against Staphylococcus aureus MTCC 96 after 24 hrs by crystal violet staining based assay,F,,,BAO_0000190,BAO_0000019,assay format,Cc1ccc(-c2nn(-c3ccccc3)cc2C2c3c(n(C)c(=O)n(C)c3=O)N=CN2c2ccc(C)cc2)cc1,,,CHEMBL3997821,Bioorg Med Chem Lett,2017,,CHEMBL4061194,,CHEMBL4061194,,0,http://www.openphacts.org/units/MicrogramPerMilliliter,2979982,=,1,1,=,,IC50,ug.mL-1,,4.2,CHEMBL352,Staphylococcus aureus,Staphylococcus aureus,1280,,,IC50,ug ml-1,UO_0000274,,4.2,8130.00261321512,5.089909314811255
3162,,,18470440,[],CHEMBL4182537,Anti-biofilm activity against Pseudoalteromonas ulvae TC14 assessed as inhibition of bacterial adhesion incubated for 15 hrs at 20 degC by Syto 61 dye based fluorimetric assay,F,,,BAO_0000188,BAO_0000218,organism-based format,COc1ccc(-n2cc(C(=O)NCCc3ccc(O)cc3)nn2)cc1,Outside typical range,"Values for this activity type are unusually large/small, so may not be accurate",CHEMBL4177720,Bioorg Med Chem Lett,2018,,CHEMBL4217069,,CHEMBL4217069,,0,http://www.openphacts.org/units/Nanomolar,3065755,=,1,1,=,,EC50,nM,,115300.0,CHEMBL4296595,Pseudoalteromonas ulvae,Pseudoalteromonas ulvae,107327,,,EC50,uM,UO_0000065,,115.3,115300.0,3.9381706927053006
6524,,,22905982,"[{'comments': None, 'relation': '=', 'result_flag': 0, 'standard_relation': '=', 'standard_text_value': None, 'standard_type': 'TIME', 'standard_units': 'hr', 'standard_value': '24.0', 'text_value': None, 'type': 'Time', 'units': 'hrs', 'value': '24.0'}]",CHEMBL4733169,Antibiofilm activity against Staphylococcus aureus ATCC 25923 after 24 hrs by crystal violet staining based assay,F,,,BAO_0000179,BAO_0000218,organism-based format,COc1ccc2c(c1)c(-c1noc(C(=O)c3cn(C)c4ccc(Br)cc34)n1)cn2C,,,CHEMBL4732050,Eur J Med Chem,2021,,CHEMBL4748807,,CHEMBL4748807,,0,http://www.openphacts.org/units/Micromolar,3556012,=,1,0,=,,MBIC50,uM,,19.1,CHEMBL352,Staphylococcus aureus,Staphylococcus aureus,1280,,,MBIC50,uM,UO_0000064,,19.1,19100.0,4.718966632752273
6114,,,22446344,[],CHEMBL4679608,Antibiofilm activity against Streptococcus mutans UA159 assessed as inhibition of biofilm formation by serial dilution method,F,,,BAO_0000190,BAO_0000218,organism-based format,NC(=O)c1cccc(NC(=O)c2cc3cc([N+](=O)[O-])ccc3s2)c1,,,CHEMBL4673385,ACS Med Chem Lett,2021,,CHEMBL4795085,,CHEMBL4795085,4.37,0,http://www.openphacts.org/units/Nanomolar,3517879,=,1,1,=,,IC50,nM,,42300.0,CHEMBL612426,Streptococcus mutans,Streptococcus mutans,1309,,,IC50,uM,UO_0000065,,42.3,42300.0,4.373659632624958
817,,,6306979,[],CHEMBL1815005,Antimicrobial activity against Salmonella Typhimurium ATCC 14028 assessed as inhibition of biofilm formation after 24 hrs by spectrophotometry,F,,,BAO_0000190,BAO_0000218,organism-based format,CCCCCN1c2nccc[n+]2C[C@@]1(O)c1ccccc1.[Br-],Outside typical range,"Values for this activity type are unusually large/small, so may not be accurate",CHEMBL1811868,Bioorg Med Chem,2011,,CHEMBL1814004,,CHEMBL1852751,,0,http://www.openphacts.org/units/Nanomolar,1448510,=,1,1,=,,IC50,nM,,278200.0,CHEMBL351,Salmonella enterica subsp. enterica serovar Typhimurium,Salmonella typhimurium,90371,,,IC50,uM,UO_0000065,,278.2,278200.0,3.555642874343972
3252,,,18511441,[],CHEMBL4191874,Antibiofilm activity against Staphylococcus aureus SH1000 after 48 hrs by crystal violet staining based method,F,,,BAO_0000179,BAO_0000218,organism-based format,Cc1ccc(Cc2nc(N)n(CC(=O)Nc3ccc(C)cc3)c2-c2ccccc2Br)cc1,,,CHEMBL4190235,Eur J Med Chem,2017,,CHEMBL4211736,,CHEMBL4211736,,0,http://www.openphacts.org/units/Micromolar,3073316,=,1,0,=,,MBIC50,uM,,5.5,CHEMBL352,Staphylococcus aureus,Staphylococcus aureus,1280,,,MBIC50,uM,UO_0000064,,5.5,5500.0,5.259637310505756
3468,,,18570262,[],CHEMBL4220814,Antibiofilm activity against Escherichia coli TG1 after 24 hrs by crystal violet staining based assay,F,,,BAO_0000190,BAO_0000218,organism-based format,Nc1ncc(-c2ccccc2)n1CCCCCCCn1c(-c2ccccc2)cnc1N,,,CHEMBL4219072,Bioorg Med Chem,2018,,CHEMBL4228498,,CHEMBL4228498,5.1,0,http://www.openphacts.org/units/Nanomolar,3083411,=,1,1,=,,IC50,nM,,8000.0,CHEMBL354,Escherichia coli,Escherichia coli,562,,,IC50,uM,UO_0000065,,8.0,8000.0,5.096910013008056
115,,,3347294,[],CHEMBL1174679,Antibacterial activity against Streptococcus mutans ATCC 25175 assessed as inhibition of biofilm formation after 18 hrs,F,,,BAO_0000179,BAO_0000218,organism-based format,COc1ccc(/C=C/[C@](C)(/C=C/c2ccc(O)cc2)CCC=C(C)C)cc1,,,CHEMBL1177882,Eur J Med Chem,2010,,CHEMBL1169766,,CHEMBL1169766,,0,http://www.openphacts.org/units/MicrogramPerMilliliter,923372,=,1,0,=,,MBIC50,ug ml-1,,1.0,CHEMBL612426,Streptococcus mutans,Streptococcus mutans,1309,,,MBIC50,ug ml-1,UO_0000274,,1.0,2758.5217633574507,5.5593235853264105
1924,,,15087779,[],CHEMBL3388394,Inhibition of biofilm formation in methicillin-resistant Staphylococcus aureus MTCC 96 after 36 hr incubation by tissue culture plate method,F,,,BAO_0000190,BAO_0000218,organism-based format,O=C(O)CCCC(=O)Nc1ccc(-c2nc3cccnc3[nH]2)cc1,,,CHEMBL3352166,Bioorg Med Chem,2014,,CHEMBL3344031,,CHEMBL3344031,4.05,0,http://www.openphacts.org/units/Nanomolar,2266644,=,1,1,=,,IC50,nM,,88090.0,CHEMBL352,Staphylococcus aureus,Staphylococcus aureus,1280,,,IC50,uM,UO_0000065,,88.09,88090.0,4.055073390013784
5844,,,22421799,"[{'comments': None, 'relation': '=', 'result_flag': 0, 'standard_relation': '=', 'standard_text_value': None, 'standard_type': 'TIME', 'standard_units': 'hr', 'standard_value': '24.0', 'text_value': None, 'type': 'Time', 'units': 'hrs', 'value': '24.0'}]",CHEMBL4673711,Inhibition of biofilm formation in methicillin-resistant Staphylococcus aureus ATCC 43300 incubated for 24 hrs by crystal violet staining based assay,F,,,BAO_0000190,BAO_0000218,organism-based format,Cl.Nc1nccc(-c2ccc(NC(=O)c3cc(Cl)cc(Cl)c3)cc2)n1,,,CHEMBL4673191,RSC Med Chem,2021,,CHEMBL4764190,,CHEMBL4803304,4.39,0,http://www.openphacts.org/units/Nanomolar,3513617,=,1,1,=,,IC50,nM,,41000.0,CHEMBL352,Staphylococcus aureus,Staphylococcus aureus,1280,,,IC50,uM,UO_0000065,,41.0,41000.0,4.3872161432802645
1904,,,15087759,[],CHEMBL3388394,Inhibition of biofilm formation in methicillin-resistant Staphylococcus aureus MTCC 96 after 36 hr incubation by tissue culture plate method,F,,,BAO_0000190,BAO_0000218,organism-based format,O=C(O)CCCC(=O)Nc1ccc(-c2nc3cc(F)ccc3[nH]2)cc1,,,CHEMBL3352166,Bioorg Med Chem,2014,,CHEMBL3344011,,CHEMBL3344011,5.02,0,http://www.openphacts.org/units/Nanomolar,2266624,=,1,1,=,,IC50,nM,,9630.0,CHEMBL352,Staphylococcus aureus,Staphylococcus aureus,1280,,,IC50,uM,UO_0000065,,9.63,9630.0,5.016373712875465
243,,,5190335,[],CHEMBL1663615,Antibiofilm activity in Salmonella Typhimurium ATCC 14028 assessed as inhibition of biofilm formation at 25 degC after 24 hrs,F,,,BAO_0000190,BAO_0000218,organism-based format,Nc1nc(-c2ccccc2)c(-c2ccc(C(F)(F)F)cc2)[nH]1,,,CHEMBL1649413,J Med Chem,2011,,CHEMBL1649781,,CHEMBL1649781,4.54,0,http://www.openphacts.org/units/Nanomolar,1322057,=,1,1,=,,IC50,nM,,29200.0,CHEMBL351,Salmonella enterica subsp. enterica serovar Typhimurium,Salmonella typhimurium,90371,,,IC50,uM,UO_0000065,,29.2,29200.0,4.534617148551582
3491,,,18570285,[],CHEMBL4220814,Antibiofilm activity against Escherichia coli TG1 after 24 hrs by crystal violet staining based assay,F,,,BAO_0000190,BAO_0000218,organism-based format,Nc1ncc(-c2ccc(Br)cc2)n1CCCCCn1c(-c2ccc(Br)cc2)cnc1N,,,CHEMBL4219072,Bioorg Med Chem,2018,,CHEMBL4227685,,CHEMBL4227685,5.2,0,http://www.openphacts.org/units/Nanomolar,3083434,=,1,1,=,,IC50,nM,,6300.0,CHEMBL354,Escherichia coli,Escherichia coli,562,,,IC50,uM,UO_0000065,,6.3,6300.0,5.200659450546418
8190,,,24898424,"[{'comments': None, 'relation': '=', 'result_flag': 0, 'standard_relation': '=', 'standard_text_value': None, 'standard_type': 'TIME', 'standard_units': 'hr', 'standard_value': '24.0', 'text_value': None, 'type': 'Time', 'units': 'hrs', 'value': '24.0'}]",CHEMBL5159908,Antibiofilm activity against Salmonella typhimurium ATCC 14028 assessed as biofilm dispersal effect incubated for 24 hrs by crystal violet staining based spectrophotometry,F,,,BAO_0000188,BAO_0000218,organism-based format,CN(Cc1ccsc1)CC1CCN(Cc2ccccc2I)CC1,,,CHEMBL5154764,Eur J Med Chem,2022,,CHEMBL5174161,,CHEMBL5174161,4.1,0,http://www.openphacts.org/units/Nanomolar,3891435,=,1,1,=,,EC50,nM,,79000.0,CHEMBL351,Salmonella enterica subsp. enterica serovar Typhimurium,Salmonella typhimurium,90371,,,EC50,uM,UO_0000065,,79.0,79000.0,4.102372908709558
1125,,,13840634,[],CHEMBL3095560,Antibiofilm activity against Klebsiella planticola MTCC 530 after 24 hrs by crystal violet assay,F,,,BAO_0000190,BAO_0000218,organism-based format,CC[C@H]1OC(=O)[C@H](C)[C@@H](O[C@H]2C[C@@](C)(OC)[C@@H](O)[C@H](C)O2)[C@H](C)[C@@H](O[C@@H]2O[C@H](C)C[C@H](N(C)C)[C@H]2O)[C@](C)(O)C[C@@H](C)C(=O)[C@H](C)[C@@H](O)[C@]1(C)O,,,CHEMBL3091424,Bioorg Med Chem Lett,2013,,CHEMBL532,ERYTHROMYCIN,CHEMBL532,,0,http://www.openphacts.org/units/MicrogramPerMilliliter,1953071,=,1,1,=,,IC50,ug.mL-1,,0.19,CHEMBL613271,Raoultella planticola,Raoultella planticola,575,,,IC50,ug ml-1,UO_0000274,,0.19,258.877805588218,6.586905181406539
3259,,,18511448,[],CHEMBL4191874,Antibiofilm activity against Staphylococcus aureus SH1000 after 48 hrs by crystal violet staining based method,F,,,BAO_0000179,BAO_0000218,organism-based format,O=c1cc(-c2ccccc2)oc2cc(O)c(O)c(O)c12,,,CHEMBL4190235,Eur J Med Chem,2017,,CHEMBL8260,BAICALEIN,CHEMBL8260,,0,http://www.openphacts.org/units/Micromolar,3073323,=,1,0,=,,MBIC50,uM,,77.5,CHEMBL352,Staphylococcus aureus,Staphylococcus aureus,1280,,,MBIC50,uM,UO_0000064,,77.5,77500.0,4.110698297493689
3384,,,18570178,[],CHEMBL4220812,Antibiofilm activity against Salmonella typhimurium ATCC 14028 after 24 hrs by crystal violet staining based assay,F,,,BAO_0000190,BAO_0000218,organism-based format,Nc1ncc(-c2ccc(Cl)cc2)n1CCCCCCn1c(-c2ccc(Cl)cc2)cnc1N,,,CHEMBL4219072,Bioorg Med Chem,2018,,CHEMBL4226401,,CHEMBL4226401,5.32,0,http://www.openphacts.org/units/Nanomolar,3083426,=,1,1,=,,IC50,nM,,4800.0,CHEMBL351,Salmonella enterica subsp. enterica serovar Typhimurium,Salmonella typhimurium,90371,,,IC50,uM,UO_0000065,,4.8,4800.0,5.318758762624412
6042,,,22446272,[],CHEMBL4679608,Antibiofilm activity against Streptococcus mutans UA159 assessed as inhibition of biofilm formation by serial dilution method,F,,,BAO_0000190,BAO_0000218,organism-based format,NC(=O)c1cccc(NC(=O)c2cccc3ccccc23)c1,Outside typical range,"Values for this activity type are unusually large/small, so may not be accurate",CHEMBL4673385,ACS Med Chem Lett,2021,,CHEMBL4777162,,CHEMBL4777162,,0,http://www.openphacts.org/units/Nanomolar,3517951,=,1,1,=,,IC50,nM,,195200.0,CHEMBL612426,Streptococcus mutans,Streptococcus mutans,1309,,,IC50,uM,UO_0000065,,195.2,195200.0,3.7095201866693266
6264,,,22750752,"[{'comments': None, 'relation': '=', 'result_flag': 0, 'standard_relation': '=', 'standard_text_value': None, 'standard_type': 'TIME', 'standard_units': 'hr', 'standard_value': '24.0', 'text_value': None, 'type': 'Time', 'units': 'hrs', 'value': '24.0'}]",CHEMBL4699743,Antibiofilm activity against Mycobacterium smegmatis mc2 155 ATCC 700084 assessed as dispersion of preformed biofilms measured after 24 hrs by crystal violet reporter assay,F,,,BAO_0000188,BAO_0000218,organism-based format,CCNc1nccc(-c2c[nH]c3ccc(Br)cc23)n1,,,CHEMBL4699393,RSC Med Chem,2020,,CHEMBL4301224,,CHEMBL4301224,4.41,0,http://www.openphacts.org/units/Nanomolar,3530924,=,1,1,=,,EC50,nM,,39300.0,CHEMBL613088,Mycolicibacterium smegmatis,Mycolicibacterium smegmatis,1772,,,EC50,uM,UO_0000065,,39.3,39300.0,4.405607449624573
5366,,,19241836,[],CHEMBL4399776,Antibiofilm activity against Bacillus subtilis MTCC 121 assessed as inhibition of biofilm formation by crystal violet staining-based microtitre plate assay,F,,,BAO_0000190,BAO_0000218,organism-based format,O=C(c1cn(-c2ccc(Cl)cc2)nn1)c1c(-c2ccc(Cl)cc2)nc2sccn12,,,CHEMBL4396937,Bioorg Med Chem Lett,2019,,CHEMBL4454717,,CHEMBL4454717,,0,http://www.openphacts.org/units/MicrogramPerMilliliter,3211952,=,1,1,=,,IC50,ug.mL-1,,13.2,CHEMBL359,Bacillus subtilis,Bacillus subtilis,1423,,,IC50,ug ml-1,UO_0000274,,13.2,29978.53809204773,4.523189549407584
269,,,5190361,[],CHEMBL1663615,Antibiofilm activity in Salmonella Typhimurium ATCC 14028 assessed as inhibition of biofilm formation at 25 degC after 24 hrs,F,,,BAO_0000190,BAO_0000218,organism-based format,CCCCCCCn1c(-c2ccc(Cl)cc2)cnc1N,,,CHEMBL1649413,J Med Chem,2011,,CHEMBL1649805,,CHEMBL1649805,5.02,0,http://www.openphacts.org/units/Nanomolar,1322083,=,1,1,=,,IC50,nM,,9500.0,CHEMBL351,Salmonella enterica subsp. enterica serovar Typhimurium,Salmonella typhimurium,90371,,,IC50,uM,UO_0000065,,9.5,9500.0,5.022276394711152
6041,,,22446271,[],CHEMBL4679608,Antibiofilm activity against Streptococcus mutans UA159 assessed as inhibition of biofilm formation by serial dilution method,F,,,BAO_0000190,BAO_0000218,organism-based format,NC(=O)c1ccc(NC(=O)c2cccc3ccccc23)cc1,Outside typical range,"Values for this activity type are unusually large/small, so may not be accurate",CHEMBL4673385,ACS Med Chem Lett,2021,,CHEMBL4792998,,CHEMBL4792998,,0,http://www.openphacts.org/units/Nanomolar,3517952,=,1,1,=,,IC50,nM,,167300.0,CHEMBL612426,Streptococcus mutans,Streptococcus mutans,1309,,,IC50,uM,UO_0000065,,167.3,167300.0,3.776504059037605
1157,,,13840666,[],CHEMBL3095562,Antibiofilm activity against Staphylococcus aureus MTCC 96 after 24 hrs by crystal violet assay,F,,,BAO_0000190,BAO_0000218,organism-based format,COc1cc(Cn2cc(CNC(=O)c3ccc([N+](=O)[O-])o3)nn2)ccc1O,,,CHEMBL3091424,Bioorg Med Chem Lett,2013,,CHEMBL3093114,,CHEMBL3093114,,0,http://www.openphacts.org/units/MicrogramPerMilliliter,1953074,=,1,1,=,,IC50,ug.mL-1,,10.8,CHEMBL352,Staphylococcus aureus,Staphylococcus aureus,1280,,,IC50,ug ml-1,UO_0000274,,10.8,28929.21717002611,4.5386633182821186
659,,,6304697,[],CHEMBL1815005,Antimicrobial activity against Salmonella Typhimurium ATCC 14028 assessed as inhibition of biofilm formation after 24 hrs by spectrophotometry,F,,,BAO_0000190,BAO_0000218,organism-based format,CC(C)CNc1ncc(-c2ccc([N+](=O)[O-])cc2)[nH]1,,,CHEMBL1811868,Bioorg Med Chem,2011,,CHEMBL1814247,,CHEMBL1814247,5.42,0,http://www.openphacts.org/units/Nanomolar,1448788,=,1,1,=,,IC50,nM,,3800.0,CHEMBL351,Salmonella enterica subsp. enterica serovar Typhimurium,Salmonella typhimurium,90371,,,IC50,uM,UO_0000065,,3.8,3800.0,5.42021640338319
2231,,,16404110,[],CHEMBL3743206,Antibiofilm activity against Pseudoalteromonas ulvae TC14 assessed as reduction in adhesion after 15 hrs by Syto61 based-fluorescence analysis relative to control,F,,,BAO_0000188,BAO_0000019,assay format,COc1ccc(CCn2cc(C(=O)NCCc3ccc(O)cc3)nn2)cc1Br,,,CHEMBL3739258,Bioorg Med Chem Lett,2015,,CHEMBL3739635,,CHEMBL3739635,4.49,0,http://www.openphacts.org/units/Nanomolar,2737260,=,1,1,=,,EC50,nM,,32600.0,CHEMBL4296595,Pseudoalteromonas ulvae,Pseudoalteromonas ulvae,107327,,,EC50,uM,UO_0000065,,32.6,32600.0,4.486782399932061
2019,,,15178567,[],CHEMBL3405140,Antimicrobial activity against Staphylococcus aureus MLS-16 MTCC 2940 assessed as inhibition of biofilm formation after 24 hrs,F,,,BAO_0000190,BAO_0000218,organism-based format,O=c1cc(CO)oc(C2C=C(c3ccc(Cl)cc3)Oc3ccccc32)c1O,,,CHEMBL3400018,Bioorg Med Chem Lett,2015,,CHEMBL3402102,,CHEMBL3402102,,0,http://www.openphacts.org/units/MicrogramPerMilliliter,2283216,=,1,1,=,,IC50,ug.mL-1,,9.1,CHEMBL352,Staphylococcus aureus,Staphylococcus aureus,1280,,,IC50,ug ml-1,UO_0000274,,9.1,23772.26690769829,4.62392940226164
3538,,,18570332,[],CHEMBL4220815,Antibiofilm activity against Staphylococcus aureus SH1000 after 48 hrs by crystal violet staining based assay,F,,,BAO_0000190,BAO_0000218,organism-based format,Nc1ncc(-c2ccc(Cl)cc2)n1CCCn1c(-c2ccc(Cl)cc2)cnc1N,,,CHEMBL4219072,Bioorg Med Chem,2018,,CHEMBL4226088,,CHEMBL4226088,4.58,0,http://www.openphacts.org/units/Nanomolar,3083429,=,1,1,=,,IC50,nM,,26400.0,CHEMBL352,Staphylococcus aureus,Staphylococcus aureus,1280,,,IC50,uM,UO_0000065,,26.4,26400.0,4.578396073130169
5384,,,19241854,[],CHEMBL4399779,Antibiofilm activity against Staphylococcus aureus MTCC 96 assessed as inhibition of biofilm formation by crystal violet staining-based microtitre plate assay,F,,,BAO_0000190,BAO_0000218,organism-based format,O=C(c1cn(-c2ccc(Cl)cc2)nn1)c1c(-c2ccc(Cl)cc2)nc2sccn12,,,CHEMBL4396937,Bioorg Med Chem Lett,2019,,CHEMBL4454717,,CHEMBL4454717,,0,http://www.openphacts.org/units/MicrogramPerMilliliter,3211952,=,1,1,=,,IC50,ug.mL-1,,18.4,CHEMBL352,Staphylococcus aureus,Staphylococcus aureus,1280,,,IC50,ug ml-1,UO_0000274,,18.4,41788.26521921805,4.378945657603897
4972,,,19107455,[],CHEMBL4369768,Antibiofilm activity against Mycobacterium smegmatis str. MC2 155 ATCC 700084 assessed as inhibition of biofilm formation incubated for 48 hrs by crystal violet reporter assay,F,,,BAO_0000190,BAO_0000218,organism-based format,CCCCCc1ccc(C(=O)Nc2ccc3c(c2)nc(N)n3CCc2ccccc2OC)cc1,,,CHEMBL4368897,Medchemcomm,2019,,CHEMBL3304433,,CHEMBL3304433,4.95,0,http://www.openphacts.org/units/Nanomolar,3188133,=,1,1,=,,IC50,nM,,11300.0,CHEMBL613088,Mycolicibacterium smegmatis,Mycolicibacterium smegmatis,1772,,,IC50,uM,UO_0000065,,11.3,11300.0,4.94692155651658
2519,,,16605503,[],CHEMBL3813215,Antibiofilm activity against Bacillus subtilis MTCC 121 after 24 hrs by crystal violet staining based assay,F,,,BAO_0000190,BAO_0000218,organism-based format,O=C1C=C(N2CC2)C(=O)C(c2cc(-c3ccc(C(=O)N4CCCCC4)s3)on2)=C1N1CC1,,,CHEMBL3808371,Eur J Med Chem,2016,,CHEMBL3809027,,CHEMBL3809027,5.55,0,http://www.openphacts.org/units/Nanomolar,2778944,=,1,1,=,,IC50,nM,,2800.0,CHEMBL359,Bacillus subtilis,Bacillus subtilis,1423,,,IC50,uM,UO_0000065,,2.8,2800.0,5.552841968657781
3397,,,18570191,[],CHEMBL4220812,Antibiofilm activity against Salmonella typhimurium ATCC 14028 after 24 hrs by crystal violet staining based assay,F,,,BAO_0000190,BAO_0000218,organism-based format,c1ccc(-c2cnc(NCCCCCNc3ncc(-c4ccccc4)[nH]3)[nH]2)cc1,,,CHEMBL4219072,Bioorg Med Chem,2018,,CHEMBL4227008,,CHEMBL4227008,5.34,0,http://www.openphacts.org/units/Nanomolar,3083440,=,1,1,=,,IC50,nM,,4600.0,CHEMBL351,Salmonella enterica subsp. enterica serovar Typhimurium,Salmonella typhimurium,90371,,,IC50,uM,UO_0000065,,4.6,4600.0,5.337242168318426
1144,,,13840653,[],CHEMBL3095561,Antibiofilm activity against Staphylococcus aureus MLS-16 MTCC 2940 after 24 hrs by crystal violet assay,F,,,BAO_0000190,BAO_0000218,organism-based format,O=C(NCc1cn(Cc2ccc([N+](=O)[O-])cc2)nn1)c1ccc([N+](=O)[O-])o1,,,CHEMBL3091424,Bioorg Med Chem Lett,2013,,CHEMBL3093116,,CHEMBL3093116,,0,http://www.openphacts.org/units/MicrogramPerMilliliter,1953076,=,1,1,=,,IC50,ug.mL-1,,3.8,CHEMBL352,Staphylococcus aureus,Staphylococcus aureus,1280,,,IC50,ug ml-1,UO_0000274,,3.8,10206.904702428434,4.991105940034848
3406,,,18570200,[],CHEMBL4220812,Antibiofilm activity against Salmonella typhimurium ATCC 14028 after 24 hrs by crystal violet staining based assay,F,,,BAO_0000190,BAO_0000218,organism-based format,Clc1ccc(-c2cnc(NCCCCCCCCNc3ncc(-c4ccc(Cl)cc4)[nH]3)[nH]2)cc1,,,CHEMBL4219072,Bioorg Med Chem,2018,,CHEMBL4229053,,CHEMBL4229053,5.08,0,http://www.openphacts.org/units/Nanomolar,3083449,=,1,1,=,,IC50,nM,,8300.0,CHEMBL351,Salmonella enterica subsp. enterica serovar Typhimurium,Salmonella typhimurium,90371,,,IC50,uM,UO_0000065,,8.3,8300.0,5.080921907623926
572,,,6152587,[],CHEMBL1763327,Antibacterial activity against Escherichia coli UTI89 assessed as inhibition of biofilm formation after 24 hrs,F,,,BAO_0000188,BAO_0000218,organism-based format,O=C(NCc1cc(=O)n2c(c1-c1cccc(C(F)(F)F)c1)SC[C@H]2C(=O)O)c1cccc2ccccc12,Outside typical range,"Values for this activity type are unusually large/small, so may not be accurate",CHEMBL1759904,Eur J Med Chem,2011,,CHEMBL1761543,,CHEMBL1761543,,0,http://www.openphacts.org/units/Nanomolar,1413757,=,1,1,=,,EC50,nM,,130000.0,CHEMBL354,Escherichia coli,Escherichia coli,562,,,EC50,uM,UO_0000065,,130.0,130000.0,3.886056647693163
789,,,6306951,[],CHEMBL1815005,Antimicrobial activity against Salmonella Typhimurium ATCC 14028 assessed as inhibition of biofilm formation after 24 hrs by spectrophotometry,F,,,BAO_0000190,BAO_0000218,organism-based format,CCCCCCN1c2nccc[n+]2C[C@@]1(O)c1ccc([N+](=O)[O-])cc1.[Br-],,,CHEMBL1811868,Bioorg Med Chem,2011,,CHEMBL1814033,,CHEMBL1851789,4.26,0,http://www.openphacts.org/units/Nanomolar,1448539,=,1,1,=,,IC50,nM,,54700.0,CHEMBL351,Salmonella enterica subsp. enterica serovar Typhimurium,Salmonella typhimurium,90371,,,IC50,uM,UO_0000065,,54.7,54700.0,4.262012673666569
3256,,,18511445,[],CHEMBL4191874,Antibiofilm activity against Staphylococcus aureus SH1000 after 48 hrs by crystal violet staining based method,F,,,BAO_0000179,BAO_0000218,organism-based format,COc1ccc(NC(=O)Cn2c(N)nc(Cc3ccc(C(C)(C)C)cc3)c2-c2ccccc2Br)cc1,,,CHEMBL4190235,Eur J Med Chem,2017,,CHEMBL4209643,,CHEMBL4209643,,0,http://www.openphacts.org/units/Micromolar,3073320,=,1,0,=,,MBIC50,uM,,11.5,CHEMBL352,Staphylococcus aureus,Staphylococcus aureus,1280,,,MBIC50,uM,UO_0000064,,11.5,11500.0,4.939302159646388
3493,,,18570287,[],CHEMBL4220814,Antibiofilm activity against Escherichia coli TG1 after 24 hrs by crystal violet staining based assay,F,,,BAO_0000190,BAO_0000218,organism-based format,Nc1ncc(-c2ccc(Br)cc2)n1CCCn1c(-c2ccc(Br)cc2)cnc1N,,,CHEMBL4219072,Bioorg Med Chem,2018,,CHEMBL4225849,,CHEMBL4225849,5.2,0,http://www.openphacts.org/units/Nanomolar,3083436,=,1,1,=,,IC50,nM,,6300.0,CHEMBL354,Escherichia coli,Escherichia coli,562,,,IC50,uM,UO_0000065,,6.3,6300.0,5.200659450546418
656,,,6304694,[],CHEMBL1815005,Antimicrobial activity against Salmonella Typhimurium ATCC 14028 assessed as inhibition of biofilm formation after 24 hrs by spectrophotometry,F,,,BAO_0000190,BAO_0000218,organism-based format,CNc1ncc(-c2ccc(F)cc2)[nH]1,Outside typical range,"Values for this activity type are unusually large/small, so may not be accurate",CHEMBL1811868,Bioorg Med Chem,2011,,CHEMBL1814249,,CHEMBL1814249,,0,http://www.openphacts.org/units/Nanomolar,1448791,=,1,1,=,,IC50,nM,,101700.0,CHEMBL351,Salmonella enterica subsp. enterica serovar Typhimurium,Salmonella typhimurium,90371,,,IC50,uM,UO_0000065,,101.7,101700.0,3.9926790470772557
5051,,,19147131,[],CHEMBL4379054,Antibiofilm activity against methicillin-resistant Staphylococcus aureus assessed as inhibition of biofilm formation incubated for overnight by crystal violet staining based microtiter plate assay,F,,,BAO_0000190,BAO_0000218,organism-based format,CC[C@H](C)[C@H](NC(=O)[C@H](CN)NC(=O)[C@@H](NC(=O)[C@H](C)NC(=O)[C@@H](NC(=O)[C@@H](NC(=O)[C@H](CC(C)C)NC(=O)[C@H](CN)NC(=O)[C@@H](N)C(C)C)[C@@H](C)CC)C(C)C)C(C)C)C(=O)N[C@@H](Cc1c[nH]c2ccccc12)C(=O)N[C@@H](CN)C(=O)N[C@@H](CN)C(N)=O,,,CHEMBL4376833,J Med Chem,2019,,CHEMBL4462638,,CHEMBL4462638,4.89,0,http://www.openphacts.org/units/Nanomolar,3195604,=,1,1,=,,IC50,nM,,12800.0,CHEMBL352,Staphylococcus aureus,Staphylococcus aureus,1280,,,IC50,uM,UO_0000065,,12.8,12800.0,4.892790030352131
3708,,,18730777,[],CHEMBL4260145,Antibiofilm activity against Salmonella typhimurium ATCC 14028 after 24 hrs by crystal violet staining based assay,F,,,BAO_0000190,BAO_0000218,organism-based format,CCCCCc1ccc(C(=O)Nc2ccc3c(c2)nc(N)n3CCc2cnc[nH]2)cc1.Cl,,,CHEMBL4257552,Medchemcomm,2018,,CHEMBL4277449,,CHEMBL4300023,4.7,0,http://www.openphacts.org/units/Nanomolar,3111826,=,1,1,=,,IC50,nM,,20000.0,CHEMBL351,Salmonella enterica subsp. enterica serovar Typhimurium,Salmonella typhimurium,90371,,,IC50,uM,UO_0000065,40.0,20.0,20000.0,4.698970004336019
2088,,,15668835,[],CHEMBL3603703,Inhibition of biofilm formation in Staphylococcus aureus 8325-4 after 24 hrs by microtiter plate assay,F,,,BAO_0000188,BAO_0000218,organism-based format,COc1cc([C@H]2Oc3cc(-c4cc(=O)c5c(O)cc(O)cc5o4)ccc3O[C@@H]2CO)ccc1O,,,CHEMBL3600361,J Nat Prod,2015,,CHEMBL89401,HYDNOCARPIN,CHEMBL89401,,0,http://www.openphacts.org/units/MicrogramPerMilliliter,2493550,=,1,1,=,,EC50,ug.mL-1,,16.0,CHEMBL352,Staphylococcus aureus,Staphylococcus aureus,1280,,,EC50,ug ml-1,UO_0000274,,16.0,34451.1289204308,4.462796542235876
3476,,,18570270,[],CHEMBL4220814,Antibiofilm activity against Escherichia coli TG1 after 24 hrs by crystal violet staining based assay,F,,,BAO_0000190,BAO_0000218,organism-based format,Nc1ncc(-c2ccc(F)cc2)n1CCCCCCn1c(-c2ccc(F)cc2)cnc1N,,,CHEMBL4219072,Bioorg Med Chem,2018,,CHEMBL4226343,,CHEMBL4226343,5.75,0,http://www.openphacts.org/units/Nanomolar,3083419,=,1,1,=,,IC50,nM,,1800.0,CHEMBL354,Escherichia coli,Escherichia coli,562,,,IC50,uM,UO_0000065,,1.8,1800.0,5.7447274948966935
798,,,6306960,[],CHEMBL1815005,Antimicrobial activity against Salmonella Typhimurium ATCC 14028 assessed as inhibition of biofilm formation after 24 hrs by spectrophotometry,F,,,BAO_0000190,BAO_0000218,organism-based format,CCCCCCCCCCCCN1c2nccc[n+]2C[C@@]1(O)c1ccc(Cl)cc1.[Br-],Outside typical range,"Values for this activity type are unusually large/small, so may not be accurate",CHEMBL1811868,Bioorg Med Chem,2011,,CHEMBL1814024,,CHEMBL1851631,,0,http://www.openphacts.org/units/Nanomolar,1448530,=,1,1,=,,IC50,nM,,122100.0,CHEMBL351,Salmonella enterica subsp. enterica serovar Typhimurium,Salmonella typhimurium,90371,,,IC50,uM,UO_0000065,,122.1,122100.0,3.913284336055117
589,,,6303262,[],CHEMBL1815005,Antimicrobial activity against Salmonella Typhimurium ATCC 14028 assessed as inhibition of biofilm formation after 24 hrs by spectrophotometry,F,,,BAO_0000190,BAO_0000218,organism-based format,CSc1ccc(-c2cnc(NC3CCCCC3)[nH]2)cc1,Outside typical range,"Values for this activity type are unusually large/small, so may not be accurate",CHEMBL1811868,Bioorg Med Chem,2011,,CHEMBL1814376,,CHEMBL1814376,,0,http://www.openphacts.org/units/Nanomolar,1448973,=,1,1,=,,IC50,nM,,191300.0,CHEMBL351,Salmonella enterica subsp. enterica serovar Typhimurium,Salmonella typhimurium,90371,,,IC50,uM,UO_0000065,,191.3,191300.0,3.718285029972704
6089,,,22446319,[],CHEMBL4679608,Antibiofilm activity against Streptococcus mutans UA159 assessed as inhibition of biofilm formation by serial dilution method,F,,,BAO_0000190,BAO_0000218,organism-based format,NCc1ccccc1NC(=O)c1cc2cc([N+](=O)[O-])ccc2o1,,,CHEMBL4673385,ACS Med Chem Lett,2021,,CHEMBL4760408,,CHEMBL4760408,4.01,0,http://www.openphacts.org/units/Nanomolar,3517904,=,1,1,=,,IC50,nM,,98300.0,CHEMBL612426,Streptococcus mutans,Streptococcus mutans,1309,,,IC50,uM,UO_0000065,,98.3,98300.0,4.007446482167865
8109,,,24898343,"[{'comments': None, 'relation': '=', 'result_flag': 0, 'standard_relation': '=', 'standard_text_value': None, 'standard_type': 'TIME', 'standard_units': 'hr', 'standard_value': '24.0', 'text_value': None, 'type': 'Time', 'units': 'hrs', 'value': '24.0'}]",CHEMBL5159907,Antibiofilm activity against Salmonella typhimurium ATCC 14028 assessed as inhibition of biofilm formation incubated for 24 hrs by crystal violet staining based spectrophotometry,F,,,BAO_0000190,BAO_0000218,organism-based format,CN(Cc1ccsc1)CC1CCN(Cc2ccccc2F)CC1,,,CHEMBL5154764,Eur J Med Chem,2022,,CHEMBL5175442,,CHEMBL5175442,5.06,0,http://www.openphacts.org/units/Nanomolar,3891405,=,1,1,=,,IC50,nM,,8800.0,CHEMBL351,Salmonella enterica subsp. enterica serovar Typhimurium,Salmonella typhimurium,90371,,,IC50,uM,UO_0000065,,8.8,8800.0,5.055517327849833
1935,,,15087790,[],CHEMBL3388394,Inhibition of biofilm formation in methicillin-resistant Staphylococcus aureus MTCC 96 after 36 hr incubation by tissue culture plate method,F,,,BAO_0000190,BAO_0000218,organism-based format,COc1ccc2[nH]c(-c3ccc(NC(=O)COCC(=O)O)cc3)nc2c1,,,CHEMBL3352166,Bioorg Med Chem,2014,,CHEMBL3344041,,CHEMBL3344041,4.5,0,http://www.openphacts.org/units/Nanomolar,2266655,=,1,1,=,,IC50,nM,,31720.0,CHEMBL352,Staphylococcus aureus,Staphylococcus aureus,1280,,,IC50,uM,UO_0000065,,31.72,31720.0,4.498666821354433
803,,,6306965,[],CHEMBL1815005,Antimicrobial activity against Salmonella Typhimurium ATCC 14028 assessed as inhibition of biofilm formation after 24 hrs by spectrophotometry,F,,,BAO_0000190,BAO_0000218,organism-based format,CCCCCCCN1c2nccc[n+]2C[C@@]1(O)c1ccc(Cl)cc1.[Br-],,,CHEMBL1811868,Bioorg Med Chem,2011,,CHEMBL1814019,,CHEMBL1851627,5.17,0,http://www.openphacts.org/units/Nanomolar,1448525,=,1,1,=,,IC50,nM,,6700.0,CHEMBL351,Salmonella enterica subsp. enterica serovar Typhimurium,Salmonella typhimurium,90371,,,IC50,uM,UO_0000065,,6.7,6700.0,5.173925197299173
3580,,,18583860,[],CHEMBL4223115,Antibiofilm activity against Bacillus subtilis MTCC 121 after 24 hrs by crystal violet staining-based assay,F,,,BAO_0000190,BAO_0000218,organism-based format,O=C(c1nc(-c2ccccc2)c2c(C(F)(F)F)cc(-c3ccccc3)nc2n1)N1CCN(CCO)CC1,,,CHEMBL4219190,Bioorg Med Chem Lett,2018,,CHEMBL4225195,,CHEMBL4225195,,0,http://www.openphacts.org/units/MicrogramPerMilliliter,3086030,=,1,1,=,,IC50,ug.mL-1,,21.6,CHEMBL359,Bacillus subtilis,Bacillus subtilis,1423,,,IC50,ug ml-1,UO_0000274,,21.6,42560.23455418152,4.370995987261268
705,,,6305753,[],CHEMBL1815005,Antimicrobial activity against Salmonella Typhimurium ATCC 14028 assessed as inhibition of biofilm formation after 24 hrs by spectrophotometry,F,,,BAO_0000190,BAO_0000218,organism-based format,O=[N+]([O-])c1ccc([C@]2(O)C[n+]3cccnc3N2C2CC2)cc1.[Br-],Outside typical range,"Values for this activity type are unusually large/small, so may not be accurate",CHEMBL1811868,Bioorg Med Chem,2011,,CHEMBL1814225,,CHEMBL1851786,,0,http://www.openphacts.org/units/Nanomolar,1448764,=,1,1,=,,IC50,nM,,125100.0,CHEMBL351,Salmonella enterica subsp. enterica serovar Typhimurium,Salmonella typhimurium,90371,,,IC50,uM,UO_0000065,,125.1,125100.0,3.90274269030658
8182,,,24898416,"[{'comments': None, 'relation': '=', 'result_flag': 0, 'standard_relation': '=', 'standard_text_value': None, 'standard_type': 'TIME', 'standard_units': 'hr', 'standard_value': '24.0', 'text_value': None, 'type': 'Time', 'units': 'hrs', 'value': '24.0'}]",CHEMBL5159908,Antibiofilm activity against Salmonella typhimurium ATCC 14028 assessed as biofilm dispersal effect incubated for 24 hrs by crystal violet staining based spectrophotometry,F,,,BAO_0000188,BAO_0000218,organism-based format,CN(Cc1ccsc1)CC1CCN(Cc2ccc(Cl)c(Cl)c2)CC1,,,CHEMBL5154764,Eur J Med Chem,2022,,CHEMBL5206385,,CHEMBL5206385,4.26,0,http://www.openphacts.org/units/Nanomolar,3891427,=,1,1,=,,EC50,nM,,55000.0,CHEMBL351,Salmonella enterica subsp. enterica serovar Typhimurium,Salmonella typhimurium,90371,,,EC50,uM,UO_0000065,,55.0,55000.0,4.259637310505756
6108,,,22446338,[],CHEMBL4679608,Antibiofilm activity against Streptococcus mutans UA159 assessed as inhibition of biofilm formation by serial dilution method,F,,,BAO_0000190,BAO_0000218,organism-based format,CC(C)(C)OC(=O)NCc1ccccc1NC(=O)c1cc2cc([N+](=O)[O-])ccc2s1,,,CHEMBL4673385,ACS Med Chem Lett,2021,,CHEMBL4752433,,CHEMBL4752433,4.29,0,http://www.openphacts.org/units/Nanomolar,3517885,=,1,1,=,,IC50,nM,,51500.0,CHEMBL612426,Streptococcus mutans,Streptococcus mutans,1309,,,IC50,uM,UO_0000065,,51.5,51500.0,4.288192770958809
349,,,5190441,[],CHEMBL1663615,Antibiofilm activity in Salmonella Typhimurium ATCC 14028 assessed as inhibition of biofilm formation at 25 degC after 24 hrs,F,,,BAO_0000190,BAO_0000218,organism-based format,CCCCCCCC[n+]1c(-c2ccc(F)c(F)c2)cn2cccnc21.[O-][Cl+3]([O-])([O-])[O-],,,CHEMBL1649413,J Med Chem,2011,,CHEMBL1649884,,CHEMBL1739633,5.42,0,http://www.openphacts.org/units/Nanomolar,1322163,=,1,1,=,,IC50,nM,,3800.0,CHEMBL351,Salmonella enterica subsp. enterica serovar Typhimurium,Salmonella typhimurium,90371,,,IC50,uM,UO_0000065,,3.8,3800.0,5.42021640338319
5554,,,19304599,[],CHEMBL4414410,Antibiofilm activity against Staphylococcus aureus ATCC 25923 after 24 hrs by crystal violet staining based assay,F,,,BAO_0000190,BAO_0000218,organism-based format,O=C(c1cc(Cl)cc(Cl)c1O)c1[nH]c(Cl)c(Cl)c1Br,,,CHEMBL4411342,Bioorg Med Chem,2019,,CHEMBL4436646,,CHEMBL4436646,7.0,0,http://www.openphacts.org/units/Nanomolar,3223503,=,1,1,=,,IC50,nM,,100.0,CHEMBL352,Staphylococcus aureus,Staphylococcus aureus,1280,,,IC50,uM,UO_0000065,,0.1,100.0,7.0
3473,,,18570267,[],CHEMBL4220814,Antibiofilm activity against Escherichia coli TG1 after 24 hrs by crystal violet staining based assay,F,,,BAO_0000190,BAO_0000218,organism-based format,Nc1ncc(-c2ccc(F)cc2)[nH]1,,,CHEMBL4219072,Bioorg Med Chem,2018,,CHEMBL1649771,,CHEMBL1649771,4.12,0,http://www.openphacts.org/units/Nanomolar,3083416,=,1,1,=,,IC50,nM,,75500.0,CHEMBL354,Escherichia coli,Escherichia coli,562,,,IC50,uM,UO_0000065,,75.5,75500.0,4.1220530483708115
3555,,,18570349,[],CHEMBL4220815,Antibiofilm activity against Staphylococcus aureus SH1000 after 48 hrs by crystal violet staining based assay,F,,,BAO_0000190,BAO_0000218,organism-based format,Fc1ccc(-c2cnc(NCCCCCNc3ncc(-c4ccc(F)cc4)[nH]3)[nH]2)cc1,Outside typical range,"Values for this activity type are unusually large/small, so may not be accurate",CHEMBL4219072,Bioorg Med Chem,2018,,CHEMBL4227793,,CHEMBL4227793,,0,http://www.openphacts.org/units/Nanomolar,3083446,=,1,1,=,,IC50,nM,,150000.0,CHEMBL352,Staphylococcus aureus,Staphylococcus aureus,1280,,,IC50,uM,UO_0000065,,150.0,150000.0,3.8239087409443187
4981,,,19107464,[],CHEMBL4369768,Antibiofilm activity against Mycobacterium smegmatis str. MC2 155 ATCC 700084 assessed as inhibition of biofilm formation incubated for 48 hrs by crystal violet reporter assay,F,,,BAO_0000190,BAO_0000218,organism-based format,CCCCCc1ccc(C(=O)Nc2ccc3c(c2)nc(N)n3CCCc2ccccc2Br)cc1,,,CHEMBL4368897,Medchemcomm,2019,,CHEMBL4440076,,CHEMBL4440076,4.98,0,http://www.openphacts.org/units/Nanomolar,3188142,=,1,1,=,,IC50,nM,,10500.0,CHEMBL613088,Mycolicibacterium smegmatis,Mycolicibacterium smegmatis,1772,,,IC50,uM,UO_0000065,,10.5,10500.0,4.978810700930062
1930,,,15087785,[],CHEMBL3388394,Inhibition of biofilm formation in methicillin-resistant Staphylococcus aureus MTCC 96 after 36 hr incubation by tissue culture plate method,F,,,BAO_0000190,BAO_0000218,organism-based format,O=C(O)CSCC(=O)Nc1ccc(-c2nc3cc(F)ccc3[nH]2)cc1,,,CHEMBL3352166,Bioorg Med Chem,2014,,CHEMBL3344037,,CHEMBL3344037,4.23,0,http://www.openphacts.org/units/Nanomolar,2266650,=,1,1,=,,IC50,nM,,59120.0,CHEMBL352,Staphylococcus aureus,Staphylococcus aureus,1280,,,IC50,uM,UO_0000065,,59.12,59120.0,4.22826557461323
3244,,,18511433,[],CHEMBL4191874,Antibiofilm activity against Staphylococcus aureus SH1000 after 48 hrs by crystal violet staining based method,F,,,BAO_0000179,BAO_0000218,organism-based format,CC(C)(C)c1ccc(Cc2nc(N)n(CC(=O)Nc3ccccc3)c2-c2ccccc2Br)cc1,,,CHEMBL4190235,Eur J Med Chem,2017,,CHEMBL4205758,,CHEMBL4205758,,0,http://www.openphacts.org/units/Micromolar,3073308,=,1,0,=,,MBIC50,uM,,6.5,CHEMBL352,Staphylococcus aureus,Staphylococcus aureus,1280,,,MBIC50,uM,UO_0000064,,6.5,6500.0,5.187086643357144
253,,,5190345,[],CHEMBL1663615,Antibiofilm activity in Salmonella Typhimurium ATCC 14028 assessed as inhibition of biofilm formation at 25 degC after 24 hrs,F,,,BAO_0000190,BAO_0000218,organism-based format,CCCCn1c(-c2ccccc2)cnc1N,,,CHEMBL1649413,J Med Chem,2011,,CHEMBL1649790,,CHEMBL1649790,4.29,0,http://www.openphacts.org/units/Nanomolar,1322067,=,1,1,=,,IC50,nM,,51900.0,CHEMBL351,Salmonella enterica subsp. enterica serovar Typhimurium,Salmonella typhimurium,90371,,,IC50,uM,UO_0000065,,51.9,51900.0,4.284832642151542
296,,,5190388,[],CHEMBL1663615,Antibiofilm activity in Salmonella Typhimurium ATCC 14028 assessed as inhibition of biofilm formation at 25 degC after 24 hrs,F,,,BAO_0000190,BAO_0000218,organism-based format,CCCCn1c(-c2ccc([N+](=O)[O-])cc2)cnc1N,Outside typical range,"Values for this activity type are unusually large/small, so may not be accurate",CHEMBL1649413,J Med Chem,2011,,CHEMBL1649832,,CHEMBL1649832,,0,http://www.openphacts.org/units/Nanomolar,1322110,=,1,1,=,,IC50,nM,,114300.0,CHEMBL351,Salmonella enterica subsp. enterica serovar Typhimurium,Salmonella typhimurium,90371,,,IC50,uM,UO_0000065,,114.3,114300.0,3.9419537696047184
6220,,,22750708,"[{'comments': None, 'relation': '=', 'result_flag': 0, 'standard_relation': '=', 'standard_text_value': None, 'standard_type': 'TIME', 'standard_units': 'hr', 'standard_value': '24.0', 'text_value': None, 'type': 'Time', 'units': 'hrs', 'value': '24.0'}]",CHEMBL4699742,Antibiofilm activity against Mycobacterium smegmatis mc2 155 ATCC 700084 assessed as inhibition of biofilm formation measured after 24 hrs by crystal violet reporter assay,F,,,BAO_0000190,BAO_0000218,organism-based format,Cn1cc(-c2ccnc(N)n2)c2ccc(Br)cc21,,,CHEMBL4699393,RSC Med Chem,2020,,CHEMBL4301943,,CHEMBL4301943,4.57,0,http://www.openphacts.org/units/Nanomolar,3530914,=,1,1,=,,IC50,nM,,26700.0,CHEMBL613088,Mycolicibacterium smegmatis,Mycolicibacterium smegmatis,1772,,,IC50,uM,UO_0000065,,26.7,26700.0,4.573488738635425
5642,,,20704024,[],CHEMBL4627903,Antibiofilm activity against Escherichia coli UTI89 incubated for 2 days at 23 degC followed by 1 day incubation at RT,F,,,BAO_0000179,BAO_0000218,organism-based format,CC1(C)CC[C@]2(C(=O)O)CC[C@]3(C)C(=CC[C@@H]4[C@@]5(C)C[C@@H](C(=O)N6CCOCC6)[C@H](O)C(C)(C)[C@@H]5CC[C@]43C)[C@@H]2C1,,,CHEMBL4627274,Bioorg Med Chem,2020,,CHEMBL4633753,,CHEMBL4633753,,0,http://www.openphacts.org/units/MicrogramPerMilliliter,3486849,=,1,0,=,,MBIC50,ug ml-1,,4.0,CHEMBL354,Escherichia coli,Escherichia coli,562,,,MBIC50,ug ml-1,UO_0000274,,4.0,7019.674392403305,5.153683032152545
8327,,,25035898,"[{'comments': None, 'relation': '=', 'result_flag': 0, 'standard_relation': '=', 'standard_text_value': None, 'standard_type': 'TIME', 'standard_units': 'hr', 'standard_value': '24.0', 'text_value': None, 'type': 'TIME', 'units': 'hrs', 'value': '24.0'}]",CHEMBL5243255,Antibiofilm activity against Escherichia coli MTCC 739 assessed as inhibition of biofilm incubated for 24 hrs by crystal violet staining based spectrophotometry,F,,,BAO_0000190,BAO_0000218,organism-based format,COc1ccc(Nc2ncnc3c2C(c2ccc(OC)cc2)c2c(cc(C)oc2=O)O3)cc1,,,CHEMBL5241112,RSC Med Chem,2022,,CHEMBL5272623,,CHEMBL5272623,5.6,0,http://www.openphacts.org/units/Nanomolar,3920867,=,1,1,=,,IC50,nM,,2500.0,CHEMBL354,Escherichia coli,Escherichia coli,562,,,IC50,uM,UO_0000065,,2.5,2500.0,5.6020599913279625
337,,,5190429,[],CHEMBL1663615,Antibiofilm activity in Salmonella Typhimurium ATCC 14028 assessed as inhibition of biofilm formation at 25 degC after 24 hrs,F,,,BAO_0000190,BAO_0000218,organism-based format,Nc1ncc(-c2ccccc2)n1Cc1ccc2c(c1)OCO2,,,CHEMBL1649413,J Med Chem,2011,,CHEMBL1649872,,CHEMBL1649872,4.01,0,http://www.openphacts.org/units/Nanomolar,1322151,=,1,1,=,,IC50,nM,,97300.0,CHEMBL351,Salmonella enterica subsp. enterica serovar Typhimurium,Salmonella typhimurium,90371,,,IC50,uM,UO_0000065,,97.3,97300.0,4.011887159731648
8189,,,24898423,"[{'comments': None, 'relation': '=', 'result_flag': 0, 'standard_relation': '=', 'standard_text_value': None, 'standard_type': 'TIME', 'standard_units': 'hr', 'standard_value': '24.0', 'text_value': None, 'type': 'Time', 'units': 'hrs', 'value': '24.0'}]",CHEMBL5159908,Antibiofilm activity against Salmonella typhimurium ATCC 14028 assessed as biofilm dispersal effect incubated for 24 hrs by crystal violet staining based spectrophotometry,F,,,BAO_0000188,BAO_0000218,organism-based format,CN(Cc1ccsc1)CC1CCN(CCc2ccc(I)cc2)CC1,,,CHEMBL5154764,Eur J Med Chem,2022,,CHEMBL5201112,,CHEMBL5201112,4.05,0,http://www.openphacts.org/units/Nanomolar,3891434,=,1,1,=,,EC50,nM,,89000.0,CHEMBL351,Salmonella enterica subsp. enterica serovar Typhimurium,Salmonella typhimurium,90371,,,EC50,uM,UO_0000065,,89.0,89000.0,4.050609993355087
260,,,5190352,[],CHEMBL1663615,Antibiofilm activity in Salmonella Typhimurium ATCC 14028 assessed as inhibition of biofilm formation at 25 degC after 24 hrs,F,,,BAO_0000190,BAO_0000218,organism-based format,CCCCCCCCCCCn1c(-c2ccccc2)cnc1N,,,CHEMBL1649413,J Med Chem,2011,,CHEMBL1649797,,CHEMBL1649797,5.14,0,http://www.openphacts.org/units/Nanomolar,1322074,=,1,1,=,,IC50,nM,,7200.0,CHEMBL351,Salmonella enterica subsp. enterica serovar Typhimurium,Salmonella typhimurium,90371,,,IC50,uM,UO_0000065,,7.2,7200.0,5.142667503568731
655,,,6304693,[],CHEMBL1815005,Antimicrobial activity against Salmonella Typhimurium ATCC 14028 assessed as inhibition of biofilm formation after 24 hrs by spectrophotometry,F,,,BAO_0000190,BAO_0000218,organism-based format,CCCCNc1ncc(-c2ccc(F)cc2)[nH]1,,,CHEMBL1811868,Bioorg Med Chem,2011,,CHEMBL1814250,,CHEMBL1814250,4.81,0,http://www.openphacts.org/units/Nanomolar,1448792,=,1,1,=,,IC50,nM,,15500.0,CHEMBL351,Salmonella enterica subsp. enterica serovar Typhimurium,Salmonella typhimurium,90371,,,IC50,uM,UO_0000065,,15.5,15500.0,4.809668301829708
289,,,5190381,[],CHEMBL1663615,Antibiofilm activity in Salmonella Typhimurium ATCC 14028 assessed as inhibition of biofilm formation at 25 degC after 24 hrs,F,,,BAO_0000190,BAO_0000218,organism-based format,CCn1c(-c2ccc(F)cc2)cnc1N,Outside typical range,"Values for this activity type are unusually large/small, so may not be accurate",CHEMBL1649413,J Med Chem,2011,,CHEMBL1649825,,CHEMBL1649825,,0,http://www.openphacts.org/units/Nanomolar,1322103,=,1,1,=,,IC50,nM,,290400.0,CHEMBL351,Salmonella enterica subsp. enterica serovar Typhimurium,Salmonella typhimurium,90371,,,IC50,uM,UO_0000065,,290.4,290400.0,3.537003387971944
343,,,5190435,[],CHEMBL1663615,Antibiofilm activity in Salmonella Typhimurium ATCC 14028 assessed as inhibition of biofilm formation at 25 degC after 24 hrs,F,,,BAO_0000190,BAO_0000218,organism-based format,CCCCCCCC[n+]1c(-c2ccc([N+](=O)[O-])cc2)cn2cccnc21.[O-][Cl+3]([O-])([O-])[O-],,,CHEMBL1649413,J Med Chem,2011,,CHEMBL1649878,,CHEMBL1739559,4.2,0,http://www.openphacts.org/units/Nanomolar,1322157,=,1,1,=,,IC50,nM,,63600.0,CHEMBL351,Salmonella enterica subsp. enterica serovar Typhimurium,Salmonella typhimurium,90371,,,IC50,uM,UO_0000065,,63.6,63600.0,4.196542884351586
3483,,,18570277,[],CHEMBL4220814,Antibiofilm activity against Escherichia coli TG1 after 24 hrs by crystal violet staining based assay,F,,,BAO_0000190,BAO_0000218,organism-based format,Nc1ncc(-c2ccc(Cl)cc2)n1CCCCCCn1c(-c2ccc(Cl)cc2)cnc1N,,,CHEMBL4219072,Bioorg Med Chem,2018,,CHEMBL4226401,,CHEMBL4226401,5.4,0,http://www.openphacts.org/units/Nanomolar,3083426,=,1,1,=,,IC50,nM,,4000.0,CHEMBL354,Escherichia coli,Escherichia coli,562,,,IC50,uM,UO_0000065,,4.0,4000.0,5.3979400086720375
5632,,,20704014,[],CHEMBL4627903,Antibiofilm activity against Escherichia coli UTI89 incubated for 2 days at 23 degC followed by 1 day incubation at RT,F,,,BAO_0000179,BAO_0000218,organism-based format,CC1(C)CC[C@]2(C(=O)O)CC[C@]3(C)C(=CC[C@@H]4[C@@]5(C)C[C@@H](C6=NCCCN6)[C@H](O)C(C)(C)[C@@H]5CC[C@]43C)[C@@H]2C1,,,CHEMBL4627274,Bioorg Med Chem,2020,,CHEMBL4648243,,CHEMBL4648243,,0,http://www.openphacts.org/units/MicrogramPerMilliliter,3486839,=,1,0,=,,MBIC50,ug ml-1,,4.0,CHEMBL354,Escherichia coli,Escherichia coli,562,,,MBIC50,ug ml-1,UO_0000274,,4.0,7423.670745355097,5.129381298190918
7701,,,24824015,"[{'comments': None, 'relation': '=', 'result_flag': 0, 'standard_relation': '=', 'standard_text_value': None, 'standard_type': 'TIME', 'standard_units': 'hr', 'standard_value': '22.0', 'text_value': None, 'type': 'Time', 'units': 'hrs', 'value': '22.0'}]",CHEMBL5140867,Antibiofilm activity against methicillin-sensitive Staphylococcus aureus UAMS-1 measured after 22 hrs by crystal violet staining based assay,F,,,BAO_0000179,BAO_0000218,organism-based format,C[C@@H]1O[C@@H](Oc2c(O)cc3c(=O)oc4c(O)c(O)cc5c(=O)oc2c3c45)[C@H](O)[C@H](O)[C@H]1O,,,CHEMBL5137057,J Med Chem,2022,,CHEMBL5196606,,CHEMBL5196606,,0,http://www.openphacts.org/units/MicrogramPerMilliliter,3876867,=,1,0,=,,MBIC50,ug ml-1,,64.0,CHEMBL352,Staphylococcus aureus,Staphylococcus aureus,1280,,,MBIC50,ug ml-1,UO_0000274,,64.0,142750.08029692012,3.8454236387913996
3165,,,18470443,[],CHEMBL4182537,Anti-biofilm activity against Pseudoalteromonas ulvae TC14 assessed as inhibition of bacterial adhesion incubated for 15 hrs at 20 degC by Syto 61 dye based fluorimetric assay,F,,,BAO_0000188,BAO_0000218,organism-based format,COc1ccc(-n2cc(C(=O)NCCc3ccc(OC)c(OC)c3)nn2)cc1,,,CHEMBL4177720,Bioorg Med Chem Lett,2018,,CHEMBL4209185,,CHEMBL4209185,4.26,0,http://www.openphacts.org/units/Nanomolar,3065758,=,1,1,=,,EC50,nM,,54600.0,CHEMBL4296595,Pseudoalteromonas ulvae,Pseudoalteromonas ulvae,107327,,,EC50,uM,UO_0000065,,54.6,54600.0,4.262807357295262
8122,,,24898356,"[{'comments': None, 'relation': '=', 'result_flag': 0, 'standard_relation': '=', 'standard_text_value': None, 'standard_type': 'TIME', 'standard_units': 'hr', 'standard_value': '24.0', 'text_value': None, 'type': 'Time', 'units': 'hrs', 'value': '24.0'}]",CHEMBL5159907,Antibiofilm activity against Salmonella typhimurium ATCC 14028 assessed as inhibition of biofilm formation incubated for 24 hrs by crystal violet staining based spectrophotometry,F,,,BAO_0000190,BAO_0000218,organism-based format,CN(Cc1ccsc1)CC1CCN(Cc2cccc(Cl)c2)CC1,,,CHEMBL5154764,Eur J Med Chem,2022,,CHEMBL5180510,,CHEMBL5180510,5.28,0,http://www.openphacts.org/units/Nanomolar,3891418,=,1,1,=,,IC50,nM,,5200.0,CHEMBL351,Salmonella enterica subsp. enterica serovar Typhimurium,Salmonella typhimurium,90371,,,IC50,uM,UO_0000065,,5.2,5200.0,5.2839966563652006
3727,,,18730800,[],CHEMBL4260145,Antibiofilm activity against Salmonella typhimurium ATCC 14028 after 24 hrs by crystal violet staining based assay,F,,,BAO_0000190,BAO_0000218,organism-based format,CCCCCCCCC(=O)Nc1ccc2c(c1)nc(N)n2CCCc1ccccc1.Cl,,,CHEMBL4257552,Medchemcomm,2018,,CHEMBL4293641,,CHEMBL4301583,4.82,0,http://www.openphacts.org/units/Nanomolar,3111850,=,1,1,=,,IC50,nM,,15000.0,CHEMBL351,Salmonella enterica subsp. enterica serovar Typhimurium,Salmonella typhimurium,90371,,,IC50,uM,UO_0000065,20.0,15.0,15000.0,4.823908740944319
6061,,,22446291,[],CHEMBL4679608,Antibiofilm activity against Streptococcus mutans UA159 assessed as inhibition of biofilm formation by serial dilution method,F,,,BAO_0000190,BAO_0000218,organism-based format,NC(=O)c1ccccc1NC(=O)c1ccc2ccccc2n1,Outside typical range,"Values for this activity type are unusually large/small, so may not be accurate",CHEMBL4673385,ACS Med Chem Lett,2021,,CHEMBL4743267,,CHEMBL4743267,,0,http://www.openphacts.org/units/Nanomolar,3517932,=,1,1,=,,IC50,nM,,165200.0,CHEMBL612426,Streptococcus mutans,Streptococcus mutans,1309,,,IC50,uM,UO_0000065,,165.2,165200.0,3.781989957015637
3401,,,18570195,[],CHEMBL4220812,Antibiofilm activity against Salmonella typhimurium ATCC 14028 after 24 hrs by crystal violet staining based assay,F,,,BAO_0000190,BAO_0000218,organism-based format,Fc1ccc(-c2cnc(NCCCCCCCNc3ncc(-c4ccc(F)cc4)[nH]3)[nH]2)cc1,,,CHEMBL4219072,Bioorg Med Chem,2018,,CHEMBL4226477,,CHEMBL4226477,4.98,0,http://www.openphacts.org/units/Nanomolar,3083444,=,1,1,=,,IC50,nM,,10400.0,CHEMBL351,Salmonella enterica subsp. enterica serovar Typhimurium,Salmonella typhimurium,90371,,,IC50,uM,UO_0000065,,10.4,10400.0,4.982966660701219
350,,,5190442,[],CHEMBL1663615,Antibiofilm activity in Salmonella Typhimurium ATCC 14028 assessed as inhibition of biofilm formation at 25 degC after 24 hrs,F,,,BAO_0000190,BAO_0000218,organism-based format,CCCCCCCC[n+]1c(-c2cccc(Br)c2)cn2cccnc21.[O-][Cl+3]([O-])([O-])[O-],,,CHEMBL1649413,J Med Chem,2011,,CHEMBL1649885,,CHEMBL1739634,5.14,0,http://www.openphacts.org/units/Nanomolar,1322164,=,1,1,=,,IC50,nM,,7300.0,CHEMBL351,Salmonella enterica subsp. enterica serovar Typhimurium,Salmonella typhimurium,90371,,,IC50,uM,UO_0000065,,7.3,7300.0,5.136677139879544
162,,,3469100,[],CHEMBL1252263,Antimicrobial activity against Salmonella Typhimurium ATCC 14028 assessed as inhibition of biofilm formation after 48 hrs using crystal violet staining by microtiter plate assay,F,,,BAO_0000190,BAO_0000218,organism-based format,CCCCC1=CC(=C(Br)Br)OC1=O,Outside typical range,"Values for this activity type are unusually large/small, so may not be accurate",CHEMBL1250426,Bioorg Med Chem,2010,,CHEMBL1078480,,CHEMBL1078480,,0,http://www.openphacts.org/units/Nanomolar,955114,=,1,1,=,,IC50,nM,,148000.0,CHEMBL351,Salmonella enterica subsp. enterica serovar Typhimurium,Salmonella typhimurium,90371,,,IC50,uM,UO_0000065,,148.0,148000.0,3.8297382846050425
3511,,,18570305,[],CHEMBL4220814,Antibiofilm activity against Escherichia coli TG1 after 24 hrs by crystal violet staining based assay,F,,,BAO_0000190,BAO_0000218,organism-based format,Clc1ccc(-c2cnc(NCCCNc3ncc(-c4ccc(Cl)cc4)[nH]3)[nH]2)cc1,,,CHEMBL4219072,Bioorg Med Chem,2018,,CHEMBL4228735,,CHEMBL4228735,5.31,0,http://www.openphacts.org/units/Nanomolar,3083454,=,1,1,=,,IC50,nM,,4900.0,CHEMBL354,Escherichia coli,Escherichia coli,562,,,IC50,uM,UO_0000065,,4.9,4900.0,5.309803919971486
3693,,,18730762,[],CHEMBL4260145,Antibiofilm activity against Salmonella typhimurium ATCC 14028 after 24 hrs by crystal violet staining based assay,F,,,BAO_0000190,BAO_0000218,organism-based format,Cl.Nc1nc2cc(NC(=O)c3cc(Cl)cc(Cl)c3)ccc2n1CCCc1ccccc1,,,CHEMBL4257552,Medchemcomm,2018,,CHEMBL4278087,,CHEMBL4301662,5.0,0,http://www.openphacts.org/units/Nanomolar,3111841,=,1,1,=,,IC50,nM,,10000.0,CHEMBL351,Salmonella enterica subsp. enterica serovar Typhimurium,Salmonella typhimurium,90371,,,IC50,uM,UO_0000065,15.0,10.0,10000.0,5.0
3709,,,18730778,[],CHEMBL4260145,Antibiofilm activity against Salmonella typhimurium ATCC 14028 after 24 hrs by crystal violet staining based assay,F,,,BAO_0000190,BAO_0000218,organism-based format,CCCCCc1ccc(C(=O)Nc2ccc3c(c2)nc(N)n3CCc2ccccc2)cc1.Cl,,,CHEMBL4257552,Medchemcomm,2018,,CHEMBL3218060,,CHEMBL3301796,4.7,0,http://www.openphacts.org/units/Nanomolar,3111825,=,1,1,=,,IC50,nM,,20000.0,CHEMBL351,Salmonella enterica subsp. enterica serovar Typhimurium,Salmonella typhimurium,90371,,,IC50,uM,UO_0000065,40.0,20.0,20000.0,4.698970004336019
2516,,,16605500,[],CHEMBL3813215,Antibiofilm activity against Bacillus subtilis MTCC 121 after 24 hrs by crystal violet staining based assay,F,,,BAO_0000190,BAO_0000218,organism-based format,CO[C@@]12[C@H](COC(N)=O)C3=C(C(=O)C(C)=C(N)C3=O)N1C[C@@H]1N[C@@H]12,,,CHEMBL3808371,Eur J Med Chem,2016,,CHEMBL105,MITOMYCIN,CHEMBL105,6.52,0,http://www.openphacts.org/units/Nanomolar,2779002,=,1,1,=,,IC50,nM,,300.0,CHEMBL359,Bacillus subtilis,Bacillus subtilis,1423,,,IC50,uM,UO_0000065,,0.3,300.0,6.522878745280337
8248,,,24987820,"[{'comments': None, 'relation': '=', 'result_flag': 0, 'standard_relation': '=', 'standard_text_value': None, 'standard_type': 'TIME', 'standard_units': 'hr', 'standard_value': '24.0', 'text_value': None, 'type': 'TIME', 'units': 'hrs', 'value': '24.0'}]",CHEMBL5228700,Inhibition of biofilm formation in Staphylococcus aureus ATCC 29213 incubated for 24 hrs by crystal violet staining based analysis,F,,,BAO_0000190,BAO_0000218,organism-based format,Cc1cc(C(=O)/C(=N/Nc2ccc(Cl)c(Cl)c2)C(=O)O)no1,,,CHEMBL5226340,J Med Chem,2021,,CHEMBL5267137,,CHEMBL5267137,6.1,0,http://www.openphacts.org/units/Nanomolar,3907040,=,1,1,=,,IC50,nM,,800.0,CHEMBL352,Staphylococcus aureus,Staphylococcus aureus,1280,,,IC50,uM,UO_0000065,,0.8,800.0,6.096910013008056
113,,,3347292,[],CHEMBL1174679,Antibacterial activity against Streptococcus mutans ATCC 25175 assessed as inhibition of biofilm formation after 18 hrs,F,,,BAO_0000179,BAO_0000218,organism-based format,COc1ccc(/C=C/[C@@](C)(/C=C/c2ccc(O)cc2)CCC=C(C)C)cc1,,,CHEMBL1177882,Eur J Med Chem,2010,,CHEMBL1171902,,CHEMBL1171902,,0,http://www.openphacts.org/units/MicrogramPerMilliliter,923370,=,1,0,=,,MBIC50,ug ml-1,,2.0,CHEMBL612426,Streptococcus mutans,Streptococcus mutans,1309,,,MBIC50,ug ml-1,UO_0000274,,2.0,5517.043526714901,5.258293589662429
3251,,,18511440,[],CHEMBL4191874,Antibiofilm activity against Staphylococcus aureus SH1000 after 48 hrs by crystal violet staining based method,F,,,BAO_0000179,BAO_0000218,organism-based format,Cc1ccc(NC(=O)Cn2c(N)nc(Cc3ccccc3)c2-c2ccccc2Br)cc1,,,CHEMBL4190235,Eur J Med Chem,2017,,CHEMBL4206851,,CHEMBL4206851,,0,http://www.openphacts.org/units/Micromolar,3073315,=,1,0,=,,MBIC50,uM,,7.6,CHEMBL352,Staphylococcus aureus,Staphylococcus aureus,1280,,,MBIC50,uM,UO_0000064,,7.6,7600.0,5.119186407719209
8328,,,25035901,"[{'comments': None, 'relation': '=', 'result_flag': 0, 'standard_relation': '=', 'standard_text_value': None, 'standard_type': 'TIME', 'standard_units': 'hr', 'standard_value': '24.0', 'text_value': None, 'type': 'TIME', 'units': 'hrs', 'value': '24.0'}]",CHEMBL5243258,Antibiofilm activity against Raoultella planticola MTCC 530 assessed as inhibition of biofilm incubated for 24 hrs by crystal violet staining based spectrophotometry,F,,,BAO_0000190,BAO_0000218,organism-based format,COc1ccc(Nc2ncnc3c2C(c2ccc(OC)cc2)c2c(cc(C)oc2=O)O3)cc1,,,CHEMBL5241112,RSC Med Chem,2022,,CHEMBL5272623,,CHEMBL5272623,5.6,0,http://www.openphacts.org/units/Nanomolar,3920867,=,1,1,=,,IC50,nM,,2500.0,CHEMBL613271,Raoultella planticola,Raoultella planticola,575,,,IC50,uM,UO_0000065,,2.5,2500.0,5.6020599913279625
4977,,,19107460,[],CHEMBL4369768,Antibiofilm activity against Mycobacterium smegmatis str. MC2 155 ATCC 700084 assessed as inhibition of biofilm formation incubated for 48 hrs by crystal violet reporter assay,F,,,BAO_0000190,BAO_0000218,organism-based format,CCCCCc1ccc(C(=O)Nc2ccc3c(c2)nc(N)n3CCCc2ccc(F)cc2)cc1,,,CHEMBL4368897,Medchemcomm,2019,,CHEMBL4555951,,CHEMBL4555951,5.44,0,http://www.openphacts.org/units/Nanomolar,3188138,=,1,1,=,,IC50,nM,,3600.0,CHEMBL613088,Mycolicibacterium smegmatis,Mycolicibacterium smegmatis,1772,,,IC50,uM,UO_0000065,,3.6,3600.0,5.443697499232712
1829,,,14739120,[],CHEMBL3296159,Antimicrobial activity against Staphylococcus aureus MLS-16 MTCC 2940 assessed as inhibition of biofilm formation after 24 hrs by crystal violet staining-based assay,F,,,BAO_0000190,BAO_0000218,organism-based format,CCCCCCCCCCn1nc(-n2cc(COc3cc(C(F)(F)F)nc(N)n3)nn2)c2ccc(C(F)(F)F)nc21,,,CHEMBL3286384,Bioorg Med Chem Lett,2014,,CHEMBL3287782,,CHEMBL3287782,,0,http://www.openphacts.org/units/MicrogramPerMilliliter,2115202,=,1,1,=,,IC50,ug.mL-1,,3.9,CHEMBL352,Staphylococcus aureus,Staphylococcus aureus,1280,,,IC50,ug ml-1,UO_0000274,,3.9,6660.325126332703,5.176504570060063
3557,,,18570351,[],CHEMBL4220815,Antibiofilm activity against Staphylococcus aureus SH1000 after 48 hrs by crystal violet staining based assay,F,,,BAO_0000190,BAO_0000218,organism-based format,Fc1ccc(-c2cnc(NCCCNc3ncc(-c4ccc(F)cc4)[nH]3)[nH]2)cc1,,,CHEMBL4219072,Bioorg Med Chem,2018,,CHEMBL4228476,,CHEMBL4228476,4.3,0,http://www.openphacts.org/units/Nanomolar,3083448,=,1,1,=,,IC50,nM,,50000.0,CHEMBL352,Staphylococcus aureus,Staphylococcus aureus,1280,,,IC50,uM,UO_0000065,,50.0,50000.0,4.301029995663981
3224,,,18511386,[],CHEMBL4191872,Antibiofilm activity against Salmonella typhimurium ATCC 14028 after 24 hrs by crystal violet staining based method,F,,,BAO_0000179,BAO_0000218,organism-based format,Cc1ccc(NC(=O)Cn2c(N)nc(Cc3ccccc3)c2-c2ccccc2Br)cc1,,,CHEMBL4190235,Eur J Med Chem,2017,,CHEMBL4206851,,CHEMBL4206851,,0,http://www.openphacts.org/units/Micromolar,3073315,=,1,0,=,,MBIC50,uM,,6.0,CHEMBL351,Salmonella enterica subsp. enterica serovar Typhimurium,Salmonella typhimurium,90371,,,MBIC50,uM,UO_0000064,,6.0,6000.0,5.221848749616356
3573,,,18583700,[],CHEMBL4223116,Antibiofilm activity against Staphylococcus aureus MTCC 96 after 24 hrs by crystal violet staining-based assay,F,,,BAO_0000190,BAO_0000218,organism-based format,O=C(NCCO)c1nc(-c2ccccc2)c2c(C(F)(F)F)cc(-c3ccccc3)nc2n1,,,CHEMBL4219190,Bioorg Med Chem Lett,2018,,CHEMBL4224974,,CHEMBL4224974,,0,http://www.openphacts.org/units/MicrogramPerMilliliter,3086026,=,1,1,=,,IC50,ug.mL-1,,21.6,CHEMBL352,Staphylococcus aureus,Staphylococcus aureus,1280,,,IC50,ug ml-1,UO_0000274,,21.6,49269.06153842643,4.307425709950877
2810,,,16819090,[],CHEMBL3872387,Antibiofilm activity against Staphylococcus aureus ATCC 29213 after 24 hrs by crystal-violet stain based assay,F,,,BAO_0000190,BAO_0000019,assay format,Cc1c(C(=O)Nc2ccccc2)cnn1-c1ccc([N+](=O)[O-])cc1,Outside typical range,"Values for this activity type are unusually large/small, so may not be accurate",CHEMBL3872202,Eur J Med Chem,2016,,CHEMBL3962380,,CHEMBL3962380,,0,http://www.openphacts.org/units/Nanomolar,2812688,=,1,1,=,,IC50,nM,,127000.0,CHEMBL352,Staphylococcus aureus,Staphylococcus aureus,1280,,,IC50,uM,UO_0000065,,127.0,127000.0,3.8961962790440428
1964,,,15125520,[],CHEMBL3381973,Anti-biofilm activity against Bacillus subtilis MTCC 121 assessed as inhibition of biofilm formation incubated for 24 hrs by crystal violet staining based modified biofilm inhibition assay,F,,,BAO_0000190,BAO_0000218,organism-based format,CCCCCCC(C/C=C\CCCCCCCC(=O)OC)/N=C\c1ccc(OC)c(OC)c1,,,CHEMBL3351415,Bioorg Med Chem Lett,2014,,CHEMBL3337779,,CHEMBL3337779,4.67,0,http://www.openphacts.org/units/Nanomolar,2272902,=,1,1,=,,IC50,nM,,21300.0,CHEMBL359,Bacillus subtilis,Bacillus subtilis,1423,,,IC50,uM,UO_0000065,,21.3,21300.0,4.671620396561262
5008,,,19127355,[],CHEMBL4374185,Antibiofilm activity against Mycobacterium smegmatis str. MC2 155 ATCC 700084 after 48 hrs by crystal violet staining based reporter assay,F,,,BAO_0000190,BAO_0000218,organism-based format,Cl.Nc1ncc2cc(NC(=O)c3ccc(Cl)cc3)ccc2n1,,,CHEMBL4373648,Medchemcomm,2019,,CHEMBL4483343,,CHEMBL4597561,4.82,0,http://www.openphacts.org/units/Nanomolar,3192248,=,1,1,=,,IC50,nM,,15000.0,CHEMBL613088,Mycolicibacterium smegmatis,Mycolicibacterium smegmatis,1772,,,IC50,uM,UO_0000065,,15.0,15000.0,4.823908740944319
5411,,,19241881,[],CHEMBL4399785,Antibiofilm activity against Escherichia coli MTCC 739 assessed as inhibition of biofilm formation incubated for 48 hrs in presence of Staphylococcus aureus MTCC 96 by FE-SEM analysis,F,,,BAO_0000190,BAO_0000218,organism-based format,O=C(c1cn(-c2ccc(Cl)cc2)nn1)c1c(-c2ccccc2)nc2sccn12,,,CHEMBL4396937,Bioorg Med Chem Lett,2019,,CHEMBL4471932,,CHEMBL4471932,,0,http://www.openphacts.org/units/MicrogramPerMilliliter,3211945,=,1,1,=,,IC50,ug.mL-1,,14.3,CHEMBL354,Escherichia coli,Escherichia coli,562,,,IC50,ug ml-1,UO_0000274,,14.3,35232.95636533865,4.453050914034632
2912,,,18067661,[],CHEMBL4014665,Antibiofilm activity against Staphylococcus aureus MTCC 96 after 24 hrs by crystal violet staining based method,F,,,BAO_0000190,BAO_0000019,assay format,O=C(Cn1nc(C(F)(F)F)c2c(-c3ccccc3)c3ccccc3nc21)NCCN1CCNCC1,,,CHEMBL4014279,Eur J Med Chem,2017,,CHEMBL4077877,,CHEMBL4077877,5.39,0,http://www.openphacts.org/units/Nanomolar,2994635,=,1,1,=,,IC50,nM,,4100.0,CHEMBL352,Staphylococcus aureus,Staphylococcus aureus,1280,,,IC50,uM,UO_0000065,,4.1,4100.0,5.3872161432802645
248,,,5190340,[],CHEMBL1663615,Antibiofilm activity in Salmonella Typhimurium ATCC 14028 assessed as inhibition of biofilm formation at 25 degC after 24 hrs,F,,,BAO_0000190,BAO_0000218,organism-based format,Nc1nc(-c2ccc(F)cc2)c(-c2ccc(F)cc2)[nH]1,,,CHEMBL1649413,J Med Chem,2011,,CHEMBL1649786,,CHEMBL1649786,4.74,0,http://www.openphacts.org/units/Nanomolar,1322062,=,1,1,=,,IC50,nM,,18200.0,CHEMBL351,Salmonella enterica subsp. enterica serovar Typhimurium,Salmonella typhimurium,90371,,,IC50,uM,UO_0000065,,18.2,18200.0,4.739928612014925
3532,,,18570326,[],CHEMBL4220815,Antibiofilm activity against Staphylococcus aureus SH1000 after 48 hrs by crystal violet staining based assay,F,,,BAO_0000190,BAO_0000218,organism-based format,Nc1ncc(-c2ccc(Cl)cc2)[nH]1,Outside typical range,"Values for this activity type are unusually large/small, so may not be accurate",CHEMBL4219072,Bioorg Med Chem,2018,,CHEMBL1649772,,CHEMBL1649772,,0,http://www.openphacts.org/units/Nanomolar,3083423,=,1,1,=,,IC50,nM,,121300.0,CHEMBL352,Staphylococcus aureus,Staphylococcus aureus,1280,,,IC50,uM,UO_0000065,,121.3,121300.0,3.9161391991334273
787,,,6306949,[],CHEMBL1815005,Antimicrobial activity against Salmonella Typhimurium ATCC 14028 assessed as inhibition of biofilm formation after 24 hrs by spectrophotometry,F,,,BAO_0000190,BAO_0000218,organism-based format,CCCCCCCCCCN1c2nccc[n+]2C[C@@]1(O)c1ccc([N+](=O)[O-])cc1.[Br-],,,CHEMBL1811868,Bioorg Med Chem,2011,,CHEMBL1814035,,CHEMBL1851902,5.0,0,http://www.openphacts.org/units/Nanomolar,1448541,=,1,1,=,,IC50,nM,,9900.0,CHEMBL351,Salmonella enterica subsp. enterica serovar Typhimurium,Salmonella typhimurium,90371,,,IC50,uM,UO_0000065,,9.9,9900.0,5.004364805402449
898,,,10928308,[],CHEMBL2044658,Inhibition of type 1 pili formation in uropathogenic Escherichia coli isolate UTI89 assessed as inhibition of biofilm formation after 24 hrs by crystal violet staining method,F,,,BAO_0000188,BAO_0000218,organism-based format,O=C(O)[C@@H]1CSc2c(-c3cn([C@H](CO)Cc4ccccc4)nn3)c(Cc3cccc4ccccc34)c(Br)c(=O)n21,Outside typical range,"Values for this activity type are unusually large/small, so may not be accurate",CHEMBL2040841,Eur J Med Chem,2012,,CHEMBL2043288,,CHEMBL2043288,,0,http://www.openphacts.org/units/Nanomolar,1651141,=,1,1,=,,EC50,nM,,150000.0,CHEMBL354,Escherichia coli,Escherichia coli,562,,,EC50,uM,UO_0000065,,150.0,150000.0,3.8239087409443187
2052,,,15239707,[],CHEMBL3423690,Antibiofilm activity activity against Staphylococcus aureus incubated for 24 hrs followed by biofilm resuspension in PBS and measured after 24 hrs,F,,,BAO_0000179,BAO_0000218,organism-based format,CCCCCCCN1C(=N)N(CCCC[C@H]2CNC(=N)N2CCC23C[C@H]4C[C@@H](C2)C[C@@H](C3)C4)C[C@@H]1CCCC,,,CHEMBL3421570,J Med Chem,2015,,CHEMBL3422198,,CHEMBL3422198,,0,http://www.openphacts.org/units/Micromolar,2294688,=,1,0,=,,MBEC50,uM,,6.4,CHEMBL352,Staphylococcus aureus,Staphylococcus aureus,1280,,,MBEC50,uM,UO_0000064,,6.4,6400.0,5.1938200260161125
5956,,,22444675,"[{'comments': None, 'relation': '=', 'result_flag': 0, 'standard_relation': '=', 'standard_text_value': None, 'standard_type': 'TIME', 'standard_units': 'hr', 'standard_value': '24.0', 'text_value': None, 'type': 'Time', 'units': 'hrs', 'value': '24.0'}]",CHEMBL4679314,Inhibition of biofilm formation in Escherichia coli MTCC 739 incubated for 24 hrs by crystal violet staining based microtiter plate method,F,,,BAO_0000190,BAO_0000218,organism-based format,COc1ccc(-n2cc(COc3ccc(/C=N/Nc4nc(-c5cc6c(ccc7ccccc76)oc5=O)cs4)cc3)nn2)cc1,Outside typical range,"Values for this activity type are unusually large/small, so may not be accurate",CHEMBL4673372,Bioorg Med Chem Lett,2021,,CHEMBL4753788,,CHEMBL4753788,,0,http://www.openphacts.org/units/Nanomolar,3517642,=,1,1,=,,IC50,nM,,127000.0,CHEMBL354,Escherichia coli,Escherichia coli,562,,,IC50,uM,UO_0000065,,127.0,127000.0,3.8961962790440428
3416,,,18570210,[],CHEMBL4220812,Antibiofilm activity against Salmonella typhimurium ATCC 14028 after 24 hrs by crystal violet staining based assay,F,,,BAO_0000190,BAO_0000218,organism-based format,Brc1ccc(-c2cnc(NCCCCNc3ncc(-c4ccc(Br)cc4)[nH]3)[nH]2)cc1,,,CHEMBL4219072,Bioorg Med Chem,2018,,CHEMBL4225550,,CHEMBL4225550,4.88,0,http://www.openphacts.org/units/Nanomolar,3083459,=,1,1,=,,IC50,nM,,13200.0,CHEMBL351,Salmonella enterica subsp. enterica serovar Typhimurium,Salmonella typhimurium,90371,,,IC50,uM,UO_0000065,,13.2,13200.0,4.87942606879415
320,,,5190412,[],CHEMBL1663615,Antibiofilm activity in Salmonella Typhimurium ATCC 14028 assessed as inhibition of biofilm formation at 25 degC after 24 hrs,F,,,BAO_0000190,BAO_0000218,organism-based format,Nc1ncc(-c2ccc(Cl)cc2)n1C1CCCCCC1,,,CHEMBL1649413,J Med Chem,2011,,CHEMBL1649856,,CHEMBL1649856,4.8,0,http://www.openphacts.org/units/Nanomolar,1322134,=,1,1,=,,IC50,nM,,15700.0,CHEMBL351,Salmonella enterica subsp. enterica serovar Typhimurium,Salmonella typhimurium,90371,,,IC50,uM,UO_0000065,,15.7,15700.0,4.804100347590766
3562,,,18570356,[],CHEMBL4220815,Antibiofilm activity against Staphylococcus aureus SH1000 after 48 hrs by crystal violet staining based assay,F,,,BAO_0000190,BAO_0000218,organism-based format,Clc1ccc(-c2cnc(NCCCCNc3ncc(-c4ccc(Cl)cc4)[nH]3)[nH]2)cc1,Outside typical range,"Values for this activity type are unusually large/small, so may not be accurate",CHEMBL4219072,Bioorg Med Chem,2018,,CHEMBL4224972,,CHEMBL4224972,,0,http://www.openphacts.org/units/Nanomolar,3083453,=,1,1,=,,IC50,nM,,200000.0,CHEMBL352,Staphylococcus aureus,Staphylococcus aureus,1280,,,IC50,uM,UO_0000065,,200.0,200000.0,3.6989700043360187
8184,,,24898418,"[{'comments': None, 'relation': '=', 'result_flag': 0, 'standard_relation': '=', 'standard_text_value': None, 'standard_type': 'TIME', 'standard_units': 'hr', 'standard_value': '24.0', 'text_value': None, 'type': 'Time', 'units': 'hrs', 'value': '24.0'}]",CHEMBL5159908,Antibiofilm activity against Salmonella typhimurium ATCC 14028 assessed as biofilm dispersal effect incubated for 24 hrs by crystal violet staining based spectrophotometry,F,,,BAO_0000188,BAO_0000218,organism-based format,CN(Cc1ccsc1)CC1CCN(Cc2ccc(Br)c(Br)c2)CC1,,,CHEMBL5154764,Eur J Med Chem,2022,,CHEMBL5187678,,CHEMBL5187678,4.5,0,http://www.openphacts.org/units/Nanomolar,3891429,=,1,1,=,,EC50,nM,,32000.0,CHEMBL351,Salmonella enterica subsp. enterica serovar Typhimurium,Salmonella typhimurium,90371,,,EC50,uM,UO_0000065,,32.0,32000.0,4.494850021680094
4182,,,18955419,[],CHEMBL4332306,Anti-biofilm activity against Pseudoalteromonas ulvae TC14 assessed as inhibition of bacterial adhesion incubated for 15 hrs at 20 degC by Syto 61 dye based fluorescence assay,F,,,BAO_0000188,BAO_0000218,organism-based format,CN(C)CCOc1ccc(CCn2cc(-c3ccc(-c4cn(CCc5ccc(OCCN(C)C)c(Br)c5)nn4)cc3)nn2)cc1Br,,,CHEMBL4330109,Bioorg Med Chem Lett,2019,,CHEMBL4562475,,CHEMBL4562475,6.05,0,http://www.openphacts.org/units/Nanomolar,3162289,=,1,1,=,,EC50,nM,,900.0,CHEMBL4296595,Pseudoalteromonas ulvae,Pseudoalteromonas ulvae,107327,,,EC50,uM,UO_0000065,,0.9,900.0,6.045757490560675
1927,,,15087782,[],CHEMBL3388394,Inhibition of biofilm formation in methicillin-resistant Staphylococcus aureus MTCC 96 after 36 hr incubation by tissue culture plate method,F,,,BAO_0000190,BAO_0000218,organism-based format,O=C(O)COCC(=O)Nc1ccc(-c2nc3ccccc3[nH]2)cc1,,,CHEMBL3352166,Bioorg Med Chem,2014,,CHEMBL3344034,,CHEMBL3344034,4.16,0,http://www.openphacts.org/units/Nanomolar,2266647,=,1,1,=,,IC50,nM,,68800.0,CHEMBL352,Staphylococcus aureus,Staphylococcus aureus,1280,,,IC50,uM,UO_0000065,,68.8,68800.0,4.162411561764489
4966,,,19107449,[],CHEMBL4369768,Antibiofilm activity against Mycobacterium smegmatis str. MC2 155 ATCC 700084 assessed as inhibition of biofilm formation incubated for 48 hrs by crystal violet reporter assay,F,,,BAO_0000190,BAO_0000218,organism-based format,CCCCCCn1c(N)nc2cc(NC(=O)c3ccc(CCCCC)cc3)ccc21,,,CHEMBL4368897,Medchemcomm,2019,,CHEMBL3301789,,CHEMBL3301789,4.59,0,http://www.openphacts.org/units/Nanomolar,3188128,=,1,1,=,,IC50,nM,,25600.0,CHEMBL613088,Mycolicibacterium smegmatis,Mycolicibacterium smegmatis,1772,,,IC50,uM,UO_0000065,,25.6,25600.0,4.59176003468815
945,,,10954616,[],CHEMBL2061045,Antibacterial activity against Escherichia coli K-12 ATCC 25404 assessed as inhibition of biofilm formation after 2 hrs by confocal laser microscopic analysis,F,,,BAO_0000190,BAO_0000218,organism-based format,COC(=O)c1cccc(-c2ccc(O[C@H]3O[C@H](CO)[C@@H](O)[C@H](O)[C@@H]3O)c(Cl)c2)c1,,,CHEMBL2057137,J Med Chem,2012,,CHEMBL2058195,,CHEMBL2058195,6.58,0,http://www.openphacts.org/units/Nanomolar,1656065,=,1,1,=,,IC50,nM,,260.0,CHEMBL354,Escherichia coli,Escherichia coli,562,,,IC50,uM,UO_0000065,,0.26,260.0,6.585026652029182
4411,,,18982265,[],CHEMBL4339393,Antibiofilm activity against Escherichia coli ATCC 25922 incubated for 24 hrs by crystal violet-staining based assay,F,,,BAO_0000179,BAO_0000218,organism-based format,Br.COc1ccc(OC)c(-c2cn3nc(-c4c[nH]c5ccc(Cl)cc45)sc3n2)c1,,,CHEMBL4339190,Eur J Med Chem,2019,,CHEMBL4475334,,CHEMBL4596393,,0,http://www.openphacts.org/units/Micromolar,3166594,=,1,0,=,,MBIC50,uM,,91.5,CHEMBL354,Escherichia coli,Escherichia coli,562,,,MBIC50,uM,UO_0000064,,91.5,91500.0,4.0385789059335515
355,,,5190447,[],CHEMBL1663615,Antibiofilm activity in Salmonella Typhimurium ATCC 14028 assessed as inhibition of biofilm formation at 25 degC after 24 hrs,F,,,BAO_0000190,BAO_0000218,organism-based format,CCCCCCCC[n+]1c(-c2ccc(-c3ccc(-c4ccccc4)cc3)cc2)cn2cccnc21.[O-][Cl+3]([O-])([O-])[O-],,,CHEMBL1649413,J Med Chem,2011,,CHEMBL1649890,,CHEMBL1739693,5.3,0,http://www.openphacts.org/units/Nanomolar,1322169,=,1,1,=,,IC50,nM,,5000.0,CHEMBL351,Salmonella enterica subsp. enterica serovar Typhimurium,Salmonella typhimurium,90371,,,IC50,uM,UO_0000065,,5.0,5000.0,5.301029995663981
252,,,5190344,[],CHEMBL1663615,Antibiofilm activity in Salmonella Typhimurium ATCC 14028 assessed as inhibition of biofilm formation at 25 degC after 24 hrs,F,,,BAO_0000190,BAO_0000218,organism-based format,CC(C)n1c(-c2ccccc2)cnc1N,Outside typical range,"Values for this activity type are unusually large/small, so may not be accurate",CHEMBL1649413,J Med Chem,2011,,CHEMBL1649789,,CHEMBL1649789,,0,http://www.openphacts.org/units/Nanomolar,1322066,=,1,1,=,,IC50,nM,,175500.0,CHEMBL351,Salmonella enterica subsp. enterica serovar Typhimurium,Salmonella typhimurium,90371,,,IC50,uM,UO_0000065,,175.5,175500.0,3.7557228791981574
811,,,6306973,[],CHEMBL1815005,Antimicrobial activity against Salmonella Typhimurium ATCC 14028 assessed as inhibition of biofilm formation after 24 hrs by spectrophotometry,F,,,BAO_0000190,BAO_0000218,organism-based format,CCCCCCCCCCCN1c2nccc[n+]2C[C@@]1(O)c1ccccc1.[Br-],,,CHEMBL1811868,Bioorg Med Chem,2011,,CHEMBL1814010,,CHEMBL1851755,4.61,0,http://www.openphacts.org/units/Nanomolar,1448516,=,1,1,=,,IC50,nM,,24600.0,CHEMBL351,Salmonella enterica subsp. enterica serovar Typhimurium,Salmonella typhimurium,90371,,,IC50,uM,UO_0000065,,24.6,24600.0,4.609064892896621
3545,,,18570339,[],CHEMBL4220815,Antibiofilm activity against Staphylococcus aureus SH1000 after 48 hrs by crystal violet staining based assay,F,,,BAO_0000190,BAO_0000218,organism-based format,Nc1ncc(-c2ccc(Br)cc2)n1CCCn1c(-c2ccc(Br)cc2)cnc1N,,,CHEMBL4219072,Bioorg Med Chem,2018,,CHEMBL4225849,,CHEMBL4225849,4.82,0,http://www.openphacts.org/units/Nanomolar,3083436,=,1,1,=,,IC50,nM,,15000.0,CHEMBL352,Staphylococcus aureus,Staphylococcus aureus,1280,,,IC50,uM,UO_0000065,,15.0,15000.0,4.823908740944319
2020,,,15178568,[],CHEMBL3405140,Antimicrobial activity against Staphylococcus aureus MLS-16 MTCC 2940 assessed as inhibition of biofilm formation after 24 hrs,F,,,BAO_0000190,BAO_0000218,organism-based format,Cc1ccc(C2=CC(c3oc(CO)cc(=O)c3O)c3ccccc3O2)cc1,,,CHEMBL3400018,Bioorg Med Chem Lett,2015,,CHEMBL3402105,,CHEMBL3402105,,0,http://www.openphacts.org/units/MicrogramPerMilliliter,2283219,=,1,1,=,,IC50,ug.mL-1,,18.6,CHEMBL352,Staphylococcus aureus,Staphylococcus aureus,1280,,,IC50,ug ml-1,UO_0000274,,18.6,51327.19430654476,4.289652474887654
3524,,,18570318,[],CHEMBL4220815,Antibiofilm activity against Staphylococcus aureus SH1000 after 48 hrs by crystal violet staining based assay,F,,,BAO_0000190,BAO_0000218,organism-based format,Nc1ncc(-c2ccccc2)n1CCCn1c(-c2ccccc2)cnc1N,,,CHEMBL4219072,Bioorg Med Chem,2018,,CHEMBL4227986,,CHEMBL4227986,6.4,0,http://www.openphacts.org/units/Nanomolar,3083415,=,1,1,=,,IC50,nM,,400.0,CHEMBL352,Staphylococcus aureus,Staphylococcus aureus,1280,,,IC50,uM,UO_0000065,,0.4,400.0,6.3979400086720375
3380,,,18570174,[],CHEMBL4220812,Antibiofilm activity against Salmonella typhimurium ATCC 14028 after 24 hrs by crystal violet staining based assay,F,,,BAO_0000190,BAO_0000218,organism-based format,Nc1ncc(-c2ccc(F)cc2)n1CCCCn1c(-c2ccc(F)cc2)cnc1N,,,CHEMBL4219072,Bioorg Med Chem,2018,,CHEMBL4227137,,CHEMBL4227137,4.94,0,http://www.openphacts.org/units/Nanomolar,3083421,=,1,1,=,,IC50,nM,,11400.0,CHEMBL351,Salmonella enterica subsp. enterica serovar Typhimurium,Salmonella typhimurium,90371,,,IC50,uM,UO_0000065,,11.4,11400.0,4.943095148663527
5787,,,22408029,"[{'comments': None, 'relation': '=', 'result_flag': 0, 'standard_relation': '=', 'standard_text_value': None, 'standard_type': 'TIME', 'standard_units': 'hr', 'standard_value': '24.0', 'text_value': None, 'type': 'Time', 'units': 'hrs', 'value': '24.0'}]",CHEMBL4670886,Inhibition of biofilm formation in methicillin-resistant Staphylococcus aureus ATCC 43300 incubated for 24 hrs by crystal violet staining based microtiter plate method,F,,,BAO_0000190,BAO_0000218,organism-based format,Nc1nc(-c2cccc(Br)c2)cc(-c2nc3ccccc3c(=O)[nH]2)n1,,,CHEMBL4665809,Bioorg Med Chem Lett,2020,,CHEMBL4745947,,CHEMBL4745947,4.68,0,http://www.openphacts.org/units/Nanomolar,3510932,=,1,1,=,,IC50,nM,,20700.0,CHEMBL352,Staphylococcus aureus,Staphylococcus aureus,1280,,,IC50,uM,UO_0000065,,20.7,20700.0,4.684029654543083
2086,,,15668833,[],CHEMBL3603703,Inhibition of biofilm formation in Staphylococcus aureus 8325-4 after 24 hrs by microtiter plate assay,F,,,BAO_0000188,BAO_0000218,organism-based format,COc1cc([C@@H]2Oc3cc(-c4cc(=O)c5c(O)cc(O)cc5o4)ccc3O[C@H]2CO)ccc1O,,,CHEMBL3600361,J Nat Prod,2015,,CHEMBL3601937,,CHEMBL3601937,,0,http://www.openphacts.org/units/MicrogramPerMilliliter,2493548,=,1,1,=,,EC50,ug.mL-1,,2.0,CHEMBL352,Staphylococcus aureus,Staphylococcus aureus,1280,,,EC50,ug ml-1,UO_0000274,,2.0,4306.39111505385,5.3658865292278195
334,,,5190426,[],CHEMBL1663615,Antibiofilm activity in Salmonella Typhimurium ATCC 14028 assessed as inhibition of biofilm formation at 25 degC after 24 hrs,F,,,BAO_0000190,BAO_0000218,organism-based format,Nc1ncc(-c2ccc(Br)cc2)n1Cc1ccccc1,,,CHEMBL1649413,J Med Chem,2011,,CHEMBL1649869,,CHEMBL1649869,4.13,0,http://www.openphacts.org/units/Nanomolar,1322148,=,1,1,=,,IC50,nM,,74200.0,CHEMBL351,Salmonella enterica subsp. enterica serovar Typhimurium,Salmonella typhimurium,90371,,,IC50,uM,UO_0000065,,74.2,74200.0,4.129596094720973
3478,,,18570272,[],CHEMBL4220814,Antibiofilm activity against Escherichia coli TG1 after 24 hrs by crystal violet staining based assay,F,,,BAO_0000190,BAO_0000218,organism-based format,Nc1ncc(-c2ccc(F)cc2)n1CCCCn1c(-c2ccc(F)cc2)cnc1N,,,CHEMBL4219072,Bioorg Med Chem,2018,,CHEMBL4227137,,CHEMBL4227137,4.59,0,http://www.openphacts.org/units/Nanomolar,3083421,=,1,1,=,,IC50,nM,,25400.0,CHEMBL354,Escherichia coli,Escherichia coli,562,,,IC50,uM,UO_0000065,,25.4,25400.0,4.5951662833800615
1842,,,14980836,[],CHEMBL3372920,Anti-biofilm activity against Staphylococcus aureus CECT 86 ATCC 12600 incubated for 24 to 48 hrs,F,,,BAO_0000179,BAO_0000218,organism-based format,Cl.NC12CC3CC(Cl)(CC(C1)c1ccccc13)C2,,,CHEMBL3352083,Bioorg Med Chem,2015,,CHEMBL3357935,,CHEMBL3546075,,0,http://www.openphacts.org/units/Micromolar,2260943,=,1,0,=,,MBIC50,uM,,45.0,CHEMBL352,Staphylococcus aureus,Staphylococcus aureus,1280,,,MBIC50,uM,UO_0000064,,45.0,45000.0,4.346787486224656
4814,,,19051496,[],CHEMBL4354899,Antibiofilm activity against Streptococcus mutans assessed as inhibition of biofilm formation,F,,,BAO_0000190,BAO_0000218,organism-based format,Oc1ccc(/C=C/c2cc(O)cc(O)c2)cc1,Outside typical range,"Values for this activity type are unusually large/small, so may not be accurate",CHEMBL4354780,Medchemcomm,2019,,CHEMBL165,RESVERATROL,CHEMBL165,,0,http://www.openphacts.org/units/Nanomolar,3178370,=,1,1,=,,IC50,nM,,102000.0,CHEMBL612426,Streptococcus mutans,Streptococcus mutans,1309,,,IC50,uM,UO_0000065,,102.0,102000.0,3.991399828238082
3489,,,18570283,[],CHEMBL4220814,Antibiofilm activity against Escherichia coli TG1 after 24 hrs by crystal violet staining based assay,F,,,BAO_0000190,BAO_0000218,organism-based format,Nc1ncc(-c2ccc(Br)cc2)n1CCCCCCCn1c(-c2ccc(Br)cc2)cnc1N,,,CHEMBL4219072,Bioorg Med Chem,2018,,CHEMBL4227415,,CHEMBL4227415,5.64,0,http://www.openphacts.org/units/Nanomolar,3083432,=,1,1,=,,IC50,nM,,2300.0,CHEMBL354,Escherichia coli,Escherichia coli,562,,,IC50,uM,UO_0000065,,2.3,2300.0,5.638272163982407
814,,,6306976,[],CHEMBL1815005,Antimicrobial activity against Salmonella Typhimurium ATCC 14028 assessed as inhibition of biofilm formation after 24 hrs by spectrophotometry,F,,,BAO_0000190,BAO_0000218,organism-based format,CCCCCCCCN1c2nccc[n+]2C[C@@]1(O)c1ccccc1.[Br-],,,CHEMBL1811868,Bioorg Med Chem,2011,,CHEMBL1814007,,CHEMBL1851673,5.01,0,http://www.openphacts.org/units/Nanomolar,1448513,=,1,1,=,,IC50,nM,,9800.0,CHEMBL351,Salmonella enterica subsp. enterica serovar Typhimurium,Salmonella typhimurium,90371,,,IC50,uM,UO_0000065,,9.8,9800.0,5.008773924307505
3408,,,18570202,[],CHEMBL4220812,Antibiofilm activity against Salmonella typhimurium ATCC 14028 after 24 hrs by crystal violet staining based assay,F,,,BAO_0000190,BAO_0000218,organism-based format,Clc1ccc(-c2cnc(NCCCCCCNc3ncc(-c4ccc(Cl)cc4)[nH]3)[nH]2)cc1,,,CHEMBL4219072,Bioorg Med Chem,2018,,CHEMBL4225237,,CHEMBL4225237,4.52,0,http://www.openphacts.org/units/Nanomolar,3083451,=,1,1,=,,IC50,nM,,30500.0,CHEMBL351,Salmonella enterica subsp. enterica serovar Typhimurium,Salmonella typhimurium,90371,,,IC50,uM,UO_0000065,,30.5,30500.0,4.515700160653214
8247,,,24987819,"[{'comments': None, 'relation': '=', 'result_flag': 0, 'standard_relation': '=', 'standard_text_value': None, 'standard_type': 'TIME', 'standard_units': 'hr', 'standard_value': '24.0', 'text_value': None, 'type': 'TIME', 'units': 'hrs', 'value': '24.0'}]",CHEMBL5228700,Inhibition of biofilm formation in Staphylococcus aureus ATCC 29213 incubated for 24 hrs by crystal violet staining based analysis,F,,,BAO_0000190,BAO_0000218,organism-based format,Cc1cc(C(=O)/C(=N/Nc2c(F)cccc2F)C(=O)O)no1,,,CHEMBL5226340,J Med Chem,2021,,CHEMBL5267247,,CHEMBL5267247,4.54,0,http://www.openphacts.org/units/Nanomolar,3907023,=,1,1,=,,IC50,nM,,29000.0,CHEMBL352,Staphylococcus aureus,Staphylococcus aureus,1280,,,IC50,uM,UO_0000065,,29.0,29000.0,4.5376020021010435
3949,,,18935644,[],CHEMBL4326949,Antibiofilm activity against methicillin-resistant Staphylococcus aureus,F,,,BAO_0000190,BAO_0000218,organism-based format,CCCCCc1cccc(C(=O)NCCNC(=O)CCCCCc2cnc(N)[nH]2)c1,,,CHEMBL4325854,Eur J Med Chem,2019,,CHEMBL4547347,,CHEMBL4547347,,0,http://www.openphacts.org/units/MicrogramPerMilliliter,3159045,=,1,1,=,,IC50,ug.mL-1,,6.5,CHEMBL352,Staphylococcus aureus,Staphylococcus aureus,1280,,,IC50,ug ml-1,UO_0000274,,6.5,15716.959324509258,4.8036314707850565
6214,,,22750702,"[{'comments': None, 'relation': '=', 'result_flag': 0, 'standard_relation': '=', 'standard_text_value': None, 'standard_type': 'TIME', 'standard_units': 'hr', 'standard_value': '24.0', 'text_value': None, 'type': 'Time', 'units': 'hrs', 'value': '24.0'}]",CHEMBL4699742,Antibiofilm activity against Mycobacterium smegmatis mc2 155 ATCC 700084 assessed as inhibition of biofilm formation measured after 24 hrs by crystal violet reporter assay,F,,,BAO_0000190,BAO_0000218,organism-based format,CCCn1cc(-c2ccnc(N)n2)c2ccc(Br)cc21,,,CHEMBL4699393,RSC Med Chem,2020,,CHEMBL4301228,,CHEMBL4301228,4.46,0,http://www.openphacts.org/units/Nanomolar,3530908,=,1,1,=,,IC50,nM,,34500.0,CHEMBL613088,Mycolicibacterium smegmatis,Mycolicibacterium smegmatis,1772,,,IC50,uM,UO_0000065,,34.5,34500.0,4.462180904926726
345,,,5190437,[],CHEMBL1663615,Antibiofilm activity in Salmonella Typhimurium ATCC 14028 assessed as inhibition of biofilm formation at 25 degC after 24 hrs,F,,,BAO_0000190,BAO_0000218,organism-based format,O=[N+]([O-])c1ccc(-c2cn3cccnc3[n+]2C2CCCCCCCCCCC2)cc1.[O-][Cl+3]([O-])([O-])[O-],,,CHEMBL1649413,J Med Chem,2011,,CHEMBL1649880,,CHEMBL1739561,5.01,0,http://www.openphacts.org/units/Nanomolar,1322159,=,1,1,=,,IC50,nM,,9800.0,CHEMBL351,Salmonella enterica subsp. enterica serovar Typhimurium,Salmonella typhimurium,90371,,,IC50,uM,UO_0000065,,9.8,9800.0,5.008773924307505
6016,,,22444735,"[{'comments': None, 'relation': '=', 'result_flag': 0, 'standard_relation': '=', 'standard_text_value': None, 'standard_type': 'TIME', 'standard_units': 'hr', 'standard_value': '24.0', 'text_value': None, 'type': 'Time', 'units': 'hrs', 'value': '24.0'}]",CHEMBL4679319,Inhibition of biofilm formation in Staphylococcus aureus MTCC 92 incubated for 24 hrs by crystal violet staining based microtiter plate method,F,,,BAO_0000190,BAO_0000218,organism-based format,COc1ccc(-n2cc(COc3ccc(/C=N/Nc4nc(-c5cc6c(ccc7ccccc76)oc5=O)cs4)cc3)nn2)cc1,,,CHEMBL4673372,Bioorg Med Chem Lett,2021,,CHEMBL4753788,,CHEMBL4753788,4.52,0,http://www.openphacts.org/units/Nanomolar,3517642,=,1,1,=,,IC50,nM,,30100.0,CHEMBL352,Staphylococcus aureus,Staphylococcus aureus,1280,,,IC50,uM,UO_0000065,,30.1,30100.0,4.521433504406157
2816,,,16819096,[],CHEMBL3872387,Antibiofilm activity against Staphylococcus aureus ATCC 29213 after 24 hrs by crystal-violet stain based assay,F,,,BAO_0000190,BAO_0000019,assay format,Cc1c(C(=O)Nc2ccccc2)cnn1-c1cc(F)ccc1F,,,CHEMBL3872202,Eur J Med Chem,2016,,CHEMBL3953625,,CHEMBL3953625,4.05,0,http://www.openphacts.org/units/Nanomolar,2812690,=,1,1,=,,IC50,nM,,89000.0,CHEMBL352,Staphylococcus aureus,Staphylococcus aureus,1280,,,IC50,uM,UO_0000065,,89.0,89000.0,4.050609993355087
261,,,5190353,[],CHEMBL1663615,Antibiofilm activity in Salmonella Typhimurium ATCC 14028 assessed as inhibition of biofilm formation at 25 degC after 24 hrs,F,,,BAO_0000190,BAO_0000218,organism-based format,CCCCCCCCCCCCn1c(-c2ccccc2)cnc1N,,,CHEMBL1649413,J Med Chem,2011,,CHEMBL1649798,,CHEMBL1649798,5.15,0,http://www.openphacts.org/units/Nanomolar,1322075,=,1,1,=,,IC50,nM,,7100.0,CHEMBL351,Salmonella enterica subsp. enterica serovar Typhimurium,Salmonella typhimurium,90371,,,IC50,uM,UO_0000065,,7.1,7100.0,5.1487416512809245
819,,,6306981,[],CHEMBL1815005,Antimicrobial activity against Salmonella Typhimurium ATCC 14028 assessed as inhibition of biofilm formation after 24 hrs by spectrophotometry,F,,,BAO_0000190,BAO_0000218,organism-based format,CCCCN1c2nccc[n+]2C[C@@]1(O)c1ccccc1.[Br-],Outside typical range,"Values for this activity type are unusually large/small, so may not be accurate",CHEMBL1811868,Bioorg Med Chem,2011,,CHEMBL1814002,,CHEMBL1851918,,0,http://www.openphacts.org/units/Nanomolar,1448508,=,1,1,=,,IC50,nM,,409500.0,CHEMBL351,Salmonella enterica subsp. enterica serovar Typhimurium,Salmonella typhimurium,90371,,,IC50,uM,UO_0000065,,409.5,409500.0,3.387746093903563
3697,,,18730766,[],CHEMBL4260145,Antibiofilm activity against Salmonella typhimurium ATCC 14028 after 24 hrs by crystal violet staining based assay,F,,,BAO_0000190,BAO_0000218,organism-based format,CCCCCOc1ccc(C(=O)Nc2ccc3c(c2)nc(N)n3CCCc2ccccc2)cc1.Cl,,,CHEMBL4257552,Medchemcomm,2018,,CHEMBL4283593,,CHEMBL4302694,5.28,0,http://www.openphacts.org/units/Nanomolar,3111837,=,1,1,=,,IC50,nM,,5220.0,CHEMBL351,Salmonella enterica subsp. enterica serovar Typhimurium,Salmonella typhimurium,90371,,,IC50,uM,UO_0000065,,5.22,5220.0,5.282329496997738
1138,,,13840647,[],CHEMBL3095561,Antibiofilm activity against Staphylococcus aureus MLS-16 MTCC 2940 after 24 hrs by crystal violet assay,F,,,BAO_0000190,BAO_0000218,organism-based format,COc1ccc(Cn2cc(CNC(=O)c3ccc([N+](=O)[O-])o3)nn2)cc1F,,,CHEMBL3091424,Bioorg Med Chem Lett,2013,,CHEMBL3093122,,CHEMBL3093122,,0,http://www.openphacts.org/units/MicrogramPerMilliliter,1953082,=,1,1,=,,IC50,ug.mL-1,,3.4,CHEMBL352,Staphylococcus aureus,Staphylococcus aureus,1280,,,IC50,ug ml-1,UO_0000274,,3.4,9059.032921591404,5.0429181620619925
1956,,,15125512,[],CHEMBL3381972,Anti-biofilm activity against Staphylococcus aureus MLS-16 MTCC 2940 assessed as inhibition of biofilm formation incubated for 24 hrs by crystal violet staining based modified biofilm inhibition assay,F,,,BAO_0000190,BAO_0000218,organism-based format,CCCCCCC(C/C=C\CCCCCCCC(=O)OC)/N=C\c1ccc(O)c(OC)c1,,,CHEMBL3351415,Bioorg Med Chem Lett,2014,,CHEMBL3337785,,CHEMBL3337785,5.1,0,http://www.openphacts.org/units/Nanomolar,2272908,=,1,1,=,,IC50,nM,,8000.0,CHEMBL352,Staphylococcus aureus,Staphylococcus aureus,1280,,,IC50,uM,UO_0000065,,8.0,8000.0,5.096910013008056
3700,,,18730769,[],CHEMBL4260145,Antibiofilm activity against Salmonella typhimurium ATCC 14028 after 24 hrs by crystal violet staining based assay,F,,,BAO_0000190,BAO_0000218,organism-based format,CCCCCc1ccc(C(=O)Nc2ccc3nc(N)n(C)c3c2)cc1.Cl,,,CHEMBL4257552,Medchemcomm,2018,,CHEMBL4284655,,CHEMBL4300435,4.7,0,http://www.openphacts.org/units/Nanomolar,3111834,=,1,1,=,,IC50,nM,,20000.0,CHEMBL351,Salmonella enterica subsp. enterica serovar Typhimurium,Salmonella typhimurium,90371,,,IC50,uM,UO_0000065,40.0,20.0,20000.0,4.698970004336019
799,,,6306961,[],CHEMBL1815005,Antimicrobial activity against Salmonella Typhimurium ATCC 14028 assessed as inhibition of biofilm formation after 24 hrs by spectrophotometry,F,,,BAO_0000190,BAO_0000218,organism-based format,CCCCCCCCCCCN1c2nccc[n+]2C[C@@]1(O)c1ccc(Cl)cc1.[Br-],,,CHEMBL1811868,Bioorg Med Chem,2011,,CHEMBL1814023,,CHEMBL1851851,4.21,0,http://www.openphacts.org/units/Nanomolar,1448529,=,1,1,=,,IC50,nM,,61900.0,CHEMBL351,Salmonella enterica subsp. enterica serovar Typhimurium,Salmonella typhimurium,90371,,,IC50,uM,UO_0000065,,61.9,61900.0,4.208309350979882
2036,,,15178584,[],CHEMBL3405142,Antimicrobial activity against Escherichia coli MTCC 739 assessed as inhibition of biofilm formation after 24 hrs,F,,,BAO_0000190,BAO_0000218,organism-based format,O=c1cc(CO)oc(C2C=C(c3ccc4c(c3)OCO4)Oc3ccccc32)c1O,,,CHEMBL3400018,Bioorg Med Chem Lett,2015,,CHEMBL3402107,,CHEMBL3402107,,0,http://www.openphacts.org/units/MicrogramPerMilliliter,2283221,=,1,1,=,,IC50,ug.mL-1,,17.8,CHEMBL354,Escherichia coli,Escherichia coli,562,,,IC50,ug ml-1,UO_0000274,,17.8,45366.15328152755,4.343268044173078
677,,,6305669,[],CHEMBL1815005,Antimicrobial activity against Salmonella Typhimurium ATCC 14028 assessed as inhibition of biofilm formation after 24 hrs by spectrophotometry,F,,,BAO_0000190,BAO_0000218,organism-based format,COc1cccc(CN2c3nccc[n+]3C[C@@]2(O)c2ccc(F)cc2)c1.[Br-],Outside typical range,"Values for this activity type are unusually large/small, so may not be accurate",CHEMBL1811868,Bioorg Med Chem,2011,,CHEMBL1814233,,CHEMBL1851783,,0,http://www.openphacts.org/units/Nanomolar,1448772,=,1,1,=,,IC50,nM,,105200.0,CHEMBL351,Salmonella enterica subsp. enterica serovar Typhimurium,Salmonella typhimurium,90371,,,IC50,uM,UO_0000065,,105.2,105200.0,3.9779842601822795
4984,,,19107467,[],CHEMBL4369768,Antibiofilm activity against Mycobacterium smegmatis str. MC2 155 ATCC 700084 assessed as inhibition of biofilm formation incubated for 48 hrs by crystal violet reporter assay,F,,,BAO_0000190,BAO_0000218,organism-based format,Nc1nc2cc(C(=O)Nc3ccc(Cl)c(Cl)c3)ccc2n1CCCc1ccccc1,,,CHEMBL4368897,Medchemcomm,2019,,CHEMBL4300328,,CHEMBL4300328,5.07,0,http://www.openphacts.org/units/Nanomolar,3188145,=,1,1,=,,IC50,nM,,8600.0,CHEMBL613088,Mycolicibacterium smegmatis,Mycolicibacterium smegmatis,1772,,,IC50,uM,UO_0000065,,8.6,8600.0,5.065501548756432
3470,,,18570264,[],CHEMBL4220814,Antibiofilm activity against Escherichia coli TG1 after 24 hrs by crystal violet staining based assay,F,,,BAO_0000190,BAO_0000218,organism-based format,Nc1ncc(-c2ccccc2)n1CCCCCn1c(-c2ccccc2)cnc1N,,,CHEMBL4219072,Bioorg Med Chem,2018,,CHEMBL4228239,,CHEMBL4228239,4.98,0,http://www.openphacts.org/units/Nanomolar,3083413,=,1,1,=,,IC50,nM,,10500.0,CHEMBL354,Escherichia coli,Escherichia coli,562,,,IC50,uM,UO_0000065,,10.5,10500.0,4.978810700930062
3731,,,18730804,[],CHEMBL4260145,Antibiofilm activity against Salmonella typhimurium ATCC 14028 after 24 hrs by crystal violet staining based assay,F,,,BAO_0000190,BAO_0000218,organism-based format,CCCCOc1ccc(C(=O)Nc2ccc3c(c2)nc(N)n3CCCc2ccccc2)cc1.Cl,,,CHEMBL4257552,Medchemcomm,2018,,CHEMBL4281972,,CHEMBL4302284,4.82,0,http://www.openphacts.org/units/Nanomolar,3111846,=,1,1,=,,IC50,nM,,15000.0,CHEMBL351,Salmonella enterica subsp. enterica serovar Typhimurium,Salmonella typhimurium,90371,,,IC50,uM,UO_0000065,20.0,15.0,15000.0,4.823908740944319
3943,,,18935638,[],CHEMBL4326949,Antibiofilm activity against methicillin-resistant Staphylococcus aureus,F,,,BAO_0000190,BAO_0000218,organism-based format,CCCCCCc1ccc(NC(=O)CCn2cc(C[C@@]34CNC[C@@H]3Nc3ccccc34)nn2)cc1,,,CHEMBL4325854,Eur J Med Chem,2019,,CHEMBL4530412,,CHEMBL4530412,5.47,0,http://www.openphacts.org/units/Nanomolar,3159055,=,1,1,=,,IC50,nM,,3400.0,CHEMBL352,Staphylococcus aureus,Staphylococcus aureus,1280,,,IC50,uM,UO_0000065,,3.4,3400.0,5.468521082957745
2041,,,15178592,[],CHEMBL3405142,Antimicrobial activity against Escherichia coli MTCC 739 assessed as inhibition of biofilm formation after 24 hrs,F,,,BAO_0000190,BAO_0000218,organism-based format,CC[C@H]1OC(=O)[C@H](C)[C@@H](O[C@H]2C[C@@](C)(OC)[C@@H](O)[C@H](C)O2)[C@H](C)[C@@H](O[C@@H]2O[C@H](C)C[C@H](N(C)C)[C@H]2O)[C@](C)(O)C[C@@H](C)C(=O)[C@H](C)[C@@H](O)[C@]1(C)O,,,CHEMBL3400018,Bioorg Med Chem Lett,2015,,CHEMBL532,ERYTHROMYCIN,CHEMBL532,,0,http://www.openphacts.org/units/MicrogramPerMilliliter,2283232,=,1,1,=,,IC50,ug.mL-1,,0.31,CHEMBL354,Escherichia coli,Escherichia coli,562,,,IC50,ug ml-1,UO_0000274,,0.31,422.3795775386714,6.374297088525095
3729,,,18730802,[],CHEMBL4260145,Antibiofilm activity against Salmonella typhimurium ATCC 14028 after 24 hrs by crystal violet staining based assay,F,,,BAO_0000190,BAO_0000218,organism-based format,CCCCCCc1ccc(C(=O)Nc2ccc3c(c2)nc(N)n3CCCc2ccccc2)cc1.Cl,,,CHEMBL4257552,Medchemcomm,2018,,CHEMBL4278507,,CHEMBL4301024,4.82,0,http://www.openphacts.org/units/Nanomolar,3111848,=,1,1,=,,IC50,nM,,15000.0,CHEMBL351,Salmonella enterica subsp. enterica serovar Typhimurium,Salmonella typhimurium,90371,,,IC50,uM,UO_0000065,20.0,15.0,15000.0,4.823908740944319
3568,,,18570362,[],CHEMBL4220815,Antibiofilm activity against Staphylococcus aureus SH1000 after 48 hrs by crystal violet staining based assay,F,,,BAO_0000190,BAO_0000218,organism-based format,Brc1ccc(-c2cnc(NCCCCNc3ncc(-c4ccc(Br)cc4)[nH]3)[nH]2)cc1,Outside typical range,"Values for this activity type are unusually large/small, so may not be accurate",CHEMBL4219072,Bioorg Med Chem,2018,,CHEMBL4225550,,CHEMBL4225550,,0,http://www.openphacts.org/units/Nanomolar,3083459,=,1,1,=,,IC50,nM,,300000.0,CHEMBL352,Staphylococcus aureus,Staphylococcus aureus,1280,,,IC50,uM,UO_0000065,,300.0,300000.0,3.5228787452803374
6271,,,22790160,"[{'comments': None, 'relation': '=', 'result_flag': 0, 'standard_relation': '=', 'standard_text_value': None, 'standard_type': 'TIME', 'standard_units': 'hr', 'standard_value': '24.0', 'text_value': None, 'type': 'Time', 'units': 'hrs', 'value': '24.0'}]",CHEMBL4709341,Antibiofilm activity against methicillin-resistant Staphylococcus aureus ATCC BAA-44 incubated for 24 hrs by crystal violet-staining based assay,F,,,BAO_0000190,BAO_0000218,organism-based format,CCCCCCCCCCCC/C=C(/C)Cn1cc(CCCCCc2nc(N)[nH]c2-c2ccccc2)nn1,,,CHEMBL4706534,Eur J Med Chem,2020,,CHEMBL4750828,,CHEMBL4750828,5.85,0,http://www.openphacts.org/units/Nanomolar,3538714,=,1,1,=,,IC50,nM,,1420.0,CHEMBL352,Staphylococcus aureus,Staphylococcus aureus,1280,,,IC50,uM,UO_0000065,,1.42,1420.0,5.847711655616944
2762,,,16817166,[],CHEMBL3871884,Antibiofilm activity against methicillin-resistant Staphylococcus aureus BAA-1685 after 24 hrs by crystal violet staining based assay,F,,,BAO_0000190,BAO_0000019,assay format,Nc1ncc(/C=C/CNC(=O)c2cc(Br)c(Br)[nH]2)[nH]1,,,CHEMBL3871288,Bioorg Med Chem Lett,2016,,CHEMBL397591,OROIDIN,CHEMBL397591,4.11,0,http://www.openphacts.org/units/Nanomolar,2812290,=,1,1,=,,IC50,nM,,77300.0,CHEMBL352,Staphylococcus aureus,Staphylococcus aureus,1280,,,IC50,uM,UO_0000065,,77.3,77300.0,4.111820506081675
3605,,,18584025,[],CHEMBL4223115,Antibiofilm activity against Bacillus subtilis MTCC 121 after 24 hrs by crystal violet staining-based assay,F,,,BAO_0000190,BAO_0000218,organism-based format,COc1ccc(-c2nc(C(=O)N3CCN(C)CC3)nc3nc(-c4ccccc4)cc(C(F)(F)F)c23)cc1,,,CHEMBL4219190,Bioorg Med Chem Lett,2018,,CHEMBL4227854,,CHEMBL4227854,,0,http://www.openphacts.org/units/MicrogramPerMilliliter,3086037,=,1,1,=,,IC50,ug.mL-1,,2.7,CHEMBL359,Bacillus subtilis,Bacillus subtilis,1423,,,IC50,ug ml-1,UO_0000274,,2.7,5320.029319272692,5.274085974253212
4979,,,19107462,[],CHEMBL4369768,Antibiofilm activity against Mycobacterium smegmatis str. MC2 155 ATCC 700084 assessed as inhibition of biofilm formation incubated for 48 hrs by crystal violet reporter assay,F,,,BAO_0000190,BAO_0000218,organism-based format,CCCCCc1ccc(C(=O)Nc2ccc3c(c2)nc(N)n3CCCc2ccc(Br)cc2)cc1,,,CHEMBL4368897,Medchemcomm,2019,,CHEMBL4482897,,CHEMBL4482897,5.21,0,http://www.openphacts.org/units/Nanomolar,3188140,=,1,1,=,,IC50,nM,,6200.0,CHEMBL613088,Mycolicibacterium smegmatis,Mycolicibacterium smegmatis,1772,,,IC50,uM,UO_0000065,,6.2,6200.0,5.207608310501746
259,,,5190351,[],CHEMBL1663615,Antibiofilm activity in Salmonella Typhimurium ATCC 14028 assessed as inhibition of biofilm formation at 25 degC after 24 hrs,F,,,BAO_0000190,BAO_0000218,organism-based format,CCCCCCCCCCn1c(-c2ccccc2)cnc1N,,,CHEMBL1649413,J Med Chem,2011,,CHEMBL1649796,,CHEMBL1649796,5.21,0,http://www.openphacts.org/units/Nanomolar,1322073,=,1,1,=,,IC50,nM,,6100.0,CHEMBL351,Salmonella enterica subsp. enterica serovar Typhimurium,Salmonella typhimurium,90371,,,IC50,uM,UO_0000065,,6.1,6100.0,5.214670164989233
300,,,5190392,[],CHEMBL1663615,Antibiofilm activity in Salmonella Typhimurium ATCC 14028 assessed as inhibition of biofilm formation at 25 degC after 24 hrs,F,,,BAO_0000190,BAO_0000218,organism-based format,CCCCCCCCn1c(-c2ccc(F)cc2)cnc1N,,,CHEMBL1649413,J Med Chem,2011,,CHEMBL1649836,,CHEMBL1649836,4.97,0,http://www.openphacts.org/units/Nanomolar,1322114,=,1,1,=,,IC50,nM,,10800.0,CHEMBL351,Salmonella enterica subsp. enterica serovar Typhimurium,Salmonella typhimurium,90371,,,IC50,uM,UO_0000065,,10.8,10800.0,4.966576244513051
3508,,,18570302,[],CHEMBL4220814,Antibiofilm activity against Escherichia coli TG1 after 24 hrs by crystal violet staining based assay,F,,,BAO_0000190,BAO_0000218,organism-based format,Clc1ccc(-c2cnc(NCCCCCCNc3ncc(-c4ccc(Cl)cc4)[nH]3)[nH]2)cc1,,,CHEMBL4219072,Bioorg Med Chem,2018,,CHEMBL4225237,,CHEMBL4225237,4.61,0,http://www.openphacts.org/units/Nanomolar,3083451,=,1,1,=,,IC50,nM,,24800.0,CHEMBL354,Escherichia coli,Escherichia coli,562,,,IC50,uM,UO_0000065,,24.8,24800.0,4.605548319173784
1140,,,13840649,[],CHEMBL3095561,Antibiofilm activity against Staphylococcus aureus MLS-16 MTCC 2940 after 24 hrs by crystal violet assay,F,,,BAO_0000190,BAO_0000218,organism-based format,COc1ccc(Cn2cc(CNC(=O)c3ccc([N+](=O)[O-])o3)nn2)cc1,,,CHEMBL3091424,Bioorg Med Chem Lett,2013,,CHEMBL3093120,,CHEMBL3093120,,0,http://www.openphacts.org/units/MicrogramPerMilliliter,1953080,=,1,1,=,,IC50,ug.mL-1,,6.1,CHEMBL352,Staphylococcus aureus,Staphylococcus aureus,1280,,,IC50,ug ml-1,UO_0000274,,6.1,17071.245865120363,4.767734782774975
913,,,10928323,[],CHEMBL2044658,Inhibition of type 1 pili formation in uropathogenic Escherichia coli isolate UTI89 assessed as inhibition of biofilm formation after 24 hrs by crystal violet staining method,F,,,BAO_0000188,BAO_0000218,organism-based format,Cn1cc(-c2sc3c(-c4cccc(C(F)(F)F)c4)c(Cc4cccc5ccccc45)cc(=O)n3c2C(=O)O)nn1,,,CHEMBL2040841,Eur J Med Chem,2012,,CHEMBL2043385,,CHEMBL2043385,5.05,0,http://www.openphacts.org/units/Nanomolar,1651277,=,1,1,=,,EC50,nM,,9000.0,CHEMBL354,Escherichia coli,Escherichia coli,562,,,EC50,uM,UO_0000065,,9.0,9000.0,5.045757490560675
3947,,,18935642,[],CHEMBL4326949,Antibiofilm activity against methicillin-resistant Staphylococcus aureus,F,,,BAO_0000190,BAO_0000218,organism-based format,CCCCc1ccc(C(=O)NCCn2cc(CCCCc3[nH]c(N)nc3-c3ccc4c(c3)OCO4)nn2)cc1,,,CHEMBL4325854,Eur J Med Chem,2019,,CHEMBL4526908,,CHEMBL4526908,5.43,0,http://www.openphacts.org/units/Nanomolar,3159047,=,1,1,=,,IC50,nM,,3700.0,CHEMBL352,Staphylococcus aureus,Staphylococcus aureus,1280,,,IC50,uM,UO_0000065,,3.7,3700.0,5.431798275933005
580,,,6152595,[],CHEMBL1763327,Antibacterial activity against Escherichia coli UTI89 assessed as inhibition of biofilm formation after 24 hrs,F,,,BAO_0000188,BAO_0000218,organism-based format,O=C(O)[C@@H]1CSc2c(C3CC3)c(Cc3cccc4ccccc34)cc(=O)n21,Outside typical range,"Values for this activity type are unusually large/small, so may not be accurate",CHEMBL1759904,Eur J Med Chem,2011,,CHEMBL1204537,,CHEMBL1204537,,0,http://www.openphacts.org/units/Nanomolar,1413768,=,1,1,=,,EC50,nM,,189000.0,CHEMBL354,Escherichia coli,Escherichia coli,562,,,EC50,uM,UO_0000065,,189.0,189000.0,3.723538195826756
111,,,3347290,[],CHEMBL1174679,Antibacterial activity against Streptococcus mutans ATCC 25175 assessed as inhibition of biofilm formation after 18 hrs,F,,,BAO_0000179,BAO_0000218,organism-based format,CC[C@](C)(CCCC(C)C)CCc1ccc(O)cc1,,,CHEMBL1177882,Eur J Med Chem,2010,,CHEMBL1172633,,CHEMBL1172633,,0,http://www.openphacts.org/units/MicrogramPerMilliliter,923340,=,1,0,=,,MBIC50,ug ml-1,,4.0,CHEMBL612426,Streptococcus mutans,Streptococcus mutans,1309,,,MBIC50,ug ml-1,UO_0000274,,4.0,15241.753258877372,4.8169650732286735
169,,,3469107,[],CHEMBL1252263,Antimicrobial activity against Salmonella Typhimurium ATCC 14028 assessed as inhibition of biofilm formation after 48 hrs using crystal violet staining by microtiter plate assay,F,,,BAO_0000190,BAO_0000218,organism-based format,CC(Br)C1=C(Br)/C(=C/Br)OC1=O,,,CHEMBL1250426,Bioorg Med Chem,2010,,CHEMBL1253347,,CHEMBL1253347,5.35,0,http://www.openphacts.org/units/Nanomolar,955216,=,1,1,=,,IC50,nM,,4505.0,CHEMBL351,Salmonella enterica subsp. enterica serovar Typhimurium,Salmonella typhimurium,90371,,,IC50,uM,UO_0000065,,4.505,4505.0,5.346305204684918
3704,,,18730773,[],CHEMBL4260145,Antibiofilm activity against Salmonella typhimurium ATCC 14028 after 24 hrs by crystal violet staining based assay,F,,,BAO_0000190,BAO_0000218,organism-based format,CCCCCCCCCCn1c(N)nc2cc(NC(=O)c3ccc(CCCCC)cc3)ccc21.Cl,,,CHEMBL4257552,Medchemcomm,2018,,CHEMBL4284268,,CHEMBL4302693,4.7,0,http://www.openphacts.org/units/Nanomolar,3111830,=,1,1,=,,IC50,nM,,20000.0,CHEMBL351,Salmonella enterica subsp. enterica serovar Typhimurium,Salmonella typhimurium,90371,,,IC50,uM,UO_0000065,40.0,20.0,20000.0,4.698970004336019
3547,,,18570341,[],CHEMBL4220815,Antibiofilm activity against Staphylococcus aureus SH1000 after 48 hrs by crystal violet staining based assay,F,,,BAO_0000190,BAO_0000218,organism-based format,c1ccc(-c2cnc(NCCCCCCCNc3ncc(-c4ccccc4)[nH]3)[nH]2)cc1,Outside typical range,"Values for this activity type are unusually large/small, so may not be accurate",CHEMBL4219072,Bioorg Med Chem,2018,,CHEMBL4226741,,CHEMBL4226741,,0,http://www.openphacts.org/units/Nanomolar,3083438,=,1,1,=,,IC50,nM,,400000.0,CHEMBL352,Staphylococcus aureus,Staphylococcus aureus,1280,,,IC50,uM,UO_0000065,,400.0,400000.0,3.3979400086720375
2038,,,15178586,[],CHEMBL3405142,Antimicrobial activity against Escherichia coli MTCC 739 assessed as inhibition of biofilm formation after 24 hrs,F,,,BAO_0000190,BAO_0000218,organism-based format,O=c1cc(CO)oc(C2C=C(c3cccs3)Oc3ccccc32)c1O,,,CHEMBL3400018,Bioorg Med Chem Lett,2015,,CHEMBL3402112,,CHEMBL3402112,,0,http://www.openphacts.org/units/MicrogramPerMilliliter,2283226,=,1,1,=,,IC50,ug.mL-1,,18.2,CHEMBL354,Escherichia coli,Escherichia coli,562,,,IC50,ug ml-1,UO_0000274,,18.2,51356.865312388,4.2894014923200245
5639,,,20704021,[],CHEMBL4627903,Antibiofilm activity against Escherichia coli UTI89 incubated for 2 days at 23 degC followed by 1 day incubation at RT,F,,,BAO_0000179,BAO_0000218,organism-based format,CCCN(C)C(=O)[C@@H]1C[C@]2(C)[C@H]3CC=C4[C@@H]5CC(C)(C)CC[C@]5(C(=O)O)CC[C@@]4(C)[C@]3(C)CC[C@H]2C(C)(C)[C@H]1O,,,CHEMBL4627274,Bioorg Med Chem,2020,,CHEMBL4647219,,CHEMBL4647219,,0,http://www.openphacts.org/units/MicrogramPerMilliliter,3486846,=,1,0,=,,MBIC50,ug ml-1,,4.0,CHEMBL354,Escherichia coli,Escherichia coli,562,,,MBIC50,ug ml-1,UO_0000274,,4.0,7196.263699887012,5.142892930747903
3336,,,18552669,[],CHEMBL4199792,Inhibition of biofilm formation in methicillin-resistant Staphylococcus aureus ATCC 43300 after 24 hrs by crystal violet staining based method,F,,,BAO_0000190,BAO_0000218,organism-based format,CNc1nccc(-c2c[nH]c3ccc(Br)cc23)n1.Cl,,,CHEMBL4196121,ACS Med Chem Lett,2018,,CHEMBL4204882,,CHEMBL4300611,4.54,0,http://www.openphacts.org/units/Nanomolar,3080267,=,1,1,=,,IC50,nM,,28900.0,CHEMBL352,Staphylococcus aureus,Staphylococcus aureus,1280,,,IC50,uM,UO_0000065,,28.9,28900.0,4.539102157243452
3166,,,18470444,[],CHEMBL4182537,Anti-biofilm activity against Pseudoalteromonas ulvae TC14 assessed as inhibition of bacterial adhesion incubated for 15 hrs at 20 degC by Syto 61 dye based fluorimetric assay,F,,,BAO_0000188,BAO_0000218,organism-based format,O=C(/C=C/c1ccc(O)cc1)NCCc1ccc(O)cc1,,,CHEMBL4177720,Bioorg Med Chem Lett,2018,,CHEMBL64286,N-P-COUMAROYL TYRAMINE,CHEMBL64286,4.12,0,http://www.openphacts.org/units/Nanomolar,3065759,=,1,1,=,,EC50,nM,,75500.0,CHEMBL4296595,Pseudoalteromonas ulvae,Pseudoalteromonas ulvae,107327,,,EC50,uM,UO_0000065,,75.5,75500.0,4.1220530483708115
172,,,3469110,[],CHEMBL1252263,Antimicrobial activity against Salmonella Typhimurium ATCC 14028 assessed as inhibition of biofilm formation after 48 hrs using crystal violet staining by microtiter plate assay,F,,,BAO_0000190,BAO_0000218,organism-based format,CCCC(Br)C1=C(Br)/C(=C/Br)OC1=O,,,CHEMBL1250426,Bioorg Med Chem,2010,,CHEMBL1253349,,CHEMBL1253349,5.24,0,http://www.openphacts.org/units/Nanomolar,955219,=,1,1,=,,IC50,nM,,5714.0,CHEMBL351,Salmonella enterica subsp. enterica serovar Typhimurium,Salmonella typhimurium,90371,,,IC50,uM,UO_0000065,,5.714,5714.0,5.243059763953276
674,,,6305666,[],CHEMBL1815005,Antimicrobial activity against Salmonella Typhimurium ATCC 14028 assessed as inhibition of biofilm formation after 24 hrs by spectrophotometry,F,,,BAO_0000190,BAO_0000218,organism-based format,O[C@@]1(c2ccc(F)cc2)C[n+]2cccnc2N1Cc1ccc2c(c1)OCO2.[Br-],,,CHEMBL1811868,Bioorg Med Chem,2011,,CHEMBL1814236,,CHEMBL1851642,4.76,0,http://www.openphacts.org/units/Nanomolar,1448775,=,1,1,=,,IC50,nM,,17200.0,CHEMBL351,Salmonella enterica subsp. enterica serovar Typhimurium,Salmonella typhimurium,90371,,,IC50,uM,UO_0000065,,17.2,17200.0,4.764471553092451
2030,,,15178578,[],CHEMBL3405141,Antimicrobial activity against Bacillus subtilis MTCC 121 assessed as inhibition of biofilm formation after 24 hrs,F,,,BAO_0000190,BAO_0000218,organism-based format,CC(C)CC1=CC(c2oc(CO)cc(=O)c2O)c2ccccc2O1,,,CHEMBL3400018,Bioorg Med Chem Lett,2015,,CHEMBL3402111,,CHEMBL3402111,,0,http://www.openphacts.org/units/MicrogramPerMilliliter,2283225,=,1,1,=,,IC50,ug.mL-1,,11.3,CHEMBL359,Bacillus subtilis,Bacillus subtilis,1423,,,IC50,ug ml-1,UO_0000274,,11.3,34413.02944293527,4.463277093945827
1669,,,14532271,[],CHEMBL3223733,Inhibition of biofilm formation in Staphylococcus aureus 29213 after 24 hrs by crystal violet staining-based assay,F,,,BAO_0000190,BAO_0000218,organism-based format,CCCCCCCc1ccc(C(=O)NCCn2cc(Cc3csc4ccccc34)nn2)cc1,,,CHEMBL3217512,Medchemcomm,2013,,CHEMBL3219741,,CHEMBL3219741,4.08,0,http://www.openphacts.org/units/Nanomolar,2074652,=,1,1,=,,IC50,nM,,83000.0,CHEMBL352,Staphylococcus aureus,Staphylococcus aureus,1280,,,IC50,uM,UO_0000065,,83.0,83000.0,4.080921907623926
944,,,10954615,[],CHEMBL2061045,Antibacterial activity against Escherichia coli K-12 ATCC 25404 assessed as inhibition of biofilm formation after 2 hrs by confocal laser microscopic analysis,F,,,BAO_0000190,BAO_0000218,organism-based format,CNC(=O)c1cc(C(=O)NC)cc(-c2ccc(O[C@H]3O[C@H](CO)[C@@H](O)[C@H](O)[C@@H]3O)c(C)c2)c1,,,CHEMBL2057137,J Med Chem,2012,,CHEMBL2058204,,CHEMBL2058204,7.14,0,http://www.openphacts.org/units/Nanomolar,1656076,=,1,1,=,,IC50,nM,,73.0,CHEMBL354,Escherichia coli,Escherichia coli,562,,,IC50,uM,UO_0000065,,0.073,73.0,7.136677139879544
266,,,5190358,[],CHEMBL1663615,Antibiofilm activity in Salmonella Typhimurium ATCC 14028 assessed as inhibition of biofilm formation at 25 degC after 24 hrs,F,,,BAO_0000190,BAO_0000218,organism-based format,CCCCn1c(-c2ccc(Cl)cc2)cnc1N,,,CHEMBL1649413,J Med Chem,2011,,CHEMBL1649802,,CHEMBL1649802,4.24,0,http://www.openphacts.org/units/Nanomolar,1322080,=,1,1,=,,IC50,nM,,57800.0,CHEMBL351,Salmonella enterica subsp. enterica serovar Typhimurium,Salmonella typhimurium,90371,,,IC50,uM,UO_0000065,,57.8,57800.0,4.2380721615794705
2230,,,16404109,[],CHEMBL3743206,Antibiofilm activity against Pseudoalteromonas ulvae TC14 assessed as reduction in adhesion after 15 hrs by Syto61 based-fluorescence analysis relative to control,F,,,BAO_0000188,BAO_0000019,assay format,COc1ccc(Cn2cc(C(=O)NCCc3ccc(O)cc3)nn2)cc1Br,,,CHEMBL3739258,Bioorg Med Chem Lett,2015,,CHEMBL3741894,,CHEMBL3741894,4.4,0,http://www.openphacts.org/units/Nanomolar,2737259,=,1,1,=,,EC50,nM,,40000.0,CHEMBL4296595,Pseudoalteromonas ulvae,Pseudoalteromonas ulvae,107327,,,EC50,uM,UO_0000065,,40.0,40000.0,4.3979400086720375
1695,,,14541461,[],CHEMBL3227446,Antimicrobial activity against methicillin-resistant Staphylococcus aureus ATCC 43300 assessed as inhibition of biofilm formation after 24 hrs by crystal violet staining-based microscopy,F,,,BAO_0000190,BAO_0000218,organism-based format,CCCCCc1ccc(C(=O)Nc2ccc3c(c2)nc(N)n3CCc2nc3ccccc3[nH]2)cc1.Cl,,,CHEMBL3217587,Medchemcomm,2012,,CHEMBL3218068,,CHEMBL3303994,5.16,0,http://www.openphacts.org/units/Nanomolar,2072412,=,1,1,=,,IC50,nM,,7000.0,CHEMBL352,Staphylococcus aureus,Staphylococcus aureus,1280,,,IC50,uM,UO_0000065,,7.0,7000.0,5.154901959985743
1905,,,15087760,[],CHEMBL3388394,Inhibition of biofilm formation in methicillin-resistant Staphylococcus aureus MTCC 96 after 36 hr incubation by tissue culture plate method,F,,,BAO_0000190,BAO_0000218,organism-based format,COC(=O)CCCC(=O)Nc1ccc(-c2nc3cc(F)ccc3[nH]2)cc1,,,CHEMBL3352166,Bioorg Med Chem,2014,,CHEMBL3344012,,CHEMBL3344012,4.23,0,http://www.openphacts.org/units/Nanomolar,2266625,=,1,1,=,,IC50,nM,,59330.0,CHEMBL352,Staphylococcus aureus,Staphylococcus aureus,1280,,,IC50,uM,UO_0000065,,59.33,59330.0,4.226725651662546
8174,,,24898408,"[{'comments': None, 'relation': '=', 'result_flag': 0, 'standard_relation': '=', 'standard_text_value': None, 'standard_type': 'TIME', 'standard_units': 'hr', 'standard_value': '24.0', 'text_value': None, 'type': 'Time', 'units': 'hrs', 'value': '24.0'}]",CHEMBL5159908,Antibiofilm activity against Salmonella typhimurium ATCC 14028 assessed as biofilm dispersal effect incubated for 24 hrs by crystal violet staining based spectrophotometry,F,,,BAO_0000188,BAO_0000218,organism-based format,CN(Cc1ccsc1)CC1CCN(Cc2cccc(F)c2)CC1,Outside typical range,"Values for this activity type are unusually large/small, so may not be accurate",CHEMBL5154764,Eur J Med Chem,2022,,CHEMBL5201767,,CHEMBL5201767,,0,http://www.openphacts.org/units/Nanomolar,3891417,=,1,1,=,,EC50,nM,,1051000.0,CHEMBL351,Salmonella enterica subsp. enterica serovar Typhimurium,Salmonella typhimurium,90371,,,EC50,uM,UO_0000065,,1051.0,1051000.0,2.9783972839717574
291,,,5190383,[],CHEMBL1663615,Antibiofilm activity in Salmonella Typhimurium ATCC 14028 assessed as inhibition of biofilm formation at 25 degC after 24 hrs,F,,,BAO_0000190,BAO_0000218,organism-based format,CCn1c(-c2ccc(Br)cc2)cnc1N,Outside typical range,"Values for this activity type are unusually large/small, so may not be accurate",CHEMBL1649413,J Med Chem,2011,,CHEMBL1649827,,CHEMBL1649827,,0,http://www.openphacts.org/units/Nanomolar,1322105,=,1,1,=,,IC50,nM,,126100.0,CHEMBL351,Salmonella enterica subsp. enterica serovar Typhimurium,Salmonella typhimurium,90371,,,IC50,uM,UO_0000065,,126.1,126100.0,3.8992849134269187
4186,,,18955423,[],CHEMBL4332306,Anti-biofilm activity against Pseudoalteromonas ulvae TC14 assessed as inhibition of bacterial adhesion incubated for 15 hrs at 20 degC by Syto 61 dye based fluorescence assay,F,,,BAO_0000188,BAO_0000218,organism-based format,CN(C)CCCOc1ccc(CCn2cc(COCc3cn(CCc4ccc(OCCCN(C)C)c(Br)c4)nn3)nn2)cc1Br,Outside typical range,"Values for this activity type are unusually large/small, so may not be accurate",CHEMBL4330109,Bioorg Med Chem Lett,2019,,CHEMBL4542202,,CHEMBL4542202,,0,http://www.openphacts.org/units/Nanomolar,3162293,=,1,1,=,,EC50,nM,,121700.0,CHEMBL4296595,Pseudoalteromonas ulvae,Pseudoalteromonas ulvae,107327,,,EC50,uM,UO_0000065,,121.7,121700.0,3.9147094217699347
5364,,,19241834,[],CHEMBL4399776,Antibiofilm activity against Bacillus subtilis MTCC 121 assessed as inhibition of biofilm formation by crystal violet staining-based microtitre plate assay,F,,,BAO_0000190,BAO_0000218,organism-based format,O=C(c1cn(-c2ccc(F)cc2Br)nn1)c1c(-c2ccccc2)nc2sccn12,,,CHEMBL4396937,Bioorg Med Chem Lett,2019,,CHEMBL4438816,,CHEMBL4438816,,0,http://www.openphacts.org/units/MicrogramPerMilliliter,3211946,=,1,1,=,,IC50,ug.mL-1,,13.5,CHEMBL359,Bacillus subtilis,Bacillus subtilis,1423,,,IC50,ug ml-1,UO_0000274,,13.5,28826.99744400622,4.540200590404296
583,,,6303256,[],CHEMBL1815005,Antimicrobial activity against Salmonella Typhimurium ATCC 14028 assessed as inhibition of biofilm formation after 24 hrs by spectrophotometry,F,,,BAO_0000190,BAO_0000218,organism-based format,Fc1ccc(-c2cnc(NCc3ccc4c(c3)OCO4)[nH]2)cc1,,,CHEMBL1811868,Bioorg Med Chem,2011,,CHEMBL1814382,,CHEMBL1814382,4.18,0,http://www.openphacts.org/units/Nanomolar,1448979,=,1,1,=,,IC50,nM,,66590.0,CHEMBL351,Salmonella enterica subsp. enterica serovar Typhimurium,Salmonella typhimurium,90371,,,IC50,uM,UO_0000065,,66.59,66590.0,4.176590985107455
1944,,,15125500,[],CHEMBL3381381,Anti-biofilm activity against Staphylococcus aureus MTCC 96 assessed as inhibition of biofilm formation incubated for 24 hrs by crystal violet staining based modified biofilm inhibition assay,F,,,BAO_0000190,BAO_0000218,organism-based format,CCCCCCC(C/C=C\CCCCCCCC(=O)OC)/N=C\c1ccc(OC)c(OC)c1,,,CHEMBL3351415,Bioorg Med Chem Lett,2014,,CHEMBL3337779,,CHEMBL3337779,4.38,0,http://www.openphacts.org/units/Nanomolar,2272902,=,1,1,=,,IC50,nM,,41800.0,CHEMBL352,Staphylococcus aureus,Staphylococcus aureus,1280,,,IC50,uM,UO_0000065,,41.8,41800.0,4.3788237182249645
3732,,,18730805,[],CHEMBL4260145,Antibiofilm activity against Salmonella typhimurium ATCC 14028 after 24 hrs by crystal violet staining based assay,F,,,BAO_0000190,BAO_0000218,organism-based format,CCCCCCCCCCC(=O)Nc1ccc2c(c1)nc(N)n2CCCc1ccccc1.Cl,,,CHEMBL4257552,Medchemcomm,2018,,CHEMBL4289846,,CHEMBL4300436,5.0,0,http://www.openphacts.org/units/Nanomolar,3111845,=,1,1,=,,IC50,nM,,10000.0,CHEMBL351,Salmonella enterica subsp. enterica serovar Typhimurium,Salmonella typhimurium,90371,,,IC50,uM,UO_0000065,15.0,10.0,10000.0,5.0
265,,,5190357,[],CHEMBL1663615,Antibiofilm activity in Salmonella Typhimurium ATCC 14028 assessed as inhibition of biofilm formation at 25 degC after 24 hrs,F,,,BAO_0000190,BAO_0000218,organism-based format,CCn1c(-c2ccc(Cl)cc2)cnc1N,,,CHEMBL1649413,J Med Chem,2011,,CHEMBL1649801,,CHEMBL1649801,4.27,0,http://www.openphacts.org/units/Nanomolar,1322079,=,1,1,=,,IC50,nM,,53200.0,CHEMBL351,Salmonella enterica subsp. enterica serovar Typhimurium,Salmonella typhimurium,90371,,,IC50,uM,UO_0000065,,53.2,53200.0,4.274088367704952
4330,,,18982184,[],CHEMBL4339390,Antibiofilm activity against Staphylococcus aureus ATCC 6538 incubated for 24 hrs by crystal violet-staining based assay,F,,,BAO_0000179,BAO_0000218,organism-based format,Br.COc1cccc(-c2cn3nc(-c4cn(C)c5ccccc45)sc3n2)c1,,,CHEMBL4339190,Eur J Med Chem,2019,,CHEMBL4436352,,CHEMBL4596518,,0,http://www.openphacts.org/units/Micromolar,3166579,=,1,0,=,,MBIC50,uM,,28.0,CHEMBL352,Staphylococcus aureus,Staphylococcus aureus,1280,,,MBIC50,uM,UO_0000064,,28.0,28000.0,4.552841968657781
4042,,,18935750,[],CHEMBL4326968,Antibiofilm activity against methicillin-resistant Staphylococcus aureus ATCC BAA-44,F,,,BAO_0000190,BAO_0000218,organism-based format,O=C1NC(C(Cl)(Cl)Cc2ccccc2)O/C1=C\c1ccc(C(F)(F)F)cc1,,,CHEMBL4325854,Eur J Med Chem,2019,,CHEMBL4567949,,CHEMBL4567949,5.92,0,http://www.openphacts.org/units/Nanomolar,3159076,=,1,1,=,,IC50,nM,,1200.0,CHEMBL352,Staphylococcus aureus,Staphylococcus aureus,1280,,,IC50,uM,UO_0000065,,1.2,1200.0,5.920818753952376
3218,,,18511380,[],CHEMBL4191872,Antibiofilm activity against Salmonella typhimurium ATCC 14028 after 24 hrs by crystal violet staining based method,F,,,BAO_0000179,BAO_0000218,organism-based format,CCCCCc1nc(N)n(CC(=O)Nc2ccc(C)cc2)c1-c1ccccc1Br,,,CHEMBL4190235,Eur J Med Chem,2017,,CHEMBL4202488,,CHEMBL4202488,,0,http://www.openphacts.org/units/Micromolar,3073309,=,1,0,=,,MBIC50,uM,,31.5,CHEMBL351,Salmonella enterica subsp. enterica serovar Typhimurium,Salmonella typhimurium,90371,,,MBIC50,uM,UO_0000064,,31.5,31500.0,4.501689446210399
9448,,,25722667,"[{'comments': None, 'relation': '=', 'result_flag': 0, 'standard_relation': '=', 'standard_text_value': None, 'standard_type': 'TIME', 'standard_units': 'hr', 'standard_value': '24.0', 'text_value': None, 'type': 'TIME', 'units': 'hrs', 'value': '24.0'}]",CHEMBL5391158,Antibiofilm activity against methicillin-susceptible Staphylococcus aureus ATCC 29213 assessed as biofilm eradication incubated for 24 hrs by crystal violet staining based analysis,F,,,BAO_0000179,BAO_0000218,organism-based format,Oc1cc(Cl)ccc1Oc1ccc(Cl)cc1Cl,,,CHEMBL5390226,Bioorg Med Chem,2023,,CHEMBL849,TRICLOSAN,CHEMBL849,,0,http://www.openphacts.org/units/MicrogramPerMilliliter,4010180,=,1,0,=,,MBEC50,ug ml-1,,3.13,CHEMBL352,Staphylococcus aureus,Staphylococcus aureus,1280,,,MBEC50,ug ml-1,UO_0000274,,3.13,10810.064066034642,4.966171732185185
2491,,,16603725,[],CHEMBL3813334,Antibiofilm activity against Klebsiella planticola MTCC 530 after 24 hrs by crystal violet staining based assay,F,,,BAO_0000190,BAO_0000218,organism-based format,CO[C@@]12[C@H](COC(N)=O)C3=C(C(=O)C(C)=C(N)C3=O)N1C[C@@H]1N[C@@H]12,,,CHEMBL3808371,Eur J Med Chem,2016,,CHEMBL105,MITOMYCIN,CHEMBL105,5.96,0,http://www.openphacts.org/units/Nanomolar,2779002,=,1,1,=,,IC50,nM,,1100.0,CHEMBL613271,Raoultella planticola,Raoultella planticola,575,,,IC50,uM,UO_0000065,,1.1,1100.0,5.958607314841775
319,,,5190411,[],CHEMBL1663615,Antibiofilm activity in Salmonella Typhimurium ATCC 14028 assessed as inhibition of biofilm formation at 25 degC after 24 hrs,F,,,BAO_0000190,BAO_0000218,organism-based format,Nc1ncc(-c2ccc(Cl)cc2)n1C1CCCCC1,,,CHEMBL1649413,J Med Chem,2011,,CHEMBL1649855,,CHEMBL1649855,4.48,0,http://www.openphacts.org/units/Nanomolar,1322133,=,1,1,=,,IC50,nM,,33200.0,CHEMBL351,Salmonella enterica subsp. enterica serovar Typhimurium,Salmonella typhimurium,90371,,,IC50,uM,UO_0000065,,33.2,33200.0,4.478861916295964
508,,,5196994,[],CHEMBL1670370,Antibiofilm activity against methicillin-resistant Staphylococcus aureus assessed as biofilm dispersal,F,,,BAO_0000188,BAO_0000218,organism-based format,CC(C)[C@@H]1CC[C@@H](C)C[C@H]1OC(=O)NCCCCCCCc1c[nH]c(N)n1.Cl,,,CHEMBL1667831,Bioorg Med Chem Lett,2011,,CHEMBL1667931,,CHEMBL1739305,4.27,0,http://www.openphacts.org/units/Nanomolar,1327393,=,1,1,=,,EC50,nM,,53500.0,CHEMBL352,Staphylococcus aureus,Staphylococcus aureus,1280,,,EC50,uM,UO_0000065,,53.5,53500.0,4.2716462179787715
2034,,,15178582,[],CHEMBL3405142,Antimicrobial activity against Escherichia coli MTCC 739 assessed as inhibition of biofilm formation after 24 hrs,F,,,BAO_0000190,BAO_0000218,organism-based format,Cc1ccc(C2=CC(c3oc(CO)cc(=O)c3O)c3ccccc3O2)cc1,,,CHEMBL3400018,Bioorg Med Chem Lett,2015,,CHEMBL3402105,,CHEMBL3402105,,0,http://www.openphacts.org/units/MicrogramPerMilliliter,2283219,=,1,1,=,,IC50,ug.mL-1,,9.1,CHEMBL354,Escherichia coli,Escherichia coli,562,,,IC50,ug ml-1,UO_0000274,,9.1,25111.691838148243,4.600124026784476
9405,,,25722624,"[{'comments': None, 'relation': '=', 'result_flag': 0, 'standard_relation': '=', 'standard_text_value': None, 'standard_type': 'DOSE_Lower', 'standard_units': 'microg/ml', 'standard_value': '1.56', 'text_value': None, 'type': 'DOSE_Lower', 'units': 'microg/ml', 'value': '1.56'}, {'comments': None, 'relation': '=', 'result_flag': 0, 'standard_relation': '=', 'standard_text_value': None, 'standard_type': 'DOSE_Upper', 'standard_units': 'microg/ml', 'standard_value': '100.0', 'text_value': None, 'type': 'DOSE_Upper', 'units': 'microg/ml', 'value': '100.0'}, {'comments': None, 'relation': '=', 'result_flag': 0, 'standard_relation': '=', 'standard_text_value': None, 'standard_type': 'TIME', 'standard_units': 'hr', 'standard_value': '24.0', 'text_value': None, 'type': 'TIME', 'units': 'hrs', 'value': '24.0'}]",CHEMBL5391157,Antibiofilm activity against methicillin-resistant Staphylococcus aureus ATCC 33591 assessed as inhibition of biofilm formation incubated for 24 hrs by crystal violet staining based analysis,F,,,BAO_0000179,BAO_0000218,organism-based format,CC1(C)C(c2cnc3c4ccccc4nn3c2)=Nc2ccc3ccccc3c21,,,CHEMBL5390226,Bioorg Med Chem,2023,,CHEMBL5399651,,CHEMBL5399651,,0,http://www.openphacts.org/units/MicrogramPerMilliliter,4010184,=,1,0,=,,MBIC50,ug ml-1,,50.0,CHEMBL352,Staphylococcus aureus,Staphylococcus aureus,1280,,,MBIC50,ug ml-1,UO_0000274,,50.0,137955.3907448487,3.8602613243620425
3563,,,18570357,[],CHEMBL4220815,Antibiofilm activity against Staphylococcus aureus SH1000 after 48 hrs by crystal violet staining based assay,F,,,BAO_0000190,BAO_0000218,organism-based format,Clc1ccc(-c2cnc(NCCCNc3ncc(-c4ccc(Cl)cc4)[nH]3)[nH]2)cc1,,,CHEMBL4219072,Bioorg Med Chem,2018,,CHEMBL4228735,,CHEMBL4228735,4.89,0,http://www.openphacts.org/units/Nanomolar,3083454,=,1,1,=,,IC50,nM,,13000.0,CHEMBL352,Staphylococcus aureus,Staphylococcus aureus,1280,,,IC50,uM,UO_0000065,,13.0,13000.0,4.886056647693163
3335,,,18552668,[],CHEMBL4199792,Inhibition of biofilm formation in methicillin-resistant Staphylococcus aureus ATCC 43300 after 24 hrs by crystal violet staining based method,F,,,BAO_0000190,BAO_0000218,organism-based format,Cl.Nc1nccc(-c2c[nH]c3cc(I)ccc23)n1,,,CHEMBL4196121,ACS Med Chem Lett,2018,,CHEMBL4213255,,CHEMBL4302259,4.37,0,http://www.openphacts.org/units/Nanomolar,3080268,=,1,1,=,,IC50,nM,,42500.0,CHEMBL352,Staphylococcus aureus,Staphylococcus aureus,1280,,,IC50,uM,UO_0000065,,42.5,42500.0,4.371611069949688
4980,,,19107463,[],CHEMBL4369768,Antibiofilm activity against Mycobacterium smegmatis str. MC2 155 ATCC 700084 assessed as inhibition of biofilm formation incubated for 48 hrs by crystal violet reporter assay,F,,,BAO_0000190,BAO_0000218,organism-based format,CCCCCc1ccc(C(=O)Nc2ccc3c(c2)nc(N)n3CCCc2cccc(Br)c2)cc1,,,CHEMBL4368897,Medchemcomm,2019,,CHEMBL4476034,,CHEMBL4476034,5.04,0,http://www.openphacts.org/units/Nanomolar,3188141,=,1,1,=,,IC50,nM,,9200.0,CHEMBL613088,Mycolicibacterium smegmatis,Mycolicibacterium smegmatis,1772,,,IC50,uM,UO_0000065,,9.2,9200.0,5.036212172654444
6067,,,22446297,[],CHEMBL4679608,Antibiofilm activity against Streptococcus mutans UA159 assessed as inhibition of biofilm formation by serial dilution method,F,,,BAO_0000190,BAO_0000218,organism-based format,COC(=O)c1ccccc1NC(=O)c1cnc2ccccc2c1,Outside typical range,"Values for this activity type are unusually large/small, so may not be accurate",CHEMBL4673385,ACS Med Chem Lett,2021,,CHEMBL4781351,,CHEMBL4781351,,0,http://www.openphacts.org/units/Nanomolar,3517926,=,1,1,=,,IC50,nM,,141700.0,CHEMBL612426,Streptococcus mutans,Streptococcus mutans,1309,,,IC50,uM,UO_0000065,,141.7,141700.0,3.8486301497525393
8819,,,25575438,[],CHEMBL5352619,Antibiofilm activity against Streptococcus mutans UA159 assessed as inhibition of biofilm formation,F,,,BAO_0000190,BAO_0000218,organism-based format,COc1ccc(CNC2=CC3=NCCc4cn(S(=O)(=O)c5ccc(C)cc5)c(c43)C2=O)cc1OC,,,CHEMBL5352385,Eur J Med Chem,2022,,CHEMBL5433558,,CHEMBL5433558,5.58,0,http://www.openphacts.org/units/Nanomolar,3981686,=,1,1,=,,IC50,nM,,2600.0,CHEMBL612426,Streptococcus mutans,Streptococcus mutans,1309,,,IC50,uM,UO_0000065,,2.6,2600.0,5.585026652029182
8145,,,24898379,"[{'comments': None, 'relation': '=', 'result_flag': 0, 'standard_relation': '=', 'standard_text_value': None, 'standard_type': 'TIME', 'standard_units': 'hr', 'standard_value': '24.0', 'text_value': None, 'type': 'Time', 'units': 'hrs', 'value': '24.0'}]",CHEMBL5159907,Antibiofilm activity against Salmonella typhimurium ATCC 14028 assessed as inhibition of biofilm formation incubated for 24 hrs by crystal violet staining based spectrophotometry,F,,,BAO_0000190,BAO_0000218,organism-based format,CN(Cc1ccsc1)CC1CCN(CCc2cccc3ccccc23)CC1,,,CHEMBL5154764,Eur J Med Chem,2022,,CHEMBL5172599,,CHEMBL5172599,5.6,0,http://www.openphacts.org/units/Nanomolar,3891442,=,1,1,=,,IC50,nM,,2500.0,CHEMBL351,Salmonella enterica subsp. enterica serovar Typhimurium,Salmonella typhimurium,90371,,,IC50,uM,UO_0000065,,2.5,2500.0,5.6020599913279625
351,,,5190443,[],CHEMBL1663615,Antibiofilm activity in Salmonella Typhimurium ATCC 14028 assessed as inhibition of biofilm formation at 25 degC after 24 hrs,F,,,BAO_0000190,BAO_0000218,organism-based format,CCCCCCCC[n+]1c(-c2cccc3ccccc23)cn2cccnc21.[O-][Cl+3]([O-])([O-])[O-],,,CHEMBL1649413,J Med Chem,2011,,CHEMBL1649886,,CHEMBL1739635,5.22,0,http://www.openphacts.org/units/Nanomolar,1322165,=,1,1,=,,IC50,nM,,6000.0,CHEMBL351,Salmonella enterica subsp. enterica serovar Typhimurium,Salmonella typhimurium,90371,,,IC50,uM,UO_0000065,,6.0,6000.0,5.221848749616356
1898,,,15087753,[],CHEMBL3388394,Inhibition of biofilm formation in methicillin-resistant Staphylococcus aureus MTCC 96 after 36 hr incubation by tissue culture plate method,F,,,BAO_0000190,BAO_0000218,organism-based format,O=C(O)CC(=O)Nc1ccc(-c2nc3ccccc3[nH]2)cc1,,,CHEMBL3352166,Bioorg Med Chem,2014,,CHEMBL3344005,,CHEMBL3344005,4.32,0,http://www.openphacts.org/units/Nanomolar,2266618,=,1,1,=,,IC50,nM,,47800.0,CHEMBL352,Staphylococcus aureus,Staphylococcus aureus,1280,,,IC50,uM,UO_0000065,,47.8,47800.0,4.320572103387881
3579,,,18583816,[],CHEMBL4223119,Antibiofilm activity against Klebsiella planticola MTCC 530 after 24 hrs by crystal violet staining-based assay,F,,,BAO_0000190,BAO_0000218,organism-based format,CN1CCN(C(=O)c2nc(-c3ccccc3)c3c(C(F)(F)F)cc(-c4ccccc4)nc3n2)CC1,,,CHEMBL4219190,Bioorg Med Chem Lett,2018,,CHEMBL4227935,,CHEMBL4227935,,0,http://www.openphacts.org/units/MicrogramPerMilliliter,3086029,=,1,1,=,,IC50,ug.mL-1,,21.6,CHEMBL613271,Raoultella planticola,Raoultella planticola,575,,,IC50,ug ml-1,UO_0000274,,21.6,45236.5494565331,4.3445105295012
3338,,,18552671,[],CHEMBL4199792,Inhibition of biofilm formation in methicillin-resistant Staphylococcus aureus ATCC 43300 after 24 hrs by crystal violet staining based method,F,,,BAO_0000190,BAO_0000218,organism-based format,CN(C)c1nccc(-c2c[nH]c3ccc(Br)cc23)n1.Cl,,,CHEMBL4196121,ACS Med Chem Lett,2018,,CHEMBL4211747,,CHEMBL4302258,4.63,0,http://www.openphacts.org/units/Nanomolar,3080265,=,1,1,=,,IC50,nM,,23400.0,CHEMBL352,Staphylococcus aureus,Staphylococcus aureus,1280,,,IC50,uM,UO_0000065,,23.4,23400.0,4.6307841425898575
5555,,,19304600,[],CHEMBL4414410,Antibiofilm activity against Staphylococcus aureus ATCC 25923 after 24 hrs by crystal violet staining based assay,F,,,BAO_0000190,BAO_0000218,organism-based format,O=C(c1cc(Cl)cc(Cl)c1O)c1[nH]c(Cl)c(Br)c1Cl,,,CHEMBL4411342,Bioorg Med Chem,2019,,CHEMBL4548402,,CHEMBL4548402,7.61,0,http://www.openphacts.org/units/Nanomolar,3223504,=,1,1,=,,IC50,nM,,24.7,CHEMBL352,Staphylococcus aureus,Staphylococcus aureus,1280,,,IC50,uM,UO_0000065,,0.0247,24.7,7.607303046740334
2492,,,16603726,[],CHEMBL3813334,Antibiofilm activity against Klebsiella planticola MTCC 530 after 24 hrs by crystal violet staining based assay,F,,,BAO_0000190,BAO_0000218,organism-based format,O=C1C=C(N2CC2)C(=O)C(c2cc(-c3ccc(C(=O)N4CCOCC4)s3)on2)=C1N1CC1,,,CHEMBL3808371,Eur J Med Chem,2016,,CHEMBL3809188,,CHEMBL3809188,5.29,0,http://www.openphacts.org/units/Nanomolar,2778999,=,1,1,=,,IC50,nM,,5100.0,CHEMBL613271,Raoultella planticola,Raoultella planticola,575,,,IC50,uM,UO_0000065,,5.1,5100.0,5.292429823902064
277,,,5190369,[],CHEMBL1663615,Antibiofilm activity in Salmonella Typhimurium ATCC 14028 assessed as inhibition of biofilm formation at 25 degC after 24 hrs,F,,,BAO_0000190,BAO_0000218,organism-based format,CCn1c(-c2ccc(-c3ccccc3)cc2)cnc1N,,,CHEMBL1649413,J Med Chem,2011,,CHEMBL1649813,,CHEMBL1649813,4.85,0,http://www.openphacts.org/units/Nanomolar,1322091,=,1,1,=,,IC50,nM,,14000.0,CHEMBL351,Salmonella enterica subsp. enterica serovar Typhimurium,Salmonella typhimurium,90371,,,IC50,uM,UO_0000065,,14.0,14000.0,4.853871964321762
311,,,5190403,[],CHEMBL1663615,Antibiofilm activity in Salmonella Typhimurium ATCC 14028 assessed as inhibition of biofilm formation at 25 degC after 24 hrs,F,,,BAO_0000190,BAO_0000218,organism-based format,Nc1ncc(-c2ccccc2)n1C1CCC1,Outside typical range,"Values for this activity type are unusually large/small, so may not be accurate",CHEMBL1649413,J Med Chem,2011,,CHEMBL1649847,,CHEMBL1649847,,0,http://www.openphacts.org/units/Nanomolar,1322125,=,1,1,=,,IC50,nM,,116300.0,CHEMBL351,Salmonella enterica subsp. enterica serovar Typhimurium,Salmonella typhimurium,90371,,,IC50,uM,UO_0000065,,116.3,116300.0,3.9344202852715515
279,,,5190371,[],CHEMBL1663615,Antibiofilm activity in Salmonella Typhimurium ATCC 14028 assessed as inhibition of biofilm formation at 25 degC after 24 hrs,F,,,BAO_0000190,BAO_0000218,organism-based format,CCCCCn1c(-c2ccc(-c3ccccc3)cc2)cnc1N,,,CHEMBL1649413,J Med Chem,2011,,CHEMBL1649815,,CHEMBL1649815,5.04,0,http://www.openphacts.org/units/Nanomolar,1322093,=,1,1,=,,IC50,nM,,9200.0,CHEMBL351,Salmonella enterica subsp. enterica serovar Typhimurium,Salmonella typhimurium,90371,,,IC50,uM,UO_0000065,,9.2,9200.0,5.036212172654444
783,,,6306945,[],CHEMBL1815005,Antimicrobial activity against Salmonella Typhimurium ATCC 14028 assessed as inhibition of biofilm formation after 24 hrs by spectrophotometry,F,,,BAO_0000190,BAO_0000218,organism-based format,CCCCCCCCCCN1c2nccc[n+]2C[C@@]1(O)c1ccc(F)cc1.[Br-],,,CHEMBL1811868,Bioorg Med Chem,2011,,CHEMBL1814039,,CHEMBL1851621,4.7,0,http://www.openphacts.org/units/Nanomolar,1448545,=,1,1,=,,IC50,nM,,20000.0,CHEMBL351,Salmonella enterica subsp. enterica serovar Typhimurium,Salmonella typhimurium,90371,,,IC50,uM,UO_0000065,,20.0,20000.0,4.698970004336019
904,,,10928314,[],CHEMBL2044658,Inhibition of type 1 pili formation in uropathogenic Escherichia coli isolate UTI89 assessed as inhibition of biofilm formation after 24 hrs by crystal violet staining method,F,,,BAO_0000188,BAO_0000218,organism-based format,O=C(O)[C@@H]1CSc2c(-c3cn(Cc4ccccc4)nn3)c(Cc3cccc4ccccc34)cc(=O)n21,,,CHEMBL2040841,Eur J Med Chem,2012,,CHEMBL2043376,,CHEMBL2043376,4.0,0,http://www.openphacts.org/units/Nanomolar,1651268,=,1,1,=,,EC50,nM,,100000.0,CHEMBL354,Escherichia coli,Escherichia coli,562,,,EC50,uM,UO_0000065,,100.0,100000.0,4.0
1050,,,12675067,[],CHEMBL2344064,Antibacterial activity against methicillin-resistant Staphylococcus aureus ATCC BAA-44 assessed as inhibition of biofilm growth after 24 hrs by crystal violet reporter assay,F,,,BAO_0000190,BAO_0000218,organism-based format,CCCCCc1ccc(C(=O)NCCn2cc(CCCCCc3cn(CC(C)C)c(N)n3)nn2)cc1.Cl,,,CHEMBL2331213,Eur J Med Chem,2013,,CHEMBL2332803,,CHEMBL2364890,4.62,0,http://www.openphacts.org/units/Nanomolar,1866610,=,1,1,=,,IC50,nM,,24000.0,CHEMBL352,Staphylococcus aureus,Staphylococcus aureus,1280,,,IC50,uM,UO_0000065,,24.0,24000.0,4.619788758288394
5650,,,20704032,[],CHEMBL4627903,Antibiofilm activity against Escherichia coli UTI89 incubated for 2 days at 23 degC followed by 1 day incubation at RT,F,,,BAO_0000179,BAO_0000218,organism-based format,CC1(C)CC[C@]2(C(=O)O)CC[C@]3(C)C(=CC[C@@H]4[C@@]5(C)Cc6cn[nH]c6C(C)(C)[C@@H]5CC[C@]43C)[C@@H]2C1,,,CHEMBL4627274,Bioorg Med Chem,2020,,CHEMBL574391,,CHEMBL574391,,0,http://www.openphacts.org/units/MicrogramPerMilliliter,3486857,=,1,0,=,,MBIC50,ug ml-1,,4.0,CHEMBL354,Escherichia coli,Escherichia coli,562,,,MBIC50,ug ml-1,UO_0000274,,4.0,8355.59751922309,5.078022487718808
1131,,,13840640,[],CHEMBL3095560,Antibiofilm activity against Klebsiella planticola MTCC 530 after 24 hrs by crystal violet assay,F,,,BAO_0000190,BAO_0000218,organism-based format,O=C(NCc1cn(Cc2ccc(F)c(Cl)c2)nn1)c1ccc([N+](=O)[O-])o1,,,CHEMBL3091424,Bioorg Med Chem Lett,2013,,CHEMBL3093118,,CHEMBL3093118,,0,http://www.openphacts.org/units/MicrogramPerMilliliter,1953078,=,1,1,=,,IC50,ug.mL-1,,12.2,CHEMBL613271,Raoultella planticola,Raoultella planticola,575,,,IC50,ug ml-1,UO_0000274,,12.2,32127.667978985333,4.493120797032187
788,,,6306950,[],CHEMBL1815005,Antimicrobial activity against Salmonella Typhimurium ATCC 14028 assessed as inhibition of biofilm formation after 24 hrs by spectrophotometry,F,,,BAO_0000190,BAO_0000218,organism-based format,CCCCCCCCN1c2nccc[n+]2C[C@@]1(O)c1ccc([N+](=O)[O-])cc1.[Br-],,,CHEMBL1811868,Bioorg Med Chem,2011,,CHEMBL1814034,,CHEMBL1851901,5.18,0,http://www.openphacts.org/units/Nanomolar,1448540,=,1,1,=,,IC50,nM,,6600.0,CHEMBL351,Salmonella enterica subsp. enterica serovar Typhimurium,Salmonella typhimurium,90371,,,IC50,uM,UO_0000065,,6.6,6600.0,5.180456064458131
9411,,,25722630,"[{'comments': None, 'relation': '=', 'result_flag': 0, 'standard_relation': '=', 'standard_text_value': None, 'standard_type': 'DOSE_Lower', 'standard_units': 'microg/ml', 'standard_value': '1.56', 'text_value': None, 'type': 'DOSE_Lower', 'units': 'microg/ml', 'value': '1.56'}, {'comments': None, 'relation': '=', 'result_flag': 0, 'standard_relation': '=', 'standard_text_value': None, 'standard_type': 'DOSE_Upper', 'standard_units': 'microg/ml', 'standard_value': '100.0', 'text_value': None, 'type': 'DOSE_Upper', 'units': 'microg/ml', 'value': '100.0'}, {'comments': None, 'relation': '=', 'result_flag': 0, 'standard_relation': '=', 'standard_text_value': None, 'standard_type': 'TIME', 'standard_units': 'hr', 'standard_value': '24.0', 'text_value': None, 'type': 'TIME', 'units': 'hrs', 'value': '24.0'}]",CHEMBL5391157,Antibiofilm activity against methicillin-resistant Staphylococcus aureus ATCC 33591 assessed as inhibition of biofilm formation incubated for 24 hrs by crystal violet staining based analysis,F,,,BAO_0000179,BAO_0000218,organism-based format,CC1(C)C(c2cnc3c4ccc(Br)cc4nn3c2)=Nc2c1ccc1ccccc21,,,CHEMBL5390226,Bioorg Med Chem,2023,,CHEMBL5405108,,CHEMBL5405108,,0,http://www.openphacts.org/units/MicrogramPerMilliliter,4010190,=,1,0,=,,MBIC50,ug ml-1,,50.0,CHEMBL352,Staphylococcus aureus,Staphylococcus aureus,1280,,,MBIC50,ug ml-1,UO_0000274,,50.0,113293.39363563027,3.9457954139780966
6202,,,22750690,"[{'comments': None, 'relation': '=', 'result_flag': 0, 'standard_relation': '=', 'standard_text_value': None, 'standard_type': 'TIME', 'standard_units': 'hr', 'standard_value': '24.0', 'text_value': None, 'type': 'Time', 'units': 'hrs', 'value': '24.0'}]",CHEMBL4699742,Antibiofilm activity against Mycobacterium smegmatis mc2 155 ATCC 700084 assessed as inhibition of biofilm formation measured after 24 hrs by crystal violet reporter assay,F,,,BAO_0000190,BAO_0000218,organism-based format,Nc1nccc(-c2c[nH]c3cc(Cl)ccc23)n1,,,CHEMBL4699393,RSC Med Chem,2020,,CHEMBL4065388,,CHEMBL4065388,4.58,0,http://www.openphacts.org/units/Nanomolar,3530896,=,1,1,=,,IC50,nM,,26600.0,CHEMBL613088,Mycolicibacterium smegmatis,Mycolicibacterium smegmatis,1772,,,IC50,uM,UO_0000065,,26.6,26600.0,4.575118363368933
6093,,,22446323,[],CHEMBL4679608,Antibiofilm activity against Streptococcus mutans UA159 assessed as inhibition of biofilm formation by serial dilution method,F,,,BAO_0000190,BAO_0000218,organism-based format,COC(=O)c1cccc(NC(=O)c2cc3cc([N+](=O)[O-])ccc3o2)c1,,,CHEMBL4673385,ACS Med Chem Lett,2021,,CHEMBL4783127,,CHEMBL4783127,5.57,0,http://www.openphacts.org/units/Nanomolar,3517900,=,1,1,=,,IC50,nM,,2700.0,CHEMBL612426,Streptococcus mutans,Streptococcus mutans,1309,,,IC50,uM,UO_0000065,,2.7,2700.0,5.568636235841012
639,,,6304677,[],CHEMBL1815005,Antimicrobial activity against Salmonella Typhimurium ATCC 14028 assessed as inhibition of biofilm formation after 24 hrs by spectrophotometry,F,,,BAO_0000190,BAO_0000218,organism-based format,CCCCCCCCNc1ncc(-c2cccc3ccccc23)[nH]1,Outside typical range,"Values for this activity type are unusually large/small, so may not be accurate",CHEMBL1811868,Bioorg Med Chem,2011,,CHEMBL1814263,,CHEMBL1814263,,0,http://www.openphacts.org/units/Nanomolar,1448808,=,1,1,=,,IC50,nM,,238400.0,CHEMBL351,Salmonella enterica subsp. enterica serovar Typhimurium,Salmonella typhimurium,90371,,,IC50,uM,UO_0000065,,238.4,238400.0,3.622693748931801
5630,,,20704012,[],CHEMBL4627903,Antibiofilm activity against Escherichia coli UTI89 incubated for 2 days at 23 degC followed by 1 day incubation at RT,F,,,BAO_0000179,BAO_0000218,organism-based format,CNC(=O)[C@@H]1C[C@]2(C)[C@H]3CC=C4[C@@H]5CC(C)(C)CC[C@]5(C(=O)O)CC[C@@]4(C)[C@]3(C)CC[C@H]2C(C)(C)[C@H]1O,,,CHEMBL4627274,Bioorg Med Chem,2020,,CHEMBL4644083,,CHEMBL4644083,,0,http://www.openphacts.org/units/MicrogramPerMilliliter,3486837,=,1,0,=,,MBIC50,ug ml-1,,4.0,CHEMBL354,Escherichia coli,Escherichia coli,562,,,MBIC50,ug ml-1,UO_0000274,,4.0,7785.691067671273,5.108702832863871
1969,,,15125525,[],CHEMBL3381973,Anti-biofilm activity against Bacillus subtilis MTCC 121 assessed as inhibition of biofilm formation incubated for 24 hrs by crystal violet staining based modified biofilm inhibition assay,F,,,BAO_0000190,BAO_0000218,organism-based format,CCCCCCC(C/C=C\CCCCCCCC(=O)OC)/N=C\c1c[nH]c2ccccc12,,,CHEMBL3351415,Bioorg Med Chem Lett,2014,,CHEMBL3360839,,CHEMBL3360839,4.66,0,http://www.openphacts.org/units/Nanomolar,2272911,=,1,1,=,,IC50,nM,,21900.0,CHEMBL359,Bacillus subtilis,Bacillus subtilis,1423,,,IC50,uM,UO_0000065,,21.9,21900.0,4.6595558851598815
3158,,,18470436,[],CHEMBL4182537,Anti-biofilm activity against Pseudoalteromonas ulvae TC14 assessed as inhibition of bacterial adhesion incubated for 15 hrs at 20 degC by Syto 61 dye based fluorimetric assay,F,,,BAO_0000188,BAO_0000218,organism-based format,COc1cccc(-n2cc(C(=O)NCCc3ccc(O)cc3)nn2)c1,Outside typical range,"Values for this activity type are unusually large/small, so may not be accurate",CHEMBL4177720,Bioorg Med Chem Lett,2018,,CHEMBL4202823,,CHEMBL4202823,,0,http://www.openphacts.org/units/Nanomolar,3065751,=,1,1,=,,EC50,nM,,204300.0,CHEMBL4296595,Pseudoalteromonas ulvae,Pseudoalteromonas ulvae,107327,,,EC50,uM,UO_0000065,,204.3,204300.0,3.6897316333675523
6078,,,22446308,[],CHEMBL4679608,Antibiofilm activity against Streptococcus mutans UA159 assessed as inhibition of biofilm formation by serial dilution method,F,,,BAO_0000190,BAO_0000218,organism-based format,COc1ccc2[nH]c(C(=O)Nc3cccc(C(N)=O)c3)cc2c1,,,CHEMBL4673385,ACS Med Chem Lett,2021,,CHEMBL4754797,,CHEMBL4754797,4.25,0,http://www.openphacts.org/units/Nanomolar,3517915,=,1,1,=,,IC50,nM,,56600.0,CHEMBL612426,Streptococcus mutans,Streptococcus mutans,1309,,,IC50,uM,UO_0000065,,56.6,56600.0,4.247183568811728
1706,,,14541472,[],CHEMBL3227447,Antimicrobial activity against methicillin-resistant Staphylococcus aureus ATCC BAA-44 assessed as inhibition of biofilm formation after 24 hrs by crystal violet staining-based microscopy,F,,,BAO_0000190,BAO_0000218,organism-based format,CCCCCc1ccc(C(=O)Nc2ccc3c(c2)nc(N)n3C2CCCC2)cc1.Cl,,,CHEMBL3217587,Medchemcomm,2012,,CHEMBL3218056,,CHEMBL3302771,5.37,0,http://www.openphacts.org/units/Nanomolar,2072400,=,1,1,=,,IC50,nM,,4300.0,CHEMBL352,Staphylococcus aureus,Staphylococcus aureus,1280,,,IC50,uM,UO_0000065,,4.3,4300.0,5.366531544420413
588,,,6303261,[],CHEMBL1815005,Antimicrobial activity against Salmonella Typhimurium ATCC 14028 assessed as inhibition of biofilm formation after 24 hrs by spectrophotometry,F,,,BAO_0000190,BAO_0000218,organism-based format,Clc1ccc(-c2cnc(NCc3ccccc3)[nH]2)cc1,,,CHEMBL1811868,Bioorg Med Chem,2011,,CHEMBL1814377,,CHEMBL1814377,4.51,0,http://www.openphacts.org/units/Nanomolar,1448974,=,1,1,=,,IC50,nM,,30730.0,CHEMBL351,Salmonella enterica subsp. enterica serovar Typhimurium,Salmonella typhimurium,90371,,,IC50,uM,UO_0000065,,30.73,30730.0,4.512437439743621
3516,,,18570310,[],CHEMBL4220814,Antibiofilm activity against Escherichia coli TG1 after 24 hrs by crystal violet staining based assay,F,,,BAO_0000190,BAO_0000218,organism-based format,Brc1ccc(-c2cnc(NCCCCNc3ncc(-c4ccc(Br)cc4)[nH]3)[nH]2)cc1,,,CHEMBL4219072,Bioorg Med Chem,2018,,CHEMBL4225550,,CHEMBL4225550,5.14,0,http://www.openphacts.org/units/Nanomolar,3083459,=,1,1,=,,IC50,nM,,7200.0,CHEMBL354,Escherichia coli,Escherichia coli,562,,,IC50,uM,UO_0000065,,7.2,7200.0,5.142667503568731
8168,,,24898402,"[{'comments': None, 'relation': '=', 'result_flag': 0, 'standard_relation': '=', 'standard_text_value': None, 'standard_type': 'TIME', 'standard_units': 'hr', 'standard_value': '24.0', 'text_value': None, 'type': 'Time', 'units': 'hrs', 'value': '24.0'}]",CHEMBL5159908,Antibiofilm activity against Salmonella typhimurium ATCC 14028 assessed as biofilm dispersal effect incubated for 24 hrs by crystal violet staining based spectrophotometry,F,,,BAO_0000188,BAO_0000218,organism-based format,CN(Cc1ccsc1)CC1CCN(CCc2ccc(Cl)c(Cl)c2)CC1,,,CHEMBL5154764,Eur J Med Chem,2022,,CHEMBL5176482,,CHEMBL5176482,4.35,0,http://www.openphacts.org/units/Nanomolar,3891411,=,1,1,=,,EC50,nM,,45000.0,CHEMBL351,Salmonella enterica subsp. enterica serovar Typhimurium,Salmonella typhimurium,90371,,,EC50,uM,UO_0000065,,45.0,45000.0,4.346787486224656
1126,,,13840635,[],CHEMBL3095560,Antibiofilm activity against Klebsiella planticola MTCC 530 after 24 hrs by crystal violet assay,F,,,BAO_0000190,BAO_0000218,organism-based format,COc1ccc(Cn2cc(CNC(=O)c3ccc([N+](=O)[O-])o3)nn2)cc1O,,,CHEMBL3091424,Bioorg Med Chem Lett,2013,,CHEMBL3093113,,CHEMBL3093113,,0,http://www.openphacts.org/units/MicrogramPerMilliliter,1953073,=,1,1,=,,IC50,ug.mL-1,,11.3,CHEMBL613271,Raoultella planticola,Raoultella planticola,575,,,IC50,ug ml-1,UO_0000274,,11.3,30268.53277974954,4.519008630285648
3501,,,18570295,[],CHEMBL4220814,Antibiofilm activity against Escherichia coli TG1 after 24 hrs by crystal violet staining based assay,F,,,BAO_0000190,BAO_0000218,organism-based format,Fc1ccc(-c2cnc(NCCCCCCCNc3ncc(-c4ccc(F)cc4)[nH]3)[nH]2)cc1,,,CHEMBL4219072,Bioorg Med Chem,2018,,CHEMBL4226477,,CHEMBL4226477,5.0,0,http://www.openphacts.org/units/Nanomolar,3083444,=,1,1,=,,IC50,nM,,10000.0,CHEMBL354,Escherichia coli,Escherichia coli,562,,,IC50,uM,UO_0000065,,10.0,10000.0,5.0
3254,,,18511443,[],CHEMBL4191874,Antibiofilm activity against Staphylococcus aureus SH1000 after 48 hrs by crystal violet staining based method,F,,,BAO_0000179,BAO_0000218,organism-based format,Cc1ccc(NC(=O)Cn2c(N)nc(Cc3ccc(C(C)(C)C)cc3)c2-c2ccccc2Br)cc1,,,CHEMBL4190235,Eur J Med Chem,2017,,CHEMBL4208312,,CHEMBL4208312,,0,http://www.openphacts.org/units/Micromolar,3073318,=,1,0,=,,MBIC50,uM,,3.9,CHEMBL352,Staphylococcus aureus,Staphylococcus aureus,1280,,,MBIC50,uM,UO_0000064,,3.9,3900.0,5.4089353929735005
3377,,,18570171,[],CHEMBL4220812,Antibiofilm activity against Salmonella typhimurium ATCC 14028 after 24 hrs by crystal violet staining based assay,F,,,BAO_0000190,BAO_0000218,organism-based format,Nc1ncc(-c2ccc(F)cc2)n1CCCCCCCn1c(-c2ccc(F)cc2)cnc1N,,,CHEMBL4219072,Bioorg Med Chem,2018,,CHEMBL4227460,,CHEMBL4227460,5.54,0,http://www.openphacts.org/units/Nanomolar,3083418,=,1,1,=,,IC50,nM,,2900.0,CHEMBL351,Salmonella enterica subsp. enterica serovar Typhimurium,Salmonella typhimurium,90371,,,IC50,uM,UO_0000065,,2.9,2900.0,5.537602002101044
3551,,,18570345,[],CHEMBL4220815,Antibiofilm activity against Staphylococcus aureus SH1000 after 48 hrs by crystal violet staining based assay,F,,,BAO_0000190,BAO_0000218,organism-based format,c1ccc(-c2cnc(NCCCNc3ncc(-c4ccccc4)[nH]3)[nH]2)cc1,Outside typical range,"Values for this activity type are unusually large/small, so may not be accurate",CHEMBL4219072,Bioorg Med Chem,2018,,CHEMBL4226219,,CHEMBL4226219,,0,http://www.openphacts.org/units/Nanomolar,3083442,=,1,1,=,,IC50,nM,,300000.0,CHEMBL352,Staphylococcus aureus,Staphylococcus aureus,1280,,,IC50,uM,UO_0000065,,300.0,300000.0,3.5228787452803374
2763,,,16817167,[],CHEMBL3871884,Antibiofilm activity against methicillin-resistant Staphylococcus aureus BAA-1685 after 24 hrs by crystal violet staining based assay,F,,,BAO_0000190,BAO_0000019,assay format,Nc1ncc([C@@H]2[C@@H](CNC(=O)c3cc(Br)c[nH]3)[C@H](CNC(=O)c3cc(Br)c[nH]3)[C@H]2c2cnc(N)[nH]2)[nH]1,,,CHEMBL3871288,Bioorg Med Chem Lett,2016,,CHEMBL3800115,,CHEMBL3800115,4.42,0,http://www.openphacts.org/units/Nanomolar,2812291,=,1,1,=,,IC50,nM,,37600.0,CHEMBL352,Staphylococcus aureus,Staphylococcus aureus,1280,,,IC50,uM,UO_0000065,,37.6,37600.0,4.424812155072339
6047,,,22446277,[],CHEMBL4679608,Antibiofilm activity against Streptococcus mutans UA159 assessed as inhibition of biofilm formation by serial dilution method,F,,,BAO_0000190,BAO_0000218,organism-based format,COC(=O)c1ccc(NC(=O)c2ccc3ccccc3c2)cc1,Outside typical range,"Values for this activity type are unusually large/small, so may not be accurate",CHEMBL4673385,ACS Med Chem Lett,2021,,CHEMBL4742146,,CHEMBL4742146,,0,http://www.openphacts.org/units/Nanomolar,3517946,=,1,1,=,,IC50,nM,,111700.0,CHEMBL612426,Streptococcus mutans,Streptococcus mutans,1309,,,IC50,uM,UO_0000065,,111.7,111700.0,3.9519468268843907
3716,,,18730785,[],CHEMBL4260145,Antibiofilm activity against Salmonella typhimurium ATCC 14028 after 24 hrs by crystal violet staining based assay,F,,,BAO_0000190,BAO_0000218,organism-based format,CCCCCCn1c(N)nc2cc(NC(=O)c3ccc(CCCCC)cc3)ccc21.Cl,,,CHEMBL4257552,Medchemcomm,2018,,CHEMBL3218053,,CHEMBL3301789,4.97,0,http://www.openphacts.org/units/Nanomolar,3111818,=,1,1,=,,IC50,nM,,10800.0,CHEMBL351,Salmonella enterica subsp. enterica serovar Typhimurium,Salmonella typhimurium,90371,,,IC50,uM,UO_0000065,,10.8,10800.0,4.966576244513051
1133,,,13840642,[],CHEMBL3095560,Antibiofilm activity against Klebsiella planticola MTCC 530 after 24 hrs by crystal violet assay,F,,,BAO_0000190,BAO_0000218,organism-based format,O=C(NCc1cn(Cc2ccc([N+](=O)[O-])cc2)nn1)c1ccc([N+](=O)[O-])o1,,,CHEMBL3091424,Bioorg Med Chem Lett,2013,,CHEMBL3093116,,CHEMBL3093116,,0,http://www.openphacts.org/units/MicrogramPerMilliliter,1953076,=,1,1,=,,IC50,ug.mL-1,,17.9,CHEMBL613271,Raoultella planticola,Raoultella planticola,575,,,IC50,ug ml-1,UO_0000274,,17.9,48079.89320354447,4.318036505671765
5986,,,22444705,"[{'comments': None, 'relation': '=', 'result_flag': 0, 'standard_relation': '=', 'standard_text_value': None, 'standard_type': 'TIME', 'standard_units': 'hr', 'standard_value': '24.0', 'text_value': None, 'type': 'Time', 'units': 'hrs', 'value': '24.0'}]",CHEMBL4679317,Inhibition of biofilm formation in Bacillus subtilis MTCC 121 incubated for 24 hrs by crystal violet staining based microtiter plate method,F,,,BAO_0000190,BAO_0000218,organism-based format,COc1ccc(-n2cc(COc3ccc(/C=N/Nc4nc(-c5cc6cccc(Br)c6oc5=O)cs4)cc3)nn2)cc1,,,CHEMBL4673372,Bioorg Med Chem Lett,2021,,CHEMBL4762632,,CHEMBL4762632,4.45,0,http://www.openphacts.org/units/Nanomolar,3517648,=,1,1,=,,IC50,nM,,35400.0,CHEMBL359,Bacillus subtilis,Bacillus subtilis,1423,,,IC50,uM,UO_0000065,,35.4,35400.0,4.450996737974212
810,,,6306972,[],CHEMBL1815005,Antimicrobial activity against Salmonella Typhimurium ATCC 14028 assessed as inhibition of biofilm formation after 24 hrs by spectrophotometry,F,,,BAO_0000190,BAO_0000218,organism-based format,CCCCCCCCCCCCN1c2nccc[n+]2C[C@@]1(O)c1ccccc1.[Br-],,,CHEMBL1811868,Bioorg Med Chem,2011,,CHEMBL1814011,,CHEMBL1851648,4.56,0,http://www.openphacts.org/units/Nanomolar,1448517,=,1,1,=,,IC50,nM,,27500.0,CHEMBL351,Salmonella enterica subsp. enterica serovar Typhimurium,Salmonella typhimurium,90371,,,IC50,uM,UO_0000065,,27.5,27500.0,4.560667306169737
332,,,5190424,[],CHEMBL1663615,Antibiofilm activity in Salmonella Typhimurium ATCC 14028 assessed as inhibition of biofilm formation at 25 degC after 24 hrs,F,,,BAO_0000190,BAO_0000218,organism-based format,Nc1ncc(-c2ccc(F)cc2)n1Cc1ccccc1,,,CHEMBL1649413,J Med Chem,2011,,CHEMBL1649867,,CHEMBL1649867,4.43,0,http://www.openphacts.org/units/Nanomolar,1322146,=,1,1,=,,IC50,nM,,37300.0,CHEMBL351,Salmonella enterica subsp. enterica serovar Typhimurium,Salmonella typhimurium,90371,,,IC50,uM,UO_0000065,,37.3,37300.0,4.428291168191312
3412,,,18570206,[],CHEMBL4220812,Antibiofilm activity against Salmonella typhimurium ATCC 14028 after 24 hrs by crystal violet staining based assay,F,,,BAO_0000190,BAO_0000218,organism-based format,Brc1ccc(-c2cnc(NCCCCCCCCNc3ncc(-c4ccc(Br)cc4)[nH]3)[nH]2)cc1,,,CHEMBL4219072,Bioorg Med Chem,2018,,CHEMBL4225767,,CHEMBL4225767,4.5,0,http://www.openphacts.org/units/Nanomolar,3083455,=,1,1,=,,IC50,nM,,31300.0,CHEMBL351,Salmonella enterica subsp. enterica serovar Typhimurium,Salmonella typhimurium,90371,,,IC50,uM,UO_0000065,,31.3,31300.0,4.504455662453552
706,,,6305754,[],CHEMBL1815005,Antimicrobial activity against Salmonella Typhimurium ATCC 14028 assessed as inhibition of biofilm formation after 24 hrs by spectrophotometry,F,,,BAO_0000190,BAO_0000218,organism-based format,O[C@@]1(c2ccc(Cl)cc2)C[n+]2cccnc2N1C1CCCCCCCCCCC1.[Br-],,,CHEMBL1811868,Bioorg Med Chem,2011,,CHEMBL1814224,,CHEMBL1852726,5.25,0,http://www.openphacts.org/units/Nanomolar,1448763,=,1,1,=,,IC50,nM,,5600.0,CHEMBL351,Salmonella enterica subsp. enterica serovar Typhimurium,Salmonella typhimurium,90371,,,IC50,uM,UO_0000065,,5.6,5600.0,5.2518119729938
5054,,,19147134,[],CHEMBL4379054,Antibiofilm activity against methicillin-resistant Staphylococcus aureus assessed as inhibition of biofilm formation incubated for overnight by crystal violet staining based microtiter plate assay,F,,,BAO_0000190,BAO_0000218,organism-based format,CC[C@H](C)[C@H](NC(=O)[C@H](CN)NC(=O)[C@@H](NC(=O)[C@H](CN)NC(=O)[C@@H](NC(=O)[C@@H](NC(=O)[C@H](CC(C)C)NC(=O)[C@H](CN)NC(=O)[C@@H](N)C(C)C)[C@@H](C)CC)C(C)C)C(C)C)C(=O)N[C@@H](Cc1c[nH]c2ccccc12)C(=O)N[C@@H](CN)C(=O)N[C@@H](CN)C(N)=O,,,CHEMBL4376833,J Med Chem,2019,,CHEMBL4551059,,CHEMBL4551059,4.71,0,http://www.openphacts.org/units/Nanomolar,3195607,=,1,1,=,,IC50,nM,,19600.0,CHEMBL352,Staphylococcus aureus,Staphylococcus aureus,1280,,,IC50,uM,UO_0000065,,19.6,19600.0,4.707743928643524
579,,,6152594,[],CHEMBL1763327,Antibacterial activity against Escherichia coli UTI89 assessed as inhibition of biofilm formation after 24 hrs,F,,,BAO_0000188,BAO_0000218,organism-based format,O=C(O)[C@@H]1CSc2c(-c3cccc(C(F)(F)F)c3)c(Cc3cccc(OCc4ccc(F)cc4)c3)cc(=O)n21,,,CHEMBL1759904,Eur J Med Chem,2011,,CHEMBL1761553,,CHEMBL1761553,5.52,0,http://www.openphacts.org/units/Nanomolar,1413767,=,1,1,=,,EC50,nM,,3000.0,CHEMBL354,Escherichia coli,Escherichia coli,562,,,EC50,uM,UO_0000065,,3.0,3000.0,5.522878745280337
5047,,,19147127,[],CHEMBL4379054,Antibiofilm activity against methicillin-resistant Staphylococcus aureus assessed as inhibition of biofilm formation incubated for overnight by crystal violet staining based microtiter plate assay,F,,,BAO_0000190,BAO_0000218,organism-based format,CC[C@H](C)[C@H](NC(=O)[C@H](CCCNC(=N)N)NC(=O)[C@@H](NC(=O)[C@H](C)NC(=O)[C@@H](NC(=O)[C@@H](NC(=O)[C@H](CC(C)C)NC(=O)[C@H](CCCNC(=N)N)NC(=O)[C@@H](N)C(C)C)[C@@H](C)CC)C(C)C)C(C)C)C(=O)N[C@@H](Cc1c[nH]c2ccccc12)C(=O)N[C@@H](CCCNC(=N)N)C(=O)N[C@@H](CCCNC(=N)N)C(N)=O,,,CHEMBL4376833,J Med Chem,2019,,CHEMBL4460197,,CHEMBL4460197,5.4,0,http://www.openphacts.org/units/Nanomolar,3195600,=,1,1,=,,IC50,nM,,4000.0,CHEMBL352,Staphylococcus aureus,Staphylococcus aureus,1280,,,IC50,uM,UO_0000065,6.0,4.0,4000.0,5.3979400086720375
352,,,5190444,[],CHEMBL1663615,Antibiofilm activity in Salmonella Typhimurium ATCC 14028 assessed as inhibition of biofilm formation at 25 degC after 24 hrs,F,,,BAO_0000190,BAO_0000218,organism-based format,CCCCCCCC[n+]1c(-c2ccc(-c3ccc([N+](=O)[O-])cc3)cc2)cn2cccnc21.[O-][Cl+3]([O-])([O-])[O-],,,CHEMBL1649413,J Med Chem,2011,,CHEMBL1649887,,CHEMBL1739636,5.82,0,http://www.openphacts.org/units/Nanomolar,1322166,=,1,1,=,,IC50,nM,,1500.0,CHEMBL351,Salmonella enterica subsp. enterica serovar Typhimurium,Salmonella typhimurium,90371,,,IC50,uM,UO_0000065,,1.5,1500.0,5.823908740944319
2050,,,15239705,[],CHEMBL3423690,Antibiofilm activity activity against Staphylococcus aureus incubated for 24 hrs followed by biofilm resuspension in PBS and measured after 24 hrs,F,,,BAO_0000179,BAO_0000218,organism-based format,CCCCCCCN1C(=N)N(CCCC[C@H]2CNC(=N)N2CCc2cccc(C(F)(F)F)c2)C[C@@H]1CC1CCCCC1,,,CHEMBL3421570,J Med Chem,2015,,CHEMBL3422186,,CHEMBL3422186,,0,http://www.openphacts.org/units/Micromolar,2294676,=,1,0,=,,MBEC50,uM,,4.4,CHEMBL352,Staphylococcus aureus,Staphylococcus aureus,1280,,,MBEC50,uM,UO_0000064,,4.4,4400.0,5.356547323513813
2093,,,15668840,[],CHEMBL3603703,Inhibition of biofilm formation in Staphylococcus aureus 8325-4 after 24 hrs by microtiter plate assay,F,,,BAO_0000188,BAO_0000218,organism-based format,COc1cc(C2Oc3cc([C@H]4Oc5cc(O)cc(O)c5C(=O)[C@@H]4O)ccc3OC2CO)ccc1O,Outside typical range,"Values for this activity type are unusually large/small, so may not be accurate",CHEMBL3600361,J Nat Prod,2015,,CHEMBL9509,SILIBININ,CHEMBL9509,,0,http://www.openphacts.org/units/MicrogramPerMilliliter,2493555,=,1,1,=,,EC50,ug.mL-1,,64.0,CHEMBL352,Staphylococcus aureus,Staphylococcus aureus,1280,,,EC50,ug ml-1,UO_0000274,,64.0,132658.7085260166,3.8772642350095605
678,,,6305670,[],CHEMBL1815005,Antimicrobial activity against Salmonella Typhimurium ATCC 14028 assessed as inhibition of biofilm formation after 24 hrs by spectrophotometry,F,,,BAO_0000190,BAO_0000218,organism-based format,COc1cccc(CN2c3nccc[n+]3C[C@@]2(O)c2ccc([N+](=O)[O-])cc2)c1.[Br-],Outside typical range,"Values for this activity type are unusually large/small, so may not be accurate",CHEMBL1811868,Bioorg Med Chem,2011,,CHEMBL1814232,,CHEMBL1852004,,0,http://www.openphacts.org/units/Nanomolar,1448771,=,1,1,=,,IC50,nM,,123500.0,CHEMBL351,Salmonella enterica subsp. enterica serovar Typhimurium,Salmonella typhimurium,90371,,,IC50,uM,UO_0000065,,123.5,123500.0,3.9083330424043154
1929,,,15087784,[],CHEMBL3388394,Inhibition of biofilm formation in methicillin-resistant Staphylococcus aureus MTCC 96 after 36 hr incubation by tissue culture plate method,F,,,BAO_0000190,BAO_0000218,organism-based format,O=C(O)COCC(=O)Nc1ccc(-c2nc3cc(F)ccc3[nH]2)cc1,,,CHEMBL3352166,Bioorg Med Chem,2014,,CHEMBL3344036,,CHEMBL3344036,4.71,0,http://www.openphacts.org/units/Nanomolar,2266649,=,1,1,=,,IC50,nM,,19640.0,CHEMBL352,Staphylococcus aureus,Staphylococcus aureus,1280,,,IC50,uM,UO_0000065,,19.64,19640.0,4.706858516549069
782,,,6306944,[],CHEMBL1815005,Antimicrobial activity against Salmonella Typhimurium ATCC 14028 assessed as inhibition of biofilm formation after 24 hrs by spectrophotometry,F,,,BAO_0000190,BAO_0000218,organism-based format,CCCCN1c2nccc[n+]2C[C@@]1(O)c1ccc(Br)cc1.[Br-],,,CHEMBL1811868,Bioorg Med Chem,2011,,CHEMBL1814040,,CHEMBL1851770,4.04,0,http://www.openphacts.org/units/Nanomolar,1448546,=,1,1,=,,IC50,nM,,90100.0,CHEMBL351,Salmonella enterica subsp. enterica serovar Typhimurium,Salmonella typhimurium,90371,,,IC50,uM,UO_0000065,,90.1,90100.0,4.045275209020937
3950,,,18935645,[],CHEMBL4326949,Antibiofilm activity against methicillin-resistant Staphylococcus aureus,F,,,BAO_0000190,BAO_0000218,organism-based format,CCCc1ccc(-c2[nH]c(N)nc2CCCCCc2cn(C/C(C)=C/c3ccccc3)nn2)cc1,,,CHEMBL4325854,Eur J Med Chem,2019,,CHEMBL4472838,,CHEMBL4472838,5.85,0,http://www.openphacts.org/units/Nanomolar,3159044,=,1,1,=,,IC50,nM,,1420.0,CHEMBL352,Staphylococcus aureus,Staphylococcus aureus,1280,,,IC50,uM,UO_0000065,,1.42,1420.0,5.847711655616944
3221,,,18511383,[],CHEMBL4191872,Antibiofilm activity against Salmonella typhimurium ATCC 14028 after 24 hrs by crystal violet staining based method,F,,,BAO_0000179,BAO_0000218,organism-based format,Cc1ccc(NC(=O)Cn2c(N)nc(CC3CC3)c2-c2ccccc2Br)cc1,,,CHEMBL4190235,Eur J Med Chem,2017,,CHEMBL4203019,,CHEMBL4203019,,0,http://www.openphacts.org/units/Micromolar,3073312,=,1,0,=,,MBIC50,uM,,21.3,CHEMBL351,Salmonella enterica subsp. enterica serovar Typhimurium,Salmonella typhimurium,90371,,,MBIC50,uM,UO_0000064,,21.3,21300.0,4.671620396561262
5322,,,19216997,[],CHEMBL4394154,Inhibition of biofilm formation in Salmonella enterica subsp. enterica serovar Typhimurium 14028S incubated for 48 hrs by crystal violet staining based assay,F,,,BAO_0000190,BAO_0000218,organism-based format,O=C1C=C(Br)/C(=C/Br)O1,,,CHEMBL4393659,Eur J Med Chem,2019,,CHEMBL1253219,,CHEMBL1253219,5.0,0,http://www.openphacts.org/units/Nanomolar,3207788,=,1,1,=,,IC50,nM,,10000.0,CHEMBL351,Salmonella enterica subsp. enterica serovar Typhimurium,Salmonella typhimurium,90371,,,IC50,uM,UO_0000065,,10.0,10000.0,5.0
293,,,5190385,[],CHEMBL1663615,Antibiofilm activity in Salmonella Typhimurium ATCC 14028 assessed as inhibition of biofilm formation at 25 degC after 24 hrs,F,,,BAO_0000190,BAO_0000218,organism-based format,Cn1c(-c2ccc([N+](=O)[O-])cc2)cnc1N,Outside typical range,"Values for this activity type are unusually large/small, so may not be accurate",CHEMBL1649413,J Med Chem,2011,,CHEMBL1649829,,CHEMBL1649829,,0,http://www.openphacts.org/units/Nanomolar,1322107,=,1,1,=,,IC50,nM,,161800.0,CHEMBL351,Salmonella enterica subsp. enterica serovar Typhimurium,Salmonella typhimurium,90371,,,IC50,uM,UO_0000065,,161.8,161800.0,3.791021482723746
4996,,,19127343,[],CHEMBL4374185,Antibiofilm activity against Mycobacterium smegmatis str. MC2 155 ATCC 700084 after 48 hrs by crystal violet staining based reporter assay,F,,,BAO_0000190,BAO_0000218,organism-based format,CCCS(=O)(=O)Nc1ccc2nc(N)ncc2c1.Cl,,,CHEMBL4373648,Medchemcomm,2019,,CHEMBL4581729,,CHEMBL4596073,4.44,0,http://www.openphacts.org/units/Nanomolar,3192236,=,1,1,=,,IC50,nM,,36000.0,CHEMBL613088,Mycolicibacterium smegmatis,Mycolicibacterium smegmatis,1772,,,IC50,uM,UO_0000065,,36.0,36000.0,4.443697499232712
886,,,8038768,[],CHEMBL1954979,Antibacterial activity against Staphylococcus aureus ATCC 6538P assessed as inhibition of biofilm formation after 24 hrs by crystal violet staining,F,,,BAO_0000188,BAO_0000218,organism-based format,Oc1cc(O)c2c(c1)O[C@@]1(c3ccc(O)c(O)c3)Oc3cc(O)c4c(c3[C@@H]2[C@H]1O)O[C@H](c1ccc(O)c(O)c1)[C@H](O)C4,,,CHEMBL1949602,Bioorg Med Chem,2012,,CHEMBL286933,PROANTHOCYANIDIN A2,CHEMBL286933,5.16,0,http://www.openphacts.org/units/Nanomolar,1579146,=,1,1,=,,EC50,nM,,6900.0,CHEMBL352,Staphylococcus aureus,Staphylococcus aureus,1280,,,EC50,uM,UO_0000065,,6.9,6900.0,5.161150909262744
166,,,3469104,[],CHEMBL1252263,Antimicrobial activity against Salmonella Typhimurium ATCC 14028 assessed as inhibition of biofilm formation after 48 hrs using crystal violet staining by microtiter plate assay,F,,,BAO_0000190,BAO_0000218,organism-based format,C=C1OC(=O)C(CCCCCC)=C1Br,,,CHEMBL1250426,Bioorg Med Chem,2010,,CHEMBL1253318,,CHEMBL1253318,4.71,0,http://www.openphacts.org/units/Nanomolar,955175,=,1,1,=,,IC50,nM,,19420.0,CHEMBL351,Salmonella enterica subsp. enterica serovar Typhimurium,Salmonella typhimurium,90371,,,IC50,uM,UO_0000065,,19.42,19420.0,4.711750774428014
3529,,,18570323,[],CHEMBL4220815,Antibiofilm activity against Staphylococcus aureus SH1000 after 48 hrs by crystal violet staining based assay,F,,,BAO_0000190,BAO_0000218,organism-based format,Nc1ncc(-c2ccc(F)cc2)n1CCCCCn1c(-c2ccc(F)cc2)cnc1N,,,CHEMBL4219072,Bioorg Med Chem,2018,,CHEMBL4227198,,CHEMBL4227198,4.22,0,http://www.openphacts.org/units/Nanomolar,3083420,=,1,1,=,,IC50,nM,,60700.0,CHEMBL352,Staphylococcus aureus,Staphylococcus aureus,1280,,,IC50,uM,UO_0000065,,60.7,60700.0,4.2168113089247425
3496,,,18570290,[],CHEMBL4220814,Antibiofilm activity against Escherichia coli TG1 after 24 hrs by crystal violet staining based assay,F,,,BAO_0000190,BAO_0000218,organism-based format,c1ccc(-c2cnc(NCCCCCCNc3ncc(-c4ccccc4)[nH]3)[nH]2)cc1,,,CHEMBL4219072,Bioorg Med Chem,2018,,CHEMBL4226161,,CHEMBL4226161,5.7,0,http://www.openphacts.org/units/Nanomolar,3083439,=,1,1,=,,IC50,nM,,2000.0,CHEMBL354,Escherichia coli,Escherichia coli,562,,,IC50,uM,UO_0000065,,2.0,2000.0,5.698970004336019
4967,,,19107450,[],CHEMBL4369768,Antibiofilm activity against Mycobacterium smegmatis str. MC2 155 ATCC 700084 assessed as inhibition of biofilm formation incubated for 48 hrs by crystal violet reporter assay,F,,,BAO_0000190,BAO_0000218,organism-based format,CCCCCCCCCn1c(N)nc2cc(NC(=O)c3ccc(CCCCC)cc3)ccc21,,,CHEMBL4368897,Medchemcomm,2019,,CHEMBL4437888,,CHEMBL4437888,4.63,0,http://www.openphacts.org/units/Nanomolar,3188129,=,1,1,=,,IC50,nM,,23200.0,CHEMBL613088,Mycolicibacterium smegmatis,Mycolicibacterium smegmatis,1772,,,IC50,uM,UO_0000065,,23.2,23200.0,4.634512015109101
3226,,,18511388,[],CHEMBL4191872,Antibiofilm activity against Salmonella typhimurium ATCC 14028 after 24 hrs by crystal violet staining based method,F,,,BAO_0000179,BAO_0000218,organism-based format,COc1ccc(Cc2nc(N)n(CC(=O)Nc3ccc(C)cc3)c2-c2ccccc2Br)cc1,,,CHEMBL4190235,Eur J Med Chem,2017,,CHEMBL4203454,,CHEMBL4203454,,0,http://www.openphacts.org/units/Micromolar,3073317,=,1,0,=,,MBIC50,uM,,6.3,CHEMBL351,Salmonella enterica subsp. enterica serovar Typhimurium,Salmonella typhimurium,90371,,,MBIC50,uM,UO_0000064,,6.3,6300.0,5.200659450546418
2087,,,15668834,[],CHEMBL3603703,Inhibition of biofilm formation in Staphylococcus aureus 8325-4 after 24 hrs by microtiter plate assay,F,,,BAO_0000188,BAO_0000218,organism-based format,COc1cc(C2Oc3cc(-c4cc(=O)c5c(O)cc(O)cc5o4)ccc3OC2CO)ccc1O,,,CHEMBL3600361,J Nat Prod,2015,,CHEMBL3601938,,CHEMBL3601938,,0,http://www.openphacts.org/units/MicrogramPerMilliliter,2493549,=,1,1,=,,EC50,ug.mL-1,,4.0,CHEMBL352,Staphylococcus aureus,Staphylococcus aureus,1280,,,EC50,ug ml-1,UO_0000274,,4.0,8612.7822301077,5.064856533563838
6272,,,22790161,"[{'comments': None, 'relation': '=', 'result_flag': 0, 'standard_relation': '=', 'standard_text_value': None, 'standard_type': 'TIME', 'standard_units': 'hr', 'standard_value': '24.0', 'text_value': None, 'type': 'Time', 'units': 'hrs', 'value': '24.0'}]",CHEMBL4709341,Antibiofilm activity against methicillin-resistant Staphylococcus aureus ATCC BAA-44 incubated for 24 hrs by crystal violet-staining based assay,F,,,BAO_0000190,BAO_0000218,organism-based format,CCCc1ccc(/C=C(/C)Cn2cc(CCCCCc3nc(N)[nH]c3-c3ccccc3)nn2)cc1,,,CHEMBL4706534,Eur J Med Chem,2020,,CHEMBL4750268,,CHEMBL4750268,5.85,0,http://www.openphacts.org/units/Nanomolar,3538715,=,1,1,=,,IC50,nM,,1420.0,CHEMBL352,Staphylococcus aureus,Staphylococcus aureus,1280,,,IC50,uM,UO_0000065,,1.42,1420.0,5.847711655616944
3164,,,18470442,[],CHEMBL4182537,Anti-biofilm activity against Pseudoalteromonas ulvae TC14 assessed as inhibition of bacterial adhesion incubated for 15 hrs at 20 degC by Syto 61 dye based fluorimetric assay,F,,,BAO_0000188,BAO_0000218,organism-based format,COc1ccc(CCNC(=O)c2cn(-c3ccc(OC)cc3)nn2)cc1,,,CHEMBL4177720,Bioorg Med Chem Lett,2018,,CHEMBL4203012,,CHEMBL4203012,4.95,0,http://www.openphacts.org/units/Nanomolar,3065757,=,1,1,=,,EC50,nM,,11300.0,CHEMBL4296595,Pseudoalteromonas ulvae,Pseudoalteromonas ulvae,107327,,,EC50,uM,UO_0000065,,11.3,11300.0,4.94692155651658
793,,,6306955,[],CHEMBL1815005,Antimicrobial activity against Salmonella Typhimurium ATCC 14028 assessed as inhibition of biofilm formation after 24 hrs by spectrophotometry,F,,,BAO_0000190,BAO_0000218,organism-based format,CC(C)N1c2nccc[n+]2C[C@@]1(O)c1ccc([N+](=O)[O-])cc1.[Br-],Outside typical range,"Values for this activity type are unusually large/small, so may not be accurate",CHEMBL1811868,Bioorg Med Chem,2011,,CHEMBL1814029,,CHEMBL1851961,,0,http://www.openphacts.org/units/Nanomolar,1448535,=,1,1,=,,IC50,nM,,466500.0,CHEMBL351,Salmonella enterica subsp. enterica serovar Typhimurium,Salmonella typhimurium,90371,,,IC50,uM,UO_0000065,,466.5,466500.0,3.3311483519174816
5990,,,22444709,"[{'comments': None, 'relation': '=', 'result_flag': 0, 'standard_relation': '=', 'standard_text_value': None, 'standard_type': 'TIME', 'standard_units': 'hr', 'standard_value': '24.0', 'text_value': None, 'type': 'Time', 'units': 'hrs', 'value': '24.0'}]",CHEMBL4679317,Inhibition of biofilm formation in Bacillus subtilis MTCC 121 incubated for 24 hrs by crystal violet staining based microtiter plate method,F,,,BAO_0000190,BAO_0000218,organism-based format,COc1ccc(-n2cc(COc3ccc(/C=N/Nc4nc(-c5cc6cc(Br)cc(OC)c6oc5=O)cs4)cc3)nn2)cc1,,,CHEMBL4673372,Bioorg Med Chem Lett,2021,,CHEMBL4741186,,CHEMBL4741186,4.8,0,http://www.openphacts.org/units/Nanomolar,3517644,=,1,1,=,,IC50,nM,,15900.0,CHEMBL359,Bacillus subtilis,Bacillus subtilis,1423,,,IC50,uM,UO_0000065,,15.9,15900.0,4.798602875679548
3331,,,18552664,[],CHEMBL4199792,Inhibition of biofilm formation in methicillin-resistant Staphylococcus aureus ATCC 43300 after 24 hrs by crystal violet staining based method,F,,,BAO_0000190,BAO_0000218,organism-based format,Cl.Cn1cc(-c2ccnc(N)n2)c2ccc(Br)cc21,,,CHEMBL4196121,ACS Med Chem Lett,2018,,CHEMBL4207595,,CHEMBL4301943,4.22,0,http://www.openphacts.org/units/Nanomolar,3080280,=,1,1,=,,IC50,nM,,59600.0,CHEMBL352,Staphylococcus aureus,Staphylococcus aureus,1280,,,IC50,uM,UO_0000065,,59.6,59600.0,4.2247537402597635
114,,,3347293,[],CHEMBL1174679,Antibacterial activity against Streptococcus mutans ATCC 25175 assessed as inhibition of biofilm formation after 18 hrs,F,,,BAO_0000179,BAO_0000218,organism-based format,CC(C)=CCCC(C)(/C=C/c1ccc(O)cc1)/C=C/c1ccc(O)cc1,,,CHEMBL1177882,Eur J Med Chem,2010,,CHEMBL1169765,,CHEMBL1169765,,0,http://www.openphacts.org/units/MicrogramPerMilliliter,923371,=,1,0,=,,MBIC50,ug ml-1,,1.0,CHEMBL612426,Streptococcus mutans,Streptococcus mutans,1309,,,MBIC50,ug ml-1,UO_0000274,,1.0,2869.555735381048,5.5421853355333806
3530,,,18570324,[],CHEMBL4220815,Antibiofilm activity against Staphylococcus aureus SH1000 after 48 hrs by crystal violet staining based assay,F,,,BAO_0000190,BAO_0000218,organism-based format,Nc1ncc(-c2ccc(F)cc2)n1CCCCn1c(-c2ccc(F)cc2)cnc1N,,,CHEMBL4219072,Bioorg Med Chem,2018,,CHEMBL4227137,,CHEMBL4227137,4.61,0,http://www.openphacts.org/units/Nanomolar,3083421,=,1,1,=,,IC50,nM,,24400.0,CHEMBL352,Staphylococcus aureus,Staphylococcus aureus,1280,,,IC50,uM,UO_0000065,,24.4,24400.0,4.61261017366127
712,,,6305760,[],CHEMBL1815005,Antimicrobial activity against Salmonella Typhimurium ATCC 14028 assessed as inhibition of biofilm formation after 24 hrs by spectrophotometry,F,,,BAO_0000190,BAO_0000218,organism-based format,O[C@@]1(c2ccc(Cl)cc2)C[n+]2cccnc2N1C1CC1.[Br-],,,CHEMBL1811868,Bioorg Med Chem,2011,,CHEMBL1814218,,CHEMBL1851832,4.08,0,http://www.openphacts.org/units/Nanomolar,1448757,=,1,1,=,,IC50,nM,,82700.0,CHEMBL351,Salmonella enterica subsp. enterica serovar Typhimurium,Salmonella typhimurium,90371,,,IC50,uM,UO_0000065,,82.7,82700.0,4.082494490447453
6206,,,22750694,"[{'comments': None, 'relation': '=', 'result_flag': 0, 'standard_relation': '=', 'standard_text_value': None, 'standard_type': 'TIME', 'standard_units': 'hr', 'standard_value': '24.0', 'text_value': None, 'type': 'Time', 'units': 'hrs', 'value': '24.0'}]",CHEMBL4699742,Antibiofilm activity against Mycobacterium smegmatis mc2 155 ATCC 700084 assessed as inhibition of biofilm formation measured after 24 hrs by crystal violet reporter assay,F,,,BAO_0000190,BAO_0000218,organism-based format,Nc1nccc(-c2c[nH]c3ccc(Cl)cc23)n1,,,CHEMBL4699393,RSC Med Chem,2020,,CHEMBL2334963,,CHEMBL2334963,4.74,0,http://www.openphacts.org/units/Nanomolar,3530900,=,1,1,=,,IC50,nM,,18300.0,CHEMBL613088,Mycolicibacterium smegmatis,Mycolicibacterium smegmatis,1772,,,IC50,uM,UO_0000065,,18.3,18300.0,4.73754891026957
2031,,,15178579,[],CHEMBL3405141,Antimicrobial activity against Bacillus subtilis MTCC 121 assessed as inhibition of biofilm formation after 24 hrs,F,,,BAO_0000190,BAO_0000218,organism-based format,O=c1cc(CO)oc(C2C=C(c3cccs3)Oc3ccccc32)c1O,,,CHEMBL3400018,Bioorg Med Chem Lett,2015,,CHEMBL3402112,,CHEMBL3402112,,0,http://www.openphacts.org/units/MicrogramPerMilliliter,2283226,=,1,1,=,,IC50,ug.mL-1,,4.6,CHEMBL359,Bacillus subtilis,Bacillus subtilis,1423,,,IC50,ug ml-1,UO_0000274,,4.6,12980.306617416749,4.886715048623525
914,,,10928324,[],CHEMBL2044658,Inhibition of type 1 pili formation in uropathogenic Escherichia coli isolate UTI89 assessed as inhibition of biofilm formation after 24 hrs by crystal violet staining method,F,,,BAO_0000188,BAO_0000218,organism-based format,O=C(O)c1c(-c2cn(Cc3ccccc3)nn2)sc2c(-c3cccc(C(F)(F)F)c3)c(Cc3cccc4ccccc34)cc(=O)n12,,,CHEMBL2040841,Eur J Med Chem,2012,,CHEMBL2043386,,CHEMBL2043386,4.3,0,http://www.openphacts.org/units/Nanomolar,1651278,=,1,1,=,,EC50,nM,,50000.0,CHEMBL354,Escherichia coli,Escherichia coli,562,,,EC50,uM,UO_0000065,,50.0,50000.0,4.301029995663981
719,,,6305767,[],CHEMBL1815005,Antimicrobial activity against Salmonella Typhimurium ATCC 14028 assessed as inhibition of biofilm formation after 24 hrs by spectrophotometry,F,,,BAO_0000190,BAO_0000218,organism-based format,CCCCCCCCN1c2nccc[n+]2C[C@@]1(O)c1ccc(S(C)(=O)=O)cc1.[Br-],,,CHEMBL1811868,Bioorg Med Chem,2011,,CHEMBL1814211,,CHEMBL1851700,4.22,0,http://www.openphacts.org/units/Nanomolar,1448750,=,1,1,=,,IC50,nM,,60300.0,CHEMBL351,Salmonella enterica subsp. enterica serovar Typhimurium,Salmonella typhimurium,90371,,,IC50,uM,UO_0000065,,60.3,60300.0,4.219682687859849
5795,,,22408037,"[{'comments': None, 'relation': '=', 'result_flag': 0, 'standard_relation': '=', 'standard_text_value': None, 'standard_type': 'TIME', 'standard_units': 'hr', 'standard_value': '24.0', 'text_value': None, 'type': 'Time', 'units': 'hrs', 'value': '24.0'}]",CHEMBL4670886,Inhibition of biofilm formation in methicillin-resistant Staphylococcus aureus ATCC 43300 incubated for 24 hrs by crystal violet staining based microtiter plate method,F,,,BAO_0000190,BAO_0000218,organism-based format,Nc1nc(-c2nc3ccccc3c(=O)[nH]2)cc(-c2ccco2)n1,,,CHEMBL4665809,Bioorg Med Chem Lett,2020,,CHEMBL4754913,,CHEMBL4754913,4.25,0,http://www.openphacts.org/units/Nanomolar,3510939,=,1,1,=,,IC50,nM,,56900.0,CHEMBL352,Staphylococcus aureus,Staphylococcus aureus,1280,,,IC50,uM,UO_0000065,,56.9,56900.0,4.244887733604929
160,,,3469098,[],CHEMBL1252263,Antimicrobial activity against Salmonella Typhimurium ATCC 14028 assessed as inhibition of biofilm formation after 48 hrs using crystal violet staining by microtiter plate assay,F,,,BAO_0000190,BAO_0000218,organism-based format,CCC1=C(Br)C(=C(Br)Br)OC1=O,,,CHEMBL1250426,Bioorg Med Chem,2010,,CHEMBL1253277,,CHEMBL1253277,4.24,0,http://www.openphacts.org/units/Nanomolar,955112,=,1,1,=,,IC50,nM,,57460.0,CHEMBL351,Salmonella enterica subsp. enterica serovar Typhimurium,Salmonella typhimurium,90371,,,IC50,uM,UO_0000065,,57.46,57460.0,4.240634378344072
3482,,,18570276,[],CHEMBL4220814,Antibiofilm activity against Escherichia coli TG1 after 24 hrs by crystal violet staining based assay,F,,,BAO_0000190,BAO_0000218,organism-based format,Nc1ncc(-c2ccc(Cl)cc2)n1CCCCCCCn1c(-c2ccc(Cl)cc2)cnc1N,,,CHEMBL4219072,Bioorg Med Chem,2018,,CHEMBL4225564,,CHEMBL4225564,5.21,0,http://www.openphacts.org/units/Nanomolar,3083425,=,1,1,=,,IC50,nM,,6100.0,CHEMBL354,Escherichia coli,Escherichia coli,562,,,IC50,uM,UO_0000065,,6.1,6100.0,5.214670164989233
2753,,,16792792,[],CHEMBL3867320,Anti-biofilm activity against Bacillus subtilis MTCC121 measured after 24 hrs by crystal violet-staining based method,F,,,BAO_0000190,BAO_0000019,assay format,CCCCCCC(C/C=C\CCCCCCCC(=O)OC)NC(=O)CN,,,CHEMBL3865846,Bioorg Med Chem Lett,2016,,CHEMBL3984778,,CHEMBL3984778,,0,http://www.openphacts.org/units/MicrogramPerMilliliter,2807288,=,1,1,=,,IC50,ug.mL-1,,2.9,CHEMBL359,Bacillus subtilis,Bacillus subtilis,1423,,,IC50,ug ml-1,UO_0000274,,2.9,7868.418339383874,5.1041125580490725
883,,,8038765,[],CHEMBL1954979,Antibacterial activity against Staphylococcus aureus ATCC 6538P assessed as inhibition of biofilm formation after 24 hrs by crystal violet staining,F,,,BAO_0000188,BAO_0000218,organism-based format,COc1ccc2c(c[n+](C)c3c4cc5c(cc4ccc23)OCO5)c1OC.[Cl-],,,CHEMBL1949602,Bioorg Med Chem,2012,,CHEMBL258893,CHELERYTHRINE CHLORIDE,CHEMBL13045,4.82,0,http://www.openphacts.org/units/Nanomolar,1579143,=,1,1,=,,EC50,nM,,15200.0,CHEMBL352,Staphylococcus aureus,Staphylococcus aureus,1280,,,EC50,uM,UO_0000065,,15.2,15200.0,4.818156412055228
8821,,,25575440,"[{'comments': None, 'relation': '=', 'result_flag': 0, 'standard_relation': '=', 'standard_text_value': None, 'standard_type': 'TIME', 'standard_units': 'hr', 'standard_value': '24.0', 'text_value': None, 'type': 'TIME', 'units': 'hrs', 'value': '24.0'}]",CHEMBL5352620,Antibiofilm activity against Staphylococcus aureus ATCC 25923 after 24 hrs by crystal violet staining based assay,F,,,BAO_0000190,BAO_0000218,organism-based format,COCCn1cc(-c2nc(-c3c[nH]c4ncccc34)cs2)c2cc(Br)ccc21,,,CHEMBL5352385,Eur J Med Chem,2022,,CHEMBL5426538,,CHEMBL5426538,5.77,0,http://www.openphacts.org/units/Nanomolar,3981688,=,1,1,=,,IC50,nM,,1700.0,CHEMBL352,Staphylococcus aureus,Staphylococcus aureus,1280,,,IC50,uM,UO_0000065,,1.7,1700.0,5.769551078621726
3705,,,18730774,[],CHEMBL4260145,Antibiofilm activity against Salmonella typhimurium ATCC 14028 after 24 hrs by crystal violet staining based assay,F,,,BAO_0000190,BAO_0000218,organism-based format,CCCCCc1ccc(C(=O)Nc2ccc3c(c2)nc(N)n3C)cc1.Cl,,,CHEMBL4257552,Medchemcomm,2018,,CHEMBL3218050,,CHEMBL3301786,4.7,0,http://www.openphacts.org/units/Nanomolar,3111829,=,1,1,=,,IC50,nM,,20000.0,CHEMBL351,Salmonella enterica subsp. enterica serovar Typhimurium,Salmonella typhimurium,90371,,,IC50,uM,UO_0000065,40.0,20.0,20000.0,4.698970004336019
596,,,6303269,[],CHEMBL1815005,Antimicrobial activity against Salmonella Typhimurium ATCC 14028 assessed as inhibition of biofilm formation after 24 hrs by spectrophotometry,F,,,BAO_0000190,BAO_0000218,organism-based format,O=[N+]([O-])c1ccc(-c2cnc(NC3CCCC3)[nH]2)cc1,,,CHEMBL1811868,Bioorg Med Chem,2011,,CHEMBL1814369,,CHEMBL1814369,4.93,0,http://www.openphacts.org/units/Nanomolar,1448966,=,1,1,=,,IC50,nM,,11800.0,CHEMBL351,Salmonella enterica subsp. enterica serovar Typhimurium,Salmonella typhimurium,90371,,,IC50,uM,UO_0000065,,11.8,11800.0,4.928117992693875
301,,,5190393,[],CHEMBL1663615,Antibiofilm activity in Salmonella Typhimurium ATCC 14028 assessed as inhibition of biofilm formation at 25 degC after 24 hrs,F,,,BAO_0000190,BAO_0000218,organism-based format,CCCCCCCCn1c(-c2ccc([N+](=O)[O-])cc2)cnc1N,,,CHEMBL1649413,J Med Chem,2011,,CHEMBL1649837,,CHEMBL1649837,4.45,0,http://www.openphacts.org/units/Nanomolar,1322115,=,1,1,=,,IC50,nM,,35400.0,CHEMBL351,Salmonella enterica subsp. enterica serovar Typhimurium,Salmonella typhimurium,90371,,,IC50,uM,UO_0000065,,35.4,35400.0,4.450996737974212
5367,,,19241837,[],CHEMBL4399776,Antibiofilm activity against Bacillus subtilis MTCC 121 assessed as inhibition of biofilm formation by crystal violet staining-based microtitre plate assay,F,,,BAO_0000190,BAO_0000218,organism-based format,O=C(c1cn(-c2ccc(Br)cc2)nn1)c1c(-c2ccc(Cl)cc2)nc2sccn12,,,CHEMBL4396937,Bioorg Med Chem Lett,2019,,CHEMBL4454220,,CHEMBL4454220,,0,http://www.openphacts.org/units/MicrogramPerMilliliter,3211954,=,1,1,=,,IC50,ug.mL-1,,13.5,CHEMBL359,Bacillus subtilis,Bacillus subtilis,1423,,,IC50,ug ml-1,UO_0000274,,13.5,27848.487723974034,4.555198383648797
946,,,10954617,[],CHEMBL2061045,Antibacterial activity against Escherichia coli K-12 ATCC 25404 assessed as inhibition of biofilm formation after 2 hrs by confocal laser microscopic analysis,F,,,BAO_0000190,BAO_0000218,organism-based format,COC(=O)c1cccc(-c2ccc(O[C@H]3O[C@H](CO)[C@@H](O)[C@H](O)[C@@H]3O)c(C)c2)c1,,,CHEMBL2057137,J Med Chem,2012,,CHEMBL2058196,,CHEMBL2058196,6.48,0,http://www.openphacts.org/units/Nanomolar,1656066,=,1,1,=,,IC50,nM,,330.0,CHEMBL354,Escherichia coli,Escherichia coli,562,,,IC50,uM,UO_0000065,,0.33,330.0,6.481486060122112
1685,,,14541451,[],CHEMBL3227446,Antimicrobial activity against methicillin-resistant Staphylococcus aureus ATCC 43300 assessed as inhibition of biofilm formation after 24 hrs by crystal violet staining-based microscopy,F,,,BAO_0000190,BAO_0000218,organism-based format,CCCCCc1ccc(C(=O)Nc2ccc3c(c2)nc(N)n3Cc2ccccc2)cc1.Cl,,,CHEMBL3217587,Medchemcomm,2012,,CHEMBL3218058,,CHEMBL3301702,5.28,0,http://www.openphacts.org/units/Nanomolar,2072402,=,1,1,=,,IC50,nM,,5200.0,CHEMBL352,Staphylococcus aureus,Staphylococcus aureus,1280,,,IC50,uM,UO_0000065,,5.2,5200.0,5.2839966563652006
9339,,,25722553,"[{'comments': None, 'relation': '=', 'result_flag': 0, 'standard_relation': '=', 'standard_text_value': None, 'standard_type': 'TIME', 'standard_units': 'hr', 'standard_value': '24.0', 'text_value': None, 'type': 'TIME', 'units': 'hrs', 'value': '24.0'}]",CHEMBL5391150,Antibiofilm activity against methicillin-resistant Staphylococcus aureus ATCC 33591 assessed as biofilm eradication incubated for 24 hrs by crystal violet staining based analysis,F,,,BAO_0000179,BAO_0000218,organism-based format,COc1cccc2nn3cc(C4=Nc5ccc6ccccc6c5C4(C)C)cnc3c12,,,CHEMBL5390226,Bioorg Med Chem,2023,,CHEMBL5440615,,CHEMBL5440615,,0,http://www.openphacts.org/units/MicrogramPerMilliliter,4010194,=,1,0,=,,MBEC50,ug ml-1,,100.0,CHEMBL352,Staphylococcus aureus,Staphylococcus aureus,1280,,,MBEC50,ug ml-1,UO_0000274,,100.0,254801.7387670652,3.5937976127010307
3717,,,18730786,[],CHEMBL4260145,Antibiofilm activity against Salmonella typhimurium ATCC 14028 after 24 hrs by crystal violet staining based assay,F,,,BAO_0000190,BAO_0000218,organism-based format,CCCCCc1ccc(C(=O)Nc2ccc3c(c2)nc(N)n3CCCCc2ccccc2)cc1.Cl,,,CHEMBL4257552,Medchemcomm,2018,,CHEMBL3218070,,CHEMBL3301688,5.02,0,http://www.openphacts.org/units/Nanomolar,3111817,=,1,1,=,,IC50,nM,,9590.0,CHEMBL351,Salmonella enterica subsp. enterica serovar Typhimurium,Salmonella typhimurium,90371,,,IC50,uM,UO_0000065,,9.59,9590.0,5.018181392829336
335,,,5190427,[],CHEMBL1663615,Antibiofilm activity in Salmonella Typhimurium ATCC 14028 assessed as inhibition of biofilm formation at 25 degC after 24 hrs,F,,,BAO_0000190,BAO_0000218,organism-based format,COc1ccc(Cn2c(-c3ccccc3)cnc2N)cc1OC,Outside typical range,"Values for this activity type are unusually large/small, so may not be accurate",CHEMBL1649413,J Med Chem,2011,,CHEMBL1649870,,CHEMBL1649870,,0,http://www.openphacts.org/units/Nanomolar,1322149,=,1,1,=,,IC50,nM,,155800.0,CHEMBL351,Salmonella enterica subsp. enterica serovar Typhimurium,Salmonella typhimurium,90371,,,IC50,uM,UO_0000065,,155.8,155800.0,3.8074325466634544
3707,,,18730776,[],CHEMBL4260145,Antibiofilm activity against Salmonella typhimurium ATCC 14028 after 24 hrs by crystal violet staining based assay,F,,,BAO_0000190,BAO_0000218,organism-based format,CCCCCc1ccc(C(=O)Nc2ccc3[nH]c(N)nc3c2)cc1.Cl,,,CHEMBL4257552,Medchemcomm,2018,,CHEMBL598035,,CHEMBL1198184,4.7,0,http://www.openphacts.org/units/Nanomolar,3111827,=,1,1,=,,IC50,nM,,20000.0,CHEMBL351,Salmonella enterica subsp. enterica serovar Typhimurium,Salmonella typhimurium,90371,,,IC50,uM,UO_0000065,40.0,20.0,20000.0,4.698970004336019
5651,,,20704033,[],CHEMBL4627903,Antibiofilm activity against Escherichia coli UTI89 incubated for 2 days at 23 degC followed by 1 day incubation at RT,F,,,BAO_0000179,BAO_0000218,organism-based format,Cn1cc2c(n1)C(C)(C)[C@@H]1CC[C@]3(C)[C@H](CC=C4[C@@H]5CC(C)(C)CC[C@]5(C(=O)O)CC[C@]43C)[C@@]1(C)C2,,,CHEMBL4627274,Bioorg Med Chem,2020,,CHEMBL4645706,,CHEMBL4645706,,0,http://www.openphacts.org/units/MicrogramPerMilliliter,3486858,=,1,0,=,,MBIC50,ug ml-1,,8.0,CHEMBL354,Escherichia coli,Escherichia coli,562,,,MBIC50,ug ml-1,UO_0000274,,8.0,16235.479393117766,4.789534883218337
6225,,,22750713,"[{'comments': None, 'relation': '=', 'result_flag': 0, 'standard_relation': '=', 'standard_text_value': None, 'standard_type': 'TIME', 'standard_units': 'hr', 'standard_value': '24.0', 'text_value': None, 'type': 'Time', 'units': 'hrs', 'value': '24.0'}]",CHEMBL4699742,Antibiofilm activity against Mycobacterium smegmatis mc2 155 ATCC 700084 assessed as inhibition of biofilm formation measured after 24 hrs by crystal violet reporter assay,F,,,BAO_0000190,BAO_0000218,organism-based format,Nc1nc(-c2c[nH]c3ccc(Br)cc23)c[nH]1,,,CHEMBL4699393,RSC Med Chem,2020,,CHEMBL4302148,,CHEMBL4302148,5.02,0,http://www.openphacts.org/units/Nanomolar,3530919,=,1,1,=,,IC50,nM,,9500.0,CHEMBL613088,Mycolicibacterium smegmatis,Mycolicibacterium smegmatis,1772,,,IC50,uM,UO_0000065,,9.5,9500.0,5.022276394711152
1709,,,14541475,[],CHEMBL3227447,Antimicrobial activity against methicillin-resistant Staphylococcus aureus ATCC BAA-44 assessed as inhibition of biofilm formation after 24 hrs by crystal violet staining-based microscopy,F,,,BAO_0000190,BAO_0000218,organism-based format,CCCCCc1ccc(C(=O)Nc2ccc3c(c2)nc(N)n3Cc2ccc(OC)cc2)cc1.Cl,,,CHEMBL3217587,Medchemcomm,2012,,CHEMBL3218059,,CHEMBL3304222,4.94,0,http://www.openphacts.org/units/Nanomolar,2072403,=,1,1,=,,IC50,nM,,11500.0,CHEMBL352,Staphylococcus aureus,Staphylococcus aureus,1280,,,IC50,uM,UO_0000065,,11.5,11500.0,4.939302159646388
3210,,,18511372,[],CHEMBL4191872,Antibiofilm activity against Salmonella typhimurium ATCC 14028 after 24 hrs by crystal violet staining based method,F,,,BAO_0000179,BAO_0000218,organism-based format,CCCCCCCc1nc(N)n(CC(=O)Nc2ccccc2)c1-c1ccccc1Br,,,CHEMBL4190235,Eur J Med Chem,2017,,CHEMBL4214105,,CHEMBL4214105,,0,http://www.openphacts.org/units/Micromolar,3073301,=,1,0,=,,MBIC50,uM,,114.8,CHEMBL351,Salmonella enterica subsp. enterica serovar Typhimurium,Salmonella typhimurium,90371,,,MBIC50,uM,UO_0000064,,114.8,114800.0,3.940058111938045
3495,,,18570289,[],CHEMBL4220814,Antibiofilm activity against Escherichia coli TG1 after 24 hrs by crystal violet staining based assay,F,,,BAO_0000190,BAO_0000218,organism-based format,c1ccc(-c2cnc(NCCCCCCCNc3ncc(-c4ccccc4)[nH]3)[nH]2)cc1,,,CHEMBL4219072,Bioorg Med Chem,2018,,CHEMBL4226741,,CHEMBL4226741,4.93,0,http://www.openphacts.org/units/Nanomolar,3083438,=,1,1,=,,IC50,nM,,11800.0,CHEMBL354,Escherichia coli,Escherichia coli,562,,,IC50,uM,UO_0000065,,11.8,11800.0,4.928117992693875
3504,,,18570298,[],CHEMBL4220814,Antibiofilm activity against Escherichia coli TG1 after 24 hrs by crystal violet staining based assay,F,,,BAO_0000190,BAO_0000218,organism-based format,Fc1ccc(-c2cnc(NCCCCNc3ncc(-c4ccc(F)cc4)[nH]3)[nH]2)cc1,,,CHEMBL4219072,Bioorg Med Chem,2018,,CHEMBL4224706,,CHEMBL4224706,5.19,0,http://www.openphacts.org/units/Nanomolar,3083447,=,1,1,=,,IC50,nM,,6500.0,CHEMBL354,Escherichia coli,Escherichia coli,562,,,IC50,uM,UO_0000065,,6.5,6500.0,5.187086643357144
884,,,8038766,[],CHEMBL1954979,Antibacterial activity against Staphylococcus aureus ATCC 6538P assessed as inhibition of biofilm formation after 24 hrs by crystal violet staining,F,,,BAO_0000188,BAO_0000218,organism-based format,C[n+]1cc2c3c(ccc2c2ccc4cc5c(cc4c21)OCO5)OCO3,,,CHEMBL1949602,Bioorg Med Chem,2012,,CHEMBL417799,SANGUINARIUM,CHEMBL417799,4.61,0,http://www.openphacts.org/units/Nanomolar,1579144,=,1,1,=,,EC50,nM,,24500.0,CHEMBL352,Staphylococcus aureus,Staphylococcus aureus,1280,,,EC50,uM,UO_0000065,,24.5,24500.0,4.610833915635467
3560,,,18570354,[],CHEMBL4220815,Antibiofilm activity against Staphylococcus aureus SH1000 after 48 hrs by crystal violet staining based assay,F,,,BAO_0000190,BAO_0000218,organism-based format,Clc1ccc(-c2cnc(NCCCCCCNc3ncc(-c4ccc(Cl)cc4)[nH]3)[nH]2)cc1,Outside typical range,"Values for this activity type are unusually large/small, so may not be accurate",CHEMBL4219072,Bioorg Med Chem,2018,,CHEMBL4225237,,CHEMBL4225237,,0,http://www.openphacts.org/units/Nanomolar,3083451,=,1,1,=,,IC50,nM,,150000.0,CHEMBL352,Staphylococcus aureus,Staphylococcus aureus,1280,,,IC50,uM,UO_0000065,,150.0,150000.0,3.8239087409443187
718,,,6305766,[],CHEMBL1815005,Antimicrobial activity against Salmonella Typhimurium ATCC 14028 assessed as inhibition of biofilm formation after 24 hrs by spectrophotometry,F,,,BAO_0000190,BAO_0000218,organism-based format,CCCCCCCCN1c2nccc[n+]2C[C@@]1(O)c1ccc(-c2ccc(-c3ccccc3)cc2)cc1.[Br-],,,CHEMBL1811868,Bioorg Med Chem,2011,,CHEMBL1814212,,CHEMBL1851778,4.28,0,http://www.openphacts.org/units/Nanomolar,1448751,=,1,1,=,,IC50,nM,,52800.0,CHEMBL351,Salmonella enterica subsp. enterica serovar Typhimurium,Salmonella typhimurium,90371,,,IC50,uM,UO_0000065,,52.8,52800.0,4.277366077466188
170,,,3469108,[],CHEMBL1252263,Antimicrobial activity against Salmonella Typhimurium ATCC 14028 assessed as inhibition of biofilm formation after 48 hrs using crystal violet staining by microtiter plate assay,F,,,BAO_0000190,BAO_0000218,organism-based format,CC(Br)C1=CC(=C(Br)Br)OC1=O,,,CHEMBL1250426,Bioorg Med Chem,2010,,CHEMBL1253183,,CHEMBL1253183,5.93,0,http://www.openphacts.org/units/Nanomolar,955217,=,1,1,=,,IC50,nM,,1166.0,CHEMBL351,Salmonella enterica subsp. enterica serovar Typhimurium,Salmonella typhimurium,90371,,,IC50,uM,UO_0000065,,1.166,1166.0,5.933301449577005
1043,,,12675060,[],CHEMBL2344064,Antibacterial activity against methicillin-resistant Staphylococcus aureus ATCC BAA-44 assessed as inhibition of biofilm growth after 24 hrs by crystal violet reporter assay,F,,,BAO_0000190,BAO_0000218,organism-based format,CCCCCc1ccc(C(=O)NCCn2cc(CCCCCc3cn(CCc4ccccc4)c(N)n3)nn2)cc1.Cl,,,CHEMBL2331213,Eur J Med Chem,2013,,CHEMBL2332796,,CHEMBL2365695,5.0,0,http://www.openphacts.org/units/Nanomolar,1866603,=,1,1,=,,IC50,nM,,9900.0,CHEMBL352,Staphylococcus aureus,Staphylococcus aureus,1280,,,IC50,uM,UO_0000065,,9.9,9900.0,5.004364805402449
173,,,3469111,[],CHEMBL1252263,Antimicrobial activity against Salmonella Typhimurium ATCC 14028 assessed as inhibition of biofilm formation after 48 hrs using crystal violet staining by microtiter plate assay,F,,,BAO_0000190,BAO_0000218,organism-based format,CCCC(Br)C1=CC(=C(Br)Br)OC1=O,,,CHEMBL1250426,Bioorg Med Chem,2010,,CHEMBL1253384,,CHEMBL1253384,5.88,0,http://www.openphacts.org/units/Nanomolar,955270,=,1,1,=,,IC50,nM,,1310.0,CHEMBL351,Salmonella enterica subsp. enterica serovar Typhimurium,Salmonella typhimurium,90371,,,IC50,uM,UO_0000065,,1.31,1310.0,5.8827287043442364
3469,,,18570263,[],CHEMBL4220814,Antibiofilm activity against Escherichia coli TG1 after 24 hrs by crystal violet staining based assay,F,,,BAO_0000190,BAO_0000218,organism-based format,Nc1ncc(-c2ccccc2)n1CCCCCCn1c(-c2ccccc2)cnc1N,,,CHEMBL4219072,Bioorg Med Chem,2018,,CHEMBL4227660,,CHEMBL4227660,5.54,0,http://www.openphacts.org/units/Nanomolar,3083412,=,1,1,=,,IC50,nM,,2900.0,CHEMBL354,Escherichia coli,Escherichia coli,562,,,IC50,uM,UO_0000065,,2.9,2900.0,5.537602002101044
5785,,,22408027,"[{'comments': None, 'relation': '=', 'result_flag': 0, 'standard_relation': '=', 'standard_text_value': None, 'standard_type': 'TIME', 'standard_units': 'hr', 'standard_value': '24.0', 'text_value': None, 'type': 'Time', 'units': 'hrs', 'value': '24.0'}]",CHEMBL4670886,Inhibition of biofilm formation in methicillin-resistant Staphylococcus aureus ATCC 43300 incubated for 24 hrs by crystal violet staining based microtiter plate method,F,,,BAO_0000190,BAO_0000218,organism-based format,Nc1nc(-c2nc3ccccc3c(=O)[nH]2)cc(-c2ccccc2Cl)n1,,,CHEMBL4665809,Bioorg Med Chem Lett,2020,,CHEMBL4783023,,CHEMBL4783023,4.25,0,http://www.openphacts.org/units/Nanomolar,3510934,=,1,1,=,,IC50,nM,,56200.0,CHEMBL352,Staphylococcus aureus,Staphylococcus aureus,1280,,,IC50,uM,UO_0000065,,56.2,56200.0,4.250263684430939
5005,,,19127352,[],CHEMBL4374185,Antibiofilm activity against Mycobacterium smegmatis str. MC2 155 ATCC 700084 after 48 hrs by crystal violet staining based reporter assay,F,,,BAO_0000190,BAO_0000218,organism-based format,CCCCCc1ccc(C(=O)Nc2ccc3nc(N)ncc3c2)cc1.Cl,,,CHEMBL4373648,Medchemcomm,2019,,CHEMBL4535408,,CHEMBL4595299,4.41,0,http://www.openphacts.org/units/Nanomolar,3192245,=,1,1,=,,IC50,nM,,39000.0,CHEMBL613088,Mycolicibacterium smegmatis,Mycolicibacterium smegmatis,1772,,,IC50,uM,UO_0000065,,39.0,39000.0,4.4089353929735005
5783,,,22408025,"[{'comments': None, 'relation': '=', 'result_flag': 0, 'standard_relation': '=', 'standard_text_value': None, 'standard_type': 'TIME', 'standard_units': 'hr', 'standard_value': '24.0', 'text_value': None, 'type': 'Time', 'units': 'hrs', 'value': '24.0'}]",CHEMBL4670886,Inhibition of biofilm formation in methicillin-resistant Staphylococcus aureus ATCC 43300 incubated for 24 hrs by crystal violet staining based microtiter plate method,F,,,BAO_0000190,BAO_0000218,organism-based format,Nc1nc(-c2ccc(C(F)(F)F)cc2)cc(-c2nc3ccccc3c(=O)[nH]2)n1,,,CHEMBL4665809,Bioorg Med Chem Lett,2020,,CHEMBL4760576,,CHEMBL4760576,4.06,0,http://www.openphacts.org/units/Nanomolar,3510936,=,1,1,=,,IC50,nM,,86500.0,CHEMBL352,Staphylococcus aureus,Staphylococcus aureus,1280,,,IC50,uM,UO_0000065,,86.5,86500.0,4.062983892535185
3245,,,18511434,[],CHEMBL4191874,Antibiofilm activity against Staphylococcus aureus SH1000 after 48 hrs by crystal violet staining based method,F,,,BAO_0000179,BAO_0000218,organism-based format,CCCCCc1nc(N)n(CC(=O)Nc2ccc(C)cc2)c1-c1ccccc1Br,,,CHEMBL4190235,Eur J Med Chem,2017,,CHEMBL4202488,,CHEMBL4202488,,0,http://www.openphacts.org/units/Micromolar,3073309,=,1,0,=,,MBIC50,uM,,29.8,CHEMBL352,Staphylococcus aureus,Staphylococcus aureus,1280,,,MBIC50,uM,UO_0000064,,29.8,29800.0,4.525783735923745
164,,,3469102,[],CHEMBL1252263,Antimicrobial activity against Salmonella Typhimurium ATCC 14028 assessed as inhibition of biofilm formation after 48 hrs using crystal violet staining by microtiter plate assay,F,,,BAO_0000190,BAO_0000218,organism-based format,CCCCCCC1=CC(=C(Br)Br)OC1=O,Outside typical range,"Values for this activity type are unusually large/small, so may not be accurate",CHEMBL1250426,Bioorg Med Chem,2010,,CHEMBL1253295,,CHEMBL1253295,,0,http://www.openphacts.org/units/Nanomolar,955143,=,1,1,=,,IC50,nM,,160100.0,CHEMBL351,Salmonella enterica subsp. enterica serovar Typhimurium,Salmonella typhimurium,90371,,,IC50,uM,UO_0000065,,160.1,160100.0,3.7956086680807006
3403,,,18570197,[],CHEMBL4220812,Antibiofilm activity against Salmonella typhimurium ATCC 14028 after 24 hrs by crystal violet staining based assay,F,,,BAO_0000190,BAO_0000218,organism-based format,Fc1ccc(-c2cnc(NCCCCCNc3ncc(-c4ccc(F)cc4)[nH]3)[nH]2)cc1,,,CHEMBL4219072,Bioorg Med Chem,2018,,CHEMBL4227793,,CHEMBL4227793,5.12,0,http://www.openphacts.org/units/Nanomolar,3083446,=,1,1,=,,IC50,nM,,7600.0,CHEMBL351,Salmonella enterica subsp. enterica serovar Typhimurium,Salmonella typhimurium,90371,,,IC50,uM,UO_0000065,,7.6,7600.0,5.119186407719209
6080,,,22446310,[],CHEMBL4679608,Antibiofilm activity against Streptococcus mutans UA159 assessed as inhibition of biofilm formation by serial dilution method,F,,,BAO_0000190,BAO_0000218,organism-based format,NCc1ccccc1NC(=O)c1cc2ccccc2s1,Outside typical range,"Values for this activity type are unusually large/small, so may not be accurate",CHEMBL4673385,ACS Med Chem Lett,2021,,CHEMBL4748811,,CHEMBL4748811,,0,http://www.openphacts.org/units/Nanomolar,3517913,=,1,1,=,,IC50,nM,,167200.0,CHEMBL612426,Streptococcus mutans,Streptococcus mutans,1309,,,IC50,uM,UO_0000065,,167.2,167200.0,3.776763726897002
6516,,,22905974,"[{'comments': None, 'relation': '=', 'result_flag': 0, 'standard_relation': '=', 'standard_text_value': None, 'standard_type': 'TIME', 'standard_units': 'hr', 'standard_value': '24.0', 'text_value': None, 'type': 'Time', 'units': 'hrs', 'value': '24.0'}]",CHEMBL4733169,Antibiofilm activity against Staphylococcus aureus ATCC 25923 after 24 hrs by crystal violet staining based assay,F,,,BAO_0000179,BAO_0000218,organism-based format,COc1ccc2c(c1)c(C(=O)c1nc(-c3cn(C)c4ccc(Br)cc34)no1)cn2C,,,CHEMBL4732050,Eur J Med Chem,2021,,CHEMBL4759409,,CHEMBL4759409,,0,http://www.openphacts.org/units/Micromolar,3556003,=,1,0,=,,MBIC50,uM,,41.0,CHEMBL352,Staphylococcus aureus,Staphylococcus aureus,1280,,,MBIC50,uM,UO_0000064,,41.0,41000.0,4.3872161432802645
8151,,,24898385,"[{'comments': None, 'relation': '=', 'result_flag': 0, 'standard_relation': '=', 'standard_text_value': None, 'standard_type': 'TIME', 'standard_units': 'hr', 'standard_value': '24.0', 'text_value': None, 'type': 'Time', 'units': 'hrs', 'value': '24.0'}]",CHEMBL5159908,Antibiofilm activity against Salmonella typhimurium ATCC 14028 assessed as biofilm dispersal effect incubated for 24 hrs by crystal violet staining based spectrophotometry,F,,,BAO_0000188,BAO_0000218,organism-based format,CN(Cc1ccsc1)CC1CCN(CCc2ccccc2Br)CC1,Outside typical range,"Values for this activity type are unusually large/small, so may not be accurate",CHEMBL5154764,Eur J Med Chem,2022,,CHEMBL5178158,,CHEMBL5178158,,0,http://www.openphacts.org/units/Nanomolar,3891389,=,1,1,=,,EC50,nM,,308000.0,CHEMBL351,Salmonella enterica subsp. enterica serovar Typhimurium,Salmonella typhimurium,90371,,,EC50,uM,UO_0000065,,308.0,308000.0,3.511449283499556
6066,,,22446296,[],CHEMBL4679608,Antibiofilm activity against Streptococcus mutans UA159 assessed as inhibition of biofilm formation by serial dilution method,F,,,BAO_0000190,BAO_0000218,organism-based format,COC(=O)c1cccc(NC(=O)c2cnc3ccccc3c2)c1,Outside typical range,"Values for this activity type are unusually large/small, so may not be accurate",CHEMBL4673385,ACS Med Chem Lett,2021,,CHEMBL4780747,,CHEMBL4780747,,0,http://www.openphacts.org/units/Nanomolar,3517927,=,1,1,=,,IC50,nM,,147300.0,CHEMBL612426,Streptococcus mutans,Streptococcus mutans,1309,,,IC50,uM,UO_0000065,,147.3,147300.0,3.8317972531573687
806,,,6306968,[],CHEMBL1815005,Antimicrobial activity against Salmonella Typhimurium ATCC 14028 assessed as inhibition of biofilm formation after 24 hrs by spectrophotometry,F,,,BAO_0000190,BAO_0000218,organism-based format,CC(C)CN1c2nccc[n+]2C[C@@]1(O)c1ccc(Cl)cc1.[Br-],,,CHEMBL1811868,Bioorg Med Chem,2011,,CHEMBL1814016,,CHEMBL1851636,4.5,0,http://www.openphacts.org/units/Nanomolar,1448522,=,1,1,=,,IC50,nM,,31400.0,CHEMBL351,Salmonella enterica subsp. enterica serovar Typhimurium,Salmonella typhimurium,90371,,,IC50,uM,UO_0000065,,31.4,31400.0,4.503070351926785
318,,,5190410,[],CHEMBL1663615,Antibiofilm activity in Salmonella Typhimurium ATCC 14028 assessed as inhibition of biofilm formation at 25 degC after 24 hrs,F,,,BAO_0000190,BAO_0000218,organism-based format,Nc1ncc(-c2ccc(Cl)cc2)n1C1CCC1,,,CHEMBL1649413,J Med Chem,2011,,CHEMBL1649854,,CHEMBL1649854,4.94,0,http://www.openphacts.org/units/Nanomolar,1322132,=,1,1,=,,IC50,nM,,11600.0,CHEMBL351,Salmonella enterica subsp. enterica serovar Typhimurium,Salmonella typhimurium,90371,,,IC50,uM,UO_0000065,,11.6,11600.0,4.935542010773082
1967,,,15125523,[],CHEMBL3381973,Anti-biofilm activity against Bacillus subtilis MTCC 121 assessed as inhibition of biofilm formation incubated for 24 hrs by crystal violet staining based modified biofilm inhibition assay,F,,,BAO_0000190,BAO_0000218,organism-based format,CCCCCCC(C/C=C\CCCCCCCC(=O)OC)/N=C\c1cc(OC)c(O)c(OC)c1,,,CHEMBL3351415,Bioorg Med Chem Lett,2014,,CHEMBL3337786,,CHEMBL3337786,5.07,0,http://www.openphacts.org/units/Nanomolar,2272909,=,1,1,=,,IC50,nM,,8600.0,CHEMBL359,Bacillus subtilis,Bacillus subtilis,1423,,,IC50,uM,UO_0000065,,8.6,8600.0,5.065501548756432
302,,,5190394,[],CHEMBL1663615,Antibiofilm activity in Salmonella Typhimurium ATCC 14028 assessed as inhibition of biofilm formation at 25 degC after 24 hrs,F,,,BAO_0000190,BAO_0000218,organism-based format,CCCCCCCCn1c(-c2ccc(S(C)(=O)=O)cc2)cnc1N,,,CHEMBL1649413,J Med Chem,2011,,CHEMBL1649838,,CHEMBL1649838,4.54,0,http://www.openphacts.org/units/Nanomolar,1322116,=,1,1,=,,IC50,nM,,29100.0,CHEMBL351,Salmonella enterica subsp. enterica serovar Typhimurium,Salmonella typhimurium,90371,,,IC50,uM,UO_0000065,,29.1,29100.0,4.536107011014093
1670,,,14532272,[],CHEMBL3223733,Inhibition of biofilm formation in Staphylococcus aureus 29213 after 24 hrs by crystal violet staining-based assay,F,,,BAO_0000190,BAO_0000218,organism-based format,O=C(Cn1cc(Cc2csc3ccccc23)nn1)Nc1ccccc1,Outside typical range,"Values for this activity type are unusually large/small, so may not be accurate",CHEMBL3217512,Medchemcomm,2013,,CHEMBL3219743,,CHEMBL3219743,,0,http://www.openphacts.org/units/Nanomolar,2074654,=,1,1,=,,IC50,nM,,214900.0,CHEMBL352,Staphylococcus aureus,Staphylococcus aureus,1280,,,IC50,uM,UO_0000065,,214.9,214900.0,3.667763584508557
7504,,,24723805,"[{'comments': None, 'relation': '=', 'result_flag': 0, 'standard_relation': '=', 'standard_text_value': None, 'standard_type': 'TIME', 'standard_units': 'hr', 'standard_value': '24.0', 'text_value': None, 'type': 'Time', 'units': 'hrs', 'value': '24.0'}]",CHEMBL5113765,Antibiofilm activity against Staphylococcus aureus ATCC 25923 assessed as inhibition of biofilm formation incubated for 24 hrs by crystal violet method,F,,,BAO_0000190,BAO_0000218,organism-based format,COCCn1cc(-c2nc(-c3cn(C)c4ccccc34)cs2)c2cc(F)ccc21,,,CHEMBL5113373,Eur J Med Chem,2021,,CHEMBL4763921,,CHEMBL4763921,6.4,0,http://www.openphacts.org/units/Nanomolar,3856222,=,1,1,=,,IC50,nM,,400.0,CHEMBL352,Staphylococcus aureus,Staphylococcus aureus,1280,,,IC50,uM,UO_0000065,,0.4,400.0,6.3979400086720375
163,,,3469101,[],CHEMBL1252263,Antimicrobial activity against Salmonella Typhimurium ATCC 14028 assessed as inhibition of biofilm formation after 48 hrs using crystal violet staining by microtiter plate assay,F,,,BAO_0000190,BAO_0000218,organism-based format,CCCCCCC1=C(Br)/C(=C/Br)OC1=O,,,CHEMBL1250426,Bioorg Med Chem,2010,,CHEMBL1253294,,CHEMBL1253294,4.97,0,http://www.openphacts.org/units/Nanomolar,955142,=,1,1,=,,IC50,nM,,10740.0,CHEMBL351,Salmonella enterica subsp. enterica serovar Typhimurium,Salmonella typhimurium,90371,,,IC50,uM,UO_0000065,,10.74,10740.0,4.968995718636463
4173,,,18955410,[],CHEMBL4332306,Anti-biofilm activity against Pseudoalteromonas ulvae TC14 assessed as inhibition of bacterial adhesion incubated for 15 hrs at 20 degC by Syto 61 dye based fluorescence assay,F,,,BAO_0000188,BAO_0000218,organism-based format,COc1ccc(CCn2cc(COCc3cn(CCc4ccc(OC)c(Br)c4)nn3)nn2)cc1Br,Outside typical range,"Values for this activity type are unusually large/small, so may not be accurate",CHEMBL4330109,Bioorg Med Chem Lett,2019,,CHEMBL4466480,,CHEMBL4466480,,0,http://www.openphacts.org/units/Nanomolar,3162280,=,1,1,=,,EC50,nM,,159800.0,CHEMBL4296595,Pseudoalteromonas ulvae,Pseudoalteromonas ulvae,107327,,,EC50,uM,UO_0000065,,159.8,159800.0,3.7964232250220276
4816,,,19051498,[],CHEMBL4354899,Antibiofilm activity against Streptococcus mutans assessed as inhibition of biofilm formation,F,,,BAO_0000190,BAO_0000218,organism-based format,CCCCCCCCCCCCCCCc1c[nH]c(N)n1.Cl,,,CHEMBL4354780,Medchemcomm,2019,,CHEMBL4593570,,CHEMBL4597223,6.03,0,http://www.openphacts.org/units/Nanomolar,3178382,=,1,1,=,,IC50,nM,,940.0,CHEMBL612426,Streptococcus mutans,Streptococcus mutans,1309,,,IC50,uM,UO_0000065,,0.94,940.0,6.026872146400301
5652,,,20704034,[],CHEMBL4627903,Antibiofilm activity against Escherichia coli UTI89 incubated for 2 days at 23 degC followed by 1 day incubation at RT,F,,,BAO_0000179,BAO_0000218,organism-based format,CC1(C)CC[C@]2(C(=O)O)CC[C@]3(C)C(=CC[C@@H]4[C@@]5(C)Cc6c(n[nH]c6N)C(C)(C)[C@@H]5CC[C@]43C)[C@@H]2C1,,,CHEMBL4627274,Bioorg Med Chem,2020,,CHEMBL4632912,,CHEMBL4632912,,0,http://www.openphacts.org/units/MicrogramPerMilliliter,3486859,=,1,0,=,,MBIC50,ug ml-1,,4.0,CHEMBL354,Escherichia coli,Escherichia coli,562,,,MBIC50,ug ml-1,UO_0000274,,4.0,8101.495536075954,5.091434802959319
3396,,,18570190,[],CHEMBL4220812,Antibiofilm activity against Salmonella typhimurium ATCC 14028 after 24 hrs by crystal violet staining based assay,F,,,BAO_0000190,BAO_0000218,organism-based format,c1ccc(-c2cnc(NCCCCCCNc3ncc(-c4ccccc4)[nH]3)[nH]2)cc1,,,CHEMBL4219072,Bioorg Med Chem,2018,,CHEMBL4226161,,CHEMBL4226161,4.85,0,http://www.openphacts.org/units/Nanomolar,3083439,=,1,1,=,,IC50,nM,,14200.0,CHEMBL351,Salmonella enterica subsp. enterica serovar Typhimurium,Salmonella typhimurium,90371,,,IC50,uM,UO_0000065,,14.2,14200.0,4.847711655616943
1923,,,15087778,[],CHEMBL3388394,Inhibition of biofilm formation in methicillin-resistant Staphylococcus aureus MTCC 96 after 36 hr incubation by tissue culture plate method,F,,,BAO_0000190,BAO_0000218,organism-based format,O=C(O)CCC(=O)Nc1ccc(-c2nc3cccnc3[nH]2)cc1,,,CHEMBL3352166,Bioorg Med Chem,2014,,CHEMBL3344030,,CHEMBL3344030,4.53,0,http://www.openphacts.org/units/Nanomolar,2266643,=,1,1,=,,IC50,nM,,29430.0,CHEMBL352,Staphylococcus aureus,Staphylococcus aureus,1280,,,IC50,uM,UO_0000065,,29.43,29430.0,4.531209737900389
257,,,5190349,[],CHEMBL1663615,Antibiofilm activity in Salmonella Typhimurium ATCC 14028 assessed as inhibition of biofilm formation at 25 degC after 24 hrs,F,,,BAO_0000190,BAO_0000218,organism-based format,CCCCCCCCn1c(-c2ccccc2)cnc1N,,,CHEMBL1649413,J Med Chem,2011,,CHEMBL1649794,,CHEMBL1649794,4.92,0,http://www.openphacts.org/units/Nanomolar,1322071,=,1,1,=,,IC50,nM,,11900.0,CHEMBL351,Salmonella enterica subsp. enterica serovar Typhimurium,Salmonella typhimurium,90371,,,IC50,uM,UO_0000065,,11.9,11900.0,4.924453038607469
5962,,,22444681,"[{'comments': None, 'relation': '=', 'result_flag': 0, 'standard_relation': '=', 'standard_text_value': None, 'standard_type': 'TIME', 'standard_units': 'hr', 'standard_value': '24.0', 'text_value': None, 'type': 'Time', 'units': 'hrs', 'value': '24.0'}]",CHEMBL4679315,Inhibition of biofilm formation in Klebsiella planticola MTCC 530 incubated for 24 hrs by crystal violet staining based microtiter plate method,F,,,BAO_0000190,BAO_0000218,organism-based format,COc1ccc(-n2cc(COc3ccc(/C=N/Nc4nc(-c5cc6cccc(Br)c6oc5=O)cs4)cc3)nn2)cc1,,,CHEMBL4673372,Bioorg Med Chem Lett,2021,,CHEMBL4762632,,CHEMBL4762632,4.37,0,http://www.openphacts.org/units/Nanomolar,3517648,=,1,1,=,,IC50,nM,,42300.0,CHEMBL613271,Raoultella planticola,Raoultella planticola,575,,,IC50,uM,UO_0000065,,42.3,42300.0,4.373659632624958
254,,,5190346,[],CHEMBL1663615,Antibiofilm activity in Salmonella Typhimurium ATCC 14028 assessed as inhibition of biofilm formation at 25 degC after 24 hrs,F,,,BAO_0000190,BAO_0000218,organism-based format,CCCCCn1c(-c2ccccc2)cnc1N,,,CHEMBL1649413,J Med Chem,2011,,CHEMBL1649791,,CHEMBL1649791,4.32,0,http://www.openphacts.org/units/Nanomolar,1322068,=,1,1,=,,IC50,nM,,48400.0,CHEMBL351,Salmonella enterica subsp. enterica serovar Typhimurium,Salmonella typhimurium,90371,,,IC50,uM,UO_0000065,,48.4,48400.0,4.315154638355588
3481,,,18570275,[],CHEMBL4220814,Antibiofilm activity against Escherichia coli TG1 after 24 hrs by crystal violet staining based assay,F,,,BAO_0000190,BAO_0000218,organism-based format,Nc1ncc(-c2ccc(Cl)cc2)n1CCCCCCCCn1c(-c2ccc(Cl)cc2)cnc1N,,,CHEMBL4219072,Bioorg Med Chem,2018,,CHEMBL4228115,,CHEMBL4228115,5.96,0,http://www.openphacts.org/units/Nanomolar,3083424,=,1,1,=,,IC50,nM,,1100.0,CHEMBL354,Escherichia coli,Escherichia coli,562,,,IC50,uM,UO_0000065,,1.1,1100.0,5.958607314841775
2699,,,16638888,[],CHEMBL3826208,Inhibition of biofilm formation of Streptococcus mutans UA159 after 16 hrs by crystal violet staining based serial dilution method,F,,,BAO_0000190,BAO_0000218,organism-based format,O=C(/C=C/c1cccc(O)c1)c1ccccc1O,,,CHEMBL3822431,Bioorg Med Chem Lett,2016,,CHEMBL3823220,,CHEMBL3823220,4.19,0,http://www.openphacts.org/units/Nanomolar,2785920,=,1,1,=,,IC50,nM,,64000.0,CHEMBL612426,Streptococcus mutans,Streptococcus mutans,1309,,,IC50,uM,UO_0000065,,64.0,64000.0,4.1938200260161125
2702,,,16638891,[],CHEMBL3826208,Inhibition of biofilm formation of Streptococcus mutans UA159 after 16 hrs by crystal violet staining based serial dilution method,F,,,BAO_0000190,BAO_0000218,organism-based format,COc1cc(C(=O)/C=C/c2ccccc2O)ccc1O,,,CHEMBL3822431,Bioorg Med Chem Lett,2016,,CHEMBL3823901,,CHEMBL3823901,4.47,0,http://www.openphacts.org/units/Nanomolar,2785929,=,1,1,=,,IC50,nM,,34000.0,CHEMBL612426,Streptococcus mutans,Streptococcus mutans,1309,,,IC50,uM,UO_0000065,,34.0,34000.0,4.468521082957745
1771,,,14667371,[],CHEMBL3268492,Antimicrobial activity against Streptococcus mutans 240 assessed as inhibition of biofilm formation after 48 hrs by crystal violet staining-based spectrophotometry,F,,,BAO_0000179,BAO_0000218,organism-based format,CC(C)(C)C(=O)On1cc(-c2ccc(NC(=O)c3cc4cc(F)ccc4[nH]3)cc2)nc1N,,,CHEMBL3259692,Bioorg Med Chem Lett,2014,,CHEMBL3261444,,CHEMBL3261444,,0,http://www.openphacts.org/units/Micromolar,2099984,=,1,0,=,,MBIC50,uM,,120.0,CHEMBL612426,Streptococcus mutans,Streptococcus mutans,1309,,,MBIC50,uM,UO_0000064,,120.0,120000.0,3.920818753952375
3507,,,18570301,[],CHEMBL4220814,Antibiofilm activity against Escherichia coli TG1 after 24 hrs by crystal violet staining based assay,F,,,BAO_0000190,BAO_0000218,organism-based format,Clc1ccc(-c2cnc(NCCCCCCCNc3ncc(-c4ccc(Cl)cc4)[nH]3)[nH]2)cc1,,,CHEMBL4219072,Bioorg Med Chem,2018,,CHEMBL4228217,,CHEMBL4228217,4.46,0,http://www.openphacts.org/units/Nanomolar,3083450,=,1,1,=,,IC50,nM,,35000.0,CHEMBL354,Escherichia coli,Escherichia coli,562,,,IC50,uM,UO_0000065,,35.0,35000.0,4.455931955649724
267,,,5190359,[],CHEMBL1663615,Antibiofilm activity in Salmonella Typhimurium ATCC 14028 assessed as inhibition of biofilm formation at 25 degC after 24 hrs,F,,,BAO_0000190,BAO_0000218,organism-based format,CCCCCn1c(-c2ccc(Cl)cc2)cnc1N,,,CHEMBL1649413,J Med Chem,2011,,CHEMBL1649803,,CHEMBL1649803,5.1,0,http://www.openphacts.org/units/Nanomolar,1322081,=,1,1,=,,IC50,nM,,8000.0,CHEMBL351,Salmonella enterica subsp. enterica serovar Typhimurium,Salmonella typhimurium,90371,,,IC50,uM,UO_0000065,,8.0,8000.0,5.096910013008056
4179,,,18955416,[],CHEMBL4332306,Anti-biofilm activity against Pseudoalteromonas ulvae TC14 assessed as inhibition of bacterial adhesion incubated for 15 hrs at 20 degC by Syto 61 dye based fluorescence assay,F,,,BAO_0000188,BAO_0000218,organism-based format,CN(C)CCOc1ccc(CCn2cc(COCc3cn(CCc4ccc(OCCN(C)C)c(Br)c4)nn3)nn2)cc1Br,,,CHEMBL4330109,Bioorg Med Chem Lett,2019,,CHEMBL4552804,,CHEMBL4552804,4.04,0,http://www.openphacts.org/units/Nanomolar,3162286,=,1,1,=,,EC50,nM,,91800.0,CHEMBL4296595,Pseudoalteromonas ulvae,Pseudoalteromonas ulvae,107327,,,EC50,uM,UO_0000065,,91.8,91800.0,4.037157318798758
2442,,,16531884,[],CHEMBL3791789,Antibiofilm activity against Staphylococcus aureus MTCC 96 after 24 hrs by crystal violet staining based assay,F,,,BAO_0000190,BAO_0000218,organism-based format,CCCCCCCCN(CCCCCCCC)CCCCCCCCCCC(=O)OC,,,CHEMBL3784971,Bioorg Med Chem Lett,2016,,CHEMBL3786023,,CHEMBL3786023,,0,http://www.openphacts.org/units/MicrogramPerMilliliter,2768100,=,1,1,=,,IC50,ug.mL-1,,14.5,CHEMBL352,Staphylococcus aureus,Staphylococcus aureus,1280,,,IC50,ug ml-1,UO_0000274,,14.5,32971.85567877678,4.481856609776049
717,,,6305765,[],CHEMBL1815005,Antimicrobial activity against Salmonella Typhimurium ATCC 14028 assessed as inhibition of biofilm formation after 24 hrs by spectrophotometry,F,,,BAO_0000190,BAO_0000218,organism-based format,CCCCCCCCN1c2nccc[n+]2C[C@@]1(O)c1ccc(Br)cc1.[Br-],,,CHEMBL1811868,Bioorg Med Chem,2011,,CHEMBL1814213,,CHEMBL1851903,5.15,0,http://www.openphacts.org/units/Nanomolar,1448752,=,1,1,=,,IC50,nM,,7100.0,CHEMBL351,Salmonella enterica subsp. enterica serovar Typhimurium,Salmonella typhimurium,90371,,,IC50,uM,UO_0000065,,7.1,7100.0,5.1487416512809245
2035,,,15178583,[],CHEMBL3405142,Antimicrobial activity against Escherichia coli MTCC 739 assessed as inhibition of biofilm formation after 24 hrs,F,,,BAO_0000190,BAO_0000218,organism-based format,COc1ccc(C2=CC(c3oc(CO)cc(=O)c3O)c3ccccc3O2)cc1,,,CHEMBL3400018,Bioorg Med Chem Lett,2015,,CHEMBL3402106,,CHEMBL3402106,,0,http://www.openphacts.org/units/MicrogramPerMilliliter,2283220,=,1,1,=,,IC50,ug.mL-1,,6.1,CHEMBL354,Escherichia coli,Escherichia coli,562,,,IC50,ug ml-1,UO_0000274,,6.1,16121.35947988794,4.792598337858553
7716,,,24824087,[],CHEMBL5140890,Antibiofilm activity against Escherichia coli UTI89,F,,,BAO_0000190,BAO_0000218,organism-based format,Cc1cc(-c2ccc3ccn(CC(=O)Nc4cccnc4)c(=O)c3c2)ccc1O[C@H]1O[C@H](CO)[C@@H](O)[C@H](O)[C@@H]1O,,,CHEMBL5137057,J Med Chem,2022,,CHEMBL5208058,,CHEMBL5208058,7.75,0,http://www.openphacts.org/units/Nanomolar,3876908,=,1,1,=,,IC50,nM,,18.0,CHEMBL354,Escherichia coli,Escherichia coli,562,,,IC50,nM,UO_0000065,,18.0,18.0,7.7447274948966935
5391,,,19241861,[],CHEMBL4399780,Antibiofilm activity against Escherichia coli MTCC 739 assessed as inhibition of biofilm formation by crystal violet staining-based microtitre plate assay,F,,,BAO_0000190,BAO_0000218,organism-based format,O=C(c1cn(-c2ccc(Br)cc2)nn1)c1c(-c2ccc(Cl)cc2)nc2sccn12,,,CHEMBL4396937,Bioorg Med Chem Lett,2019,,CHEMBL4454220,,CHEMBL4454220,,0,http://www.openphacts.org/units/MicrogramPerMilliliter,3211954,=,1,1,=,,IC50,ug.mL-1,,16.2,CHEMBL354,Escherichia coli,Escherichia coli,562,,,IC50,ug ml-1,UO_0000274,,16.2,33418.18526876884,4.476017137601173
3388,,,18570182,[],CHEMBL4220812,Antibiofilm activity against Salmonella typhimurium ATCC 14028 after 24 hrs by crystal violet staining based assay,F,,,BAO_0000190,BAO_0000218,organism-based format,Nc1ncc(-c2ccc(Br)cc2)n1CCCCCCCCn1c(-c2ccc(Br)cc2)cnc1N,,,CHEMBL4219072,Bioorg Med Chem,2018,,CHEMBL4228267,,CHEMBL4228267,5.11,0,http://www.openphacts.org/units/Nanomolar,3083431,=,1,1,=,,IC50,nM,,7700.0,CHEMBL351,Salmonella enterica subsp. enterica serovar Typhimurium,Salmonella typhimurium,90371,,,IC50,uM,UO_0000065,,7.7,7700.0,5.113509274827518
6059,,,22446289,[],CHEMBL4679608,Antibiofilm activity against Streptococcus mutans UA159 assessed as inhibition of biofilm formation by serial dilution method,F,,,BAO_0000190,BAO_0000218,organism-based format,NC(=O)c1ccc(NC(=O)c2ccc3ccccc3n2)cc1,,,CHEMBL4673385,ACS Med Chem Lett,2021,,CHEMBL4797309,,CHEMBL4797309,4.26,0,http://www.openphacts.org/units/Nanomolar,3517934,=,1,1,=,,IC50,nM,,54400.0,CHEMBL612426,Streptococcus mutans,Streptococcus mutans,1309,,,IC50,uM,UO_0000065,,54.4,54400.0,4.26440110030182
4989,,,19127336,[],CHEMBL4374185,Antibiofilm activity against Mycobacterium smegmatis str. MC2 155 ATCC 700084 after 48 hrs by crystal violet staining based reporter assay,F,,,BAO_0000190,BAO_0000218,organism-based format,CCCCC(=O)Nc1ccc2nc(N)ncc2c1.Cl,,,CHEMBL4373648,Medchemcomm,2019,,CHEMBL4474126,,CHEMBL4596441,4.58,0,http://www.openphacts.org/units/Nanomolar,3192229,=,1,1,=,,IC50,nM,,26000.0,CHEMBL613088,Mycolicibacterium smegmatis,Mycolicibacterium smegmatis,1772,,,IC50,uM,UO_0000065,,26.0,26000.0,4.585026652029182
3477,,,18570271,[],CHEMBL4220814,Antibiofilm activity against Escherichia coli TG1 after 24 hrs by crystal violet staining based assay,F,,,BAO_0000190,BAO_0000218,organism-based format,Nc1ncc(-c2ccc(F)cc2)n1CCCCCn1c(-c2ccc(F)cc2)cnc1N,,,CHEMBL4219072,Bioorg Med Chem,2018,,CHEMBL4227198,,CHEMBL4227198,5.12,0,http://www.openphacts.org/units/Nanomolar,3083420,=,1,1,=,,IC50,nM,,7500.0,CHEMBL354,Escherichia coli,Escherichia coli,562,,,IC50,uM,UO_0000065,,7.5,7500.0,5.1249387366083
3558,,,18570352,[],CHEMBL4220815,Antibiofilm activity against Staphylococcus aureus SH1000 after 48 hrs by crystal violet staining based assay,F,,,BAO_0000190,BAO_0000218,organism-based format,Clc1ccc(-c2cnc(NCCCCCCCCNc3ncc(-c4ccc(Cl)cc4)[nH]3)[nH]2)cc1,Outside typical range,"Values for this activity type are unusually large/small, so may not be accurate",CHEMBL4219072,Bioorg Med Chem,2018,,CHEMBL4229053,,CHEMBL4229053,,0,http://www.openphacts.org/units/Nanomolar,3083449,=,1,1,=,,IC50,nM,,300000.0,CHEMBL352,Staphylococcus aureus,Staphylococcus aureus,1280,,,IC50,uM,UO_0000065,,300.0,300000.0,3.5228787452803374
786,,,6306948,[],CHEMBL1815005,Antimicrobial activity against Salmonella Typhimurium ATCC 14028 assessed as inhibition of biofilm formation after 24 hrs by spectrophotometry,F,,,BAO_0000190,BAO_0000218,organism-based format,CN1c2nccc[n+]2C[C@@]1(O)c1ccc(F)cc1.[Br-],Outside typical range,"Values for this activity type are unusually large/small, so may not be accurate",CHEMBL1811868,Bioorg Med Chem,2011,,CHEMBL1814036,,CHEMBL1852736,,0,http://www.openphacts.org/units/Nanomolar,1448542,=,1,1,=,,IC50,nM,,1825000.0,CHEMBL351,Salmonella enterica subsp. enterica serovar Typhimurium,Salmonella typhimurium,90371,,,IC50,uM,UO_0000065,,1825.0,1825000.0,2.7387371312075066
3726,,,18730799,[],CHEMBL4260145,Antibiofilm activity against Salmonella typhimurium ATCC 14028 after 24 hrs by crystal violet staining based assay,F,,,BAO_0000190,BAO_0000218,organism-based format,CCc1ccc(C(=O)Nc2ccc3c(c2)nc(N)n3CCCc2ccccc2)cc1.Cl,,,CHEMBL4257552,Medchemcomm,2018,,CHEMBL4280352,,CHEMBL4302182,4.7,0,http://www.openphacts.org/units/Nanomolar,3111851,=,1,1,=,,IC50,nM,,20000.0,CHEMBL351,Salmonella enterica subsp. enterica serovar Typhimurium,Salmonella typhimurium,90371,,,IC50,uM,UO_0000065,40.0,20.0,20000.0,4.698970004336019
5637,,,20704019,[],CHEMBL4627903,Antibiofilm activity against Escherichia coli UTI89 incubated for 2 days at 23 degC followed by 1 day incubation at RT,F,,,BAO_0000179,BAO_0000218,organism-based format,CC1(C)CC[C@]2(C(=O)O)CC[C@]3(C)C(=CC[C@@H]4[C@@]5(C)C[C@@H](C6=NCCO6)[C@H](O)C(C)(C)[C@@H]5CC[C@]43C)[C@@H]2C1,,,CHEMBL4627274,Bioorg Med Chem,2020,,CHEMBL4638575,,CHEMBL4638575,,0,http://www.openphacts.org/units/MicrogramPerMilliliter,3486844,=,1,0,=,,MBIC50,ug ml-1,,8.0,CHEMBL354,Escherichia coli,Escherichia coli,562,,,MBIC50,ug ml-1,UO_0000274,,8.0,15215.663003495789,4.817709119054331
5004,,,19127351,[],CHEMBL4374185,Antibiofilm activity against Mycobacterium smegmatis str. MC2 155 ATCC 700084 after 48 hrs by crystal violet staining based reporter assay,F,,,BAO_0000190,BAO_0000218,organism-based format,CCCCc1ccc(C(=O)Nc2ccc3nc(N)ncc3c2)cc1.Cl,,,CHEMBL4373648,Medchemcomm,2019,,CHEMBL4442660,,CHEMBL4594773,4.41,0,http://www.openphacts.org/units/Nanomolar,3192244,=,1,1,=,,IC50,nM,,39000.0,CHEMBL613088,Mycolicibacterium smegmatis,Mycolicibacterium smegmatis,1772,,,IC50,uM,UO_0000065,,39.0,39000.0,4.4089353929735005
241,,,5190333,[],CHEMBL1663615,Antibiofilm activity in Salmonella Typhimurium ATCC 14028 assessed as inhibition of biofilm formation at 25 degC after 24 hrs,F,,,BAO_0000190,BAO_0000218,organism-based format,N#Cc1ccc(-c2cnc(N)[nH]2)cc1,Outside typical range,"Values for this activity type are unusually large/small, so may not be accurate",CHEMBL1649413,J Med Chem,2011,,CHEMBL1649779,,CHEMBL1649779,,0,http://www.openphacts.org/units/Nanomolar,1322055,=,1,1,=,,IC50,nM,,316400.0,CHEMBL351,Salmonella enterica subsp. enterica serovar Typhimurium,Salmonella typhimurium,90371,,,IC50,uM,UO_0000065,,316.4,316400.0,3.4997635251743606
573,,,6152588,[],CHEMBL1763327,Antibacterial activity against Escherichia coli UTI89 assessed as inhibition of biofilm formation after 24 hrs,F,,,BAO_0000188,BAO_0000218,organism-based format,O=C(O)[C@@H]1CSc2c(-c3cccc(C(F)(F)F)c3)c(COc3ccccc3)cc(=O)n21,,,CHEMBL1759904,Eur J Med Chem,2011,,CHEMBL1761545,,CHEMBL1761545,4.68,0,http://www.openphacts.org/units/Nanomolar,1413759,=,1,1,=,,EC50,nM,,21000.0,CHEMBL354,Escherichia coli,Escherichia coli,562,,,EC50,uM,UO_0000065,,21.0,21000.0,4.6777807052660805
649,,,6304687,[],CHEMBL1815005,Antimicrobial activity against Salmonella Typhimurium ATCC 14028 assessed as inhibition of biofilm formation after 24 hrs by spectrophotometry,F,,,BAO_0000190,BAO_0000218,organism-based format,CCCCCNc1ncc(-c2ccc(Br)cc2)[nH]1,,,CHEMBL1811868,Bioorg Med Chem,2011,,CHEMBL1814255,,CHEMBL1814255,5.51,0,http://www.openphacts.org/units/Nanomolar,1448798,=,1,1,=,,IC50,nM,,3100.0,CHEMBL351,Salmonella enterica subsp. enterica serovar Typhimurium,Salmonella typhimurium,90371,,,IC50,uM,UO_0000065,,3.1,3100.0,5.508638306165728
1911,,,15087766,[],CHEMBL3388394,Inhibition of biofilm formation in methicillin-resistant Staphylococcus aureus MTCC 96 after 36 hr incubation by tissue culture plate method,F,,,BAO_0000190,BAO_0000218,organism-based format,O=C(O)CCCCC(=O)Nc1ccc(-c2nc3cc(Cl)ccc3[nH]2)cc1,,,CHEMBL3352166,Bioorg Med Chem,2014,,CHEMBL3344018,,CHEMBL3344018,4.41,0,http://www.openphacts.org/units/Nanomolar,2266631,=,1,1,=,,IC50,nM,,39200.0,CHEMBL352,Staphylococcus aureus,Staphylococcus aureus,1280,,,IC50,uM,UO_0000065,,39.2,39200.0,4.406713932979542
910,,,10928320,[],CHEMBL2044658,Inhibition of type 1 pili formation in uropathogenic Escherichia coli isolate UTI89 assessed as inhibition of biofilm formation after 24 hrs by crystal violet staining method,F,,,BAO_0000188,BAO_0000218,organism-based format,Cn1cc(-c2sc3c(C4CC4)c(Cc4cccc5ccccc45)cc(=O)n3c2C(=O)O)nn1,Outside typical range,"Values for this activity type are unusually large/small, so may not be accurate",CHEMBL2040841,Eur J Med Chem,2012,,CHEMBL2043382,,CHEMBL2043382,,0,http://www.openphacts.org/units/Nanomolar,1651274,=,1,1,=,,EC50,nM,,150000.0,CHEMBL354,Escherichia coli,Escherichia coli,562,,,EC50,uM,UO_0000065,,150.0,150000.0,3.8239087409443187
6030,,,22446260,[],CHEMBL4679608,Antibiofilm activity against Streptococcus mutans UA159 assessed as inhibition of biofilm formation by serial dilution method,F,,,BAO_0000190,BAO_0000218,organism-based format,COC(=O)c1cccc(NC(=O)c2ccc(-c3ccccc3)cc2)c1,Outside typical range,"Values for this activity type are unusually large/small, so may not be accurate",CHEMBL4673385,ACS Med Chem Lett,2021,,CHEMBL4780593,,CHEMBL4780593,,0,http://www.openphacts.org/units/Nanomolar,3517963,=,1,1,=,,IC50,nM,,105100.0,CHEMBL612426,Streptococcus mutans,Streptococcus mutans,1309,,,IC50,uM,UO_0000065,,105.1,105100.0,3.9783972839717574
6217,,,22750705,"[{'comments': None, 'relation': '=', 'result_flag': 0, 'standard_relation': '=', 'standard_text_value': None, 'standard_type': 'TIME', 'standard_units': 'hr', 'standard_value': '24.0', 'text_value': None, 'type': 'Time', 'units': 'hrs', 'value': '24.0'}]",CHEMBL4699742,Antibiofilm activity against Mycobacterium smegmatis mc2 155 ATCC 700084 assessed as inhibition of biofilm formation measured after 24 hrs by crystal violet reporter assay,F,,,BAO_0000190,BAO_0000218,organism-based format,CC(C)Cn1cc(-c2ccnc(N)n2)c2cc(Br)ccc21,,,CHEMBL4699393,RSC Med Chem,2020,,CHEMBL4301983,,CHEMBL4301983,4.83,0,http://www.openphacts.org/units/Nanomolar,3530911,=,1,1,=,,IC50,nM,,14900.0,CHEMBL613088,Mycolicibacterium smegmatis,Mycolicibacterium smegmatis,1772,,,IC50,uM,UO_0000065,,14.9,14900.0,4.826813731587726
6015,,,22444734,"[{'comments': None, 'relation': '=', 'result_flag': 0, 'standard_relation': '=', 'standard_text_value': None, 'standard_type': 'TIME', 'standard_units': 'hr', 'standard_value': '24.0', 'text_value': None, 'type': 'Time', 'units': 'hrs', 'value': '24.0'}]",CHEMBL4679319,Inhibition of biofilm formation in Staphylococcus aureus MTCC 92 incubated for 24 hrs by crystal violet staining based microtiter plate method,F,,,BAO_0000190,BAO_0000218,organism-based format,COc1ccc(-n2cc(COc3ccc(/C=N/Nc4nc(-c5cc6cccc(OC)c6oc5=O)cs4)cc3)nn2)cc1,,,CHEMBL4673372,Bioorg Med Chem Lett,2021,,CHEMBL4800245,,CHEMBL4800245,4.87,0,http://www.openphacts.org/units/Nanomolar,3517643,=,1,1,=,,IC50,nM,,13500.0,CHEMBL352,Staphylococcus aureus,Staphylococcus aureus,1280,,,IC50,uM,UO_0000065,,13.5,13500.0,4.869666231504993
6096,,,22446326,[],CHEMBL4679608,Antibiofilm activity against Streptococcus mutans UA159 assessed as inhibition of biofilm formation by serial dilution method,F,,,BAO_0000190,BAO_0000218,organism-based format,NC(=O)c1cccc(NC(=O)c2cc3cc([N+](=O)[O-])ccc3o2)c1,,,CHEMBL4673385,ACS Med Chem Lett,2021,,CHEMBL4799381,,CHEMBL4799381,4.41,0,http://www.openphacts.org/units/Nanomolar,3517897,=,1,1,=,,IC50,nM,,38800.0,CHEMBL612426,Streptococcus mutans,Streptococcus mutans,1309,,,IC50,uM,UO_0000065,,38.8,38800.0,4.411168274405792
3531,,,18570325,[],CHEMBL4220815,Antibiofilm activity against Staphylococcus aureus SH1000 after 48 hrs by crystal violet staining based assay,F,,,BAO_0000190,BAO_0000218,organism-based format,Nc1ncc(-c2ccc(F)cc2)n1CCCn1c(-c2ccc(F)cc2)cnc1N,Outside typical range,"Values for this activity type are unusually large/small, so may not be accurate",CHEMBL4219072,Bioorg Med Chem,2018,,CHEMBL4227991,,CHEMBL4227991,,0,http://www.openphacts.org/units/Nanomolar,3083422,=,1,1,=,,IC50,nM,,170700.0,CHEMBL352,Staphylococcus aureus,Staphylococcus aureus,1280,,,IC50,uM,UO_0000065,,170.7,170700.0,3.7677664788852665
6058,,,22446288,[],CHEMBL4679608,Antibiofilm activity against Streptococcus mutans UA159 assessed as inhibition of biofilm formation by serial dilution method,F,,,BAO_0000190,BAO_0000218,organism-based format,COC(=O)c1ccccc1NC(=O)c1ccc2ccccc2n1,,,CHEMBL4673385,ACS Med Chem Lett,2021,,CHEMBL4776566,,CHEMBL4776566,4.05,0,http://www.openphacts.org/units/Nanomolar,3517935,=,1,1,=,,IC50,nM,,89500.0,CHEMBL612426,Streptococcus mutans,Streptococcus mutans,1309,,,IC50,uM,UO_0000065,,89.5,89500.0,4.048176964684088
3503,,,18570297,[],CHEMBL4220814,Antibiofilm activity against Escherichia coli TG1 after 24 hrs by crystal violet staining based assay,F,,,BAO_0000190,BAO_0000218,organism-based format,Fc1ccc(-c2cnc(NCCCCCNc3ncc(-c4ccc(F)cc4)[nH]3)[nH]2)cc1,,,CHEMBL4219072,Bioorg Med Chem,2018,,CHEMBL4227793,,CHEMBL4227793,5.16,0,http://www.openphacts.org/units/Nanomolar,3083446,=,1,1,=,,IC50,nM,,7000.0,CHEMBL354,Escherichia coli,Escherichia coli,562,,,IC50,uM,UO_0000065,,7.0,7000.0,5.154901959985743
239,,,5190331,[],CHEMBL1663615,Antibiofilm activity in Salmonella Typhimurium ATCC 14028 assessed as inhibition of biofilm formation at 25 degC after 24 hrs,F,,,BAO_0000190,BAO_0000218,organism-based format,Cc1ccc(-c2cnc(N)[nH]2)cc1,,,CHEMBL1649413,J Med Chem,2011,,CHEMBL1649777,,CHEMBL1649777,4.11,0,http://www.openphacts.org/units/Nanomolar,1322053,=,1,1,=,,IC50,nM,,77700.0,CHEMBL351,Salmonella enterica subsp. enterica serovar Typhimurium,Salmonella typhimurium,90371,,,IC50,uM,UO_0000065,,77.7,77700.0,4.1095789811990855
4978,,,19107461,[],CHEMBL4369768,Antibiofilm activity against Mycobacterium smegmatis str. MC2 155 ATCC 700084 assessed as inhibition of biofilm formation incubated for 48 hrs by crystal violet reporter assay,F,,,BAO_0000190,BAO_0000218,organism-based format,CCCCCc1ccc(C(=O)Nc2ccc3c(c2)nc(N)n3CCCc2ccc(Cl)cc2)cc1,,,CHEMBL4368897,Medchemcomm,2019,,CHEMBL4471837,,CHEMBL4471837,5.19,0,http://www.openphacts.org/units/Nanomolar,3188139,=,1,1,=,,IC50,nM,,6400.0,CHEMBL613088,Mycolicibacterium smegmatis,Mycolicibacterium smegmatis,1772,,,IC50,uM,UO_0000065,,6.4,6400.0,5.1938200260161125
3533,,,18570327,[],CHEMBL4220815,Antibiofilm activity against Staphylococcus aureus SH1000 after 48 hrs by crystal violet staining based assay,F,,,BAO_0000190,BAO_0000218,organism-based format,Nc1ncc(-c2ccc(Cl)cc2)n1CCCCCCCCn1c(-c2ccc(Cl)cc2)cnc1N,,,CHEMBL4219072,Bioorg Med Chem,2018,,CHEMBL4228115,,CHEMBL4228115,5.21,0,http://www.openphacts.org/units/Nanomolar,3083424,=,1,1,=,,IC50,nM,,6100.0,CHEMBL352,Staphylococcus aureus,Staphylococcus aureus,1280,,,IC50,uM,UO_0000065,,6.1,6100.0,5.214670164989233
258,,,5190350,[],CHEMBL1663615,Antibiofilm activity in Salmonella Typhimurium ATCC 14028 assessed as inhibition of biofilm formation at 25 degC after 24 hrs,F,,,BAO_0000190,BAO_0000218,organism-based format,CCCCCCCCCn1c(-c2ccccc2)cnc1N,,,CHEMBL1649413,J Med Chem,2011,,CHEMBL1649795,,CHEMBL1649795,5.22,0,http://www.openphacts.org/units/Nanomolar,1322072,=,1,1,=,,IC50,nM,,6000.0,CHEMBL351,Salmonella enterica subsp. enterica serovar Typhimurium,Salmonella typhimurium,90371,,,IC50,uM,UO_0000065,,6.0,6000.0,5.221848749616356
2235,,,16404114,[],CHEMBL3743206,Antibiofilm activity against Pseudoalteromonas ulvae TC14 assessed as reduction in adhesion after 15 hrs by Syto61 based-fluorescence analysis relative to control,F,,,BAO_0000188,BAO_0000019,assay format,O=C(NCCc1cc(Br)c(O)c(Br)c1)c1cn(CCc2ccc(O)c(Br)c2)nn1,,,CHEMBL3739258,Bioorg Med Chem Lett,2015,,CHEMBL3739616,,CHEMBL3739616,5.06,0,http://www.openphacts.org/units/Nanomolar,2737264,=,1,1,=,,EC50,nM,,8800.0,CHEMBL4296595,Pseudoalteromonas ulvae,Pseudoalteromonas ulvae,107327,,,EC50,uM,UO_0000065,,8.8,8800.0,5.055517327849833
3163,,,18470441,[],CHEMBL4182537,Anti-biofilm activity against Pseudoalteromonas ulvae TC14 assessed as inhibition of bacterial adhesion incubated for 15 hrs at 20 degC by Syto 61 dye based fluorimetric assay,F,,,BAO_0000188,BAO_0000218,organism-based format,COc1ccc(-n2cc(C(=O)NCCc3cccc(OC)c3)nn2)cc1,,,CHEMBL4177720,Bioorg Med Chem Lett,2018,,CHEMBL4208238,,CHEMBL4208238,4.28,0,http://www.openphacts.org/units/Nanomolar,3065756,=,1,1,=,,EC50,nM,,52300.0,CHEMBL4296595,Pseudoalteromonas ulvae,Pseudoalteromonas ulvae,107327,,,EC50,uM,UO_0000065,,52.3,52300.0,4.281498311132726
2290,,,16418642,[],CHEMBL3748314,Antibiofilm activity against Bacillus subtilis MTCC 121 after 24 hrs by well diffusion assay by crystal violet staining based method,F,,,BAO_0000190,BAO_0000218,organism-based format,CCCCCCCCC(CCCCCCCCC(=O)OC)SCC(=O)N[C@H](C(=O)OC)c1c[nH]cn1,,,CHEMBL3745670,Bioorg Med Chem Lett,2016,,CHEMBL3747174,,CHEMBL3747174,5.72,0,http://www.openphacts.org/units/Nanomolar,2741389,=,1,1,=,,IC50,nM,,1900.0,CHEMBL359,Bacillus subtilis,Bacillus subtilis,1423,,,IC50,uM,UO_0000065,,1.9,1900.0,5.721246399047171
7331,,,24417291,"[{'comments': None, 'relation': '=', 'result_flag': 0, 'standard_relation': '=', 'standard_text_value': '<=200', 'standard_type': 'Dose', 'standard_units': None, 'standard_value': None, 'text_value': '<=200', 'type': 'Dose', 'units': 'microM', 'value': None}, {'comments': None, 'relation': '=', 'result_flag': 0, 'standard_relation': '=', 'standard_text_value': None, 'standard_type': 'Time_Lower', 'standard_units': 'hrs', 'standard_value': '15.0', 'text_value': None, 'type': 'Time_Lower', 'units': 'hrs', 'value': '15.0'}, {'comments': None, 'relation': '=', 'result_flag': 0, 'standard_relation': '=', 'standard_text_value': None, 'standard_type': 'Time_Upper', 'standard_units': 'hrs', 'standard_value': '18.0', 'text_value': None, 'type': 'Time_Upper', 'units': 'hrs', 'value': '18.0'}]",CHEMBL5047657,Antibiofilm activity against Staphylococcus aureus assessed as inhibition of biofilm formation measured after 15 to 18 hrs by crystal violet staining assay,F,,,BAO_0000190,BAO_0000218,organism-based format,CC(C)CNC(=O)c1c(-c2ccc(C(C#N)Cc3ccc(O)cc3)cc2)oc2ccccc12,,,CHEMBL5046250,Eur J Med Chem,2022,,CHEMBL5073769,,CHEMBL5073769,4.84,0,http://www.openphacts.org/units/Nanomolar,3783900,=,1,1,=,,IC50,nM,,14300.0,CHEMBL352,Staphylococcus aureus,Staphylococcus aureus,1280,,,IC50,uM,UO_0000065,,14.3,14300.0,4.844663962534939
640,,,6304678,[],CHEMBL1815005,Antimicrobial activity against Salmonella Typhimurium ATCC 14028 assessed as inhibition of biofilm formation after 24 hrs by spectrophotometry,F,,,BAO_0000190,BAO_0000218,organism-based format,CNc1ncc(-c2ccc(O)cc2)[nH]1,Outside typical range,"Values for this activity type are unusually large/small, so may not be accurate",CHEMBL1811868,Bioorg Med Chem,2011,,CHEMBL1814262,,CHEMBL1814262,,0,http://www.openphacts.org/units/Nanomolar,1448807,=,1,1,=,,IC50,nM,,160300.0,CHEMBL351,Salmonella enterica subsp. enterica serovar Typhimurium,Salmonella typhimurium,90371,,,IC50,uM,UO_0000065,,160.3,160300.0,3.7950664776458547
1901,,,15087756,[],CHEMBL3388394,Inhibition of biofilm formation in methicillin-resistant Staphylococcus aureus MTCC 96 after 36 hr incubation by tissue culture plate method,F,,,BAO_0000190,BAO_0000218,organism-based format,O=C(O)CCCCC(=O)Nc1ccc(-c2nc3ccccc3[nH]2)cc1,,,CHEMBL3352166,Bioorg Med Chem,2014,,CHEMBL3344008,,CHEMBL3344008,4.09,0,http://www.openphacts.org/units/Nanomolar,2266621,=,1,1,=,,IC50,nM,,81500.0,CHEMBL352,Staphylococcus aureus,Staphylococcus aureus,1280,,,IC50,uM,UO_0000065,,81.5,81500.0,4.088842391260023
3243,,,18511432,[],CHEMBL4191874,Antibiofilm activity against Staphylococcus aureus SH1000 after 48 hrs by crystal violet staining based method,F,,,BAO_0000179,BAO_0000218,organism-based format,COc1ccc(Cc2nc(N)n(CC(=O)Nc3ccccc3)c2-c2ccccc2Br)cc1,,,CHEMBL4190235,Eur J Med Chem,2017,,CHEMBL4210618,,CHEMBL4210618,,0,http://www.openphacts.org/units/Micromolar,3073307,=,1,0,=,,MBIC50,uM,,4.3,CHEMBL352,Staphylococcus aureus,Staphylococcus aureus,1280,,,MBIC50,uM,UO_0000064,,4.3,4300.0,5.366531544420413
6517,,,22905975,"[{'comments': None, 'relation': '=', 'result_flag': 0, 'standard_relation': '=', 'standard_text_value': None, 'standard_type': 'TIME', 'standard_units': 'hr', 'standard_value': '24.0', 'text_value': None, 'type': 'Time', 'units': 'hrs', 'value': '24.0'}]",CHEMBL4733169,Antibiofilm activity against Staphylococcus aureus ATCC 25923 after 24 hrs by crystal violet staining based assay,F,,,BAO_0000179,BAO_0000218,organism-based format,Cn1cc(C(=O)c2nc(-c3cn(C)c4ccc(F)cc34)no2)c2ccccc21,,,CHEMBL4732050,Eur J Med Chem,2021,,CHEMBL4793728,,CHEMBL4793728,,0,http://www.openphacts.org/units/Micromolar,3556004,=,1,0,=,,MBIC50,uM,,30.4,CHEMBL352,Staphylococcus aureus,Staphylococcus aureus,1280,,,MBIC50,uM,UO_0000064,,30.4,30400.0,4.517126416391246
7508,,,24723811,"[{'comments': None, 'relation': '=', 'result_flag': 0, 'standard_relation': '=', 'standard_text_value': None, 'standard_type': 'TIME', 'standard_units': 'hr', 'standard_value': '24.0', 'text_value': None, 'type': 'Time', 'units': 'hrs', 'value': '24.0'}]",CHEMBL5113771,Antibiofilm activity against Staphylococcus aureus ATCC 29213 assessed as inhibition of biofilm formation incubated for 24 hrs by crystal violet method,F,,,BAO_0000190,BAO_0000218,organism-based format,C=CC(C)(C)c1[nH]c2cc(Br)ccc2c1CCNC,,,CHEMBL5113373,Eur J Med Chem,2021,,CHEMBL231592,DESFORMYLFLUSTRABROMINE,CHEMBL231592,4.16,0,http://www.openphacts.org/units/Nanomolar,3856226,=,1,1,=,,IC50,nM,,70000.0,CHEMBL352,Staphylococcus aureus,Staphylococcus aureus,1280,,,IC50,uM,UO_0000065,,70.0,70000.0,4.154901959985743
5839,,,22421794,"[{'comments': None, 'relation': '=', 'result_flag': 0, 'standard_relation': '=', 'standard_text_value': None, 'standard_type': 'TIME', 'standard_units': 'hr', 'standard_value': '24.0', 'text_value': None, 'type': 'Time', 'units': 'hrs', 'value': '24.0'}]",CHEMBL4673711,Inhibition of biofilm formation in methicillin-resistant Staphylococcus aureus ATCC 43300 incubated for 24 hrs by crystal violet staining based assay,F,,,BAO_0000190,BAO_0000218,organism-based format,Cl.Nc1nccc(-c2cccc(NC(=O)c3cc(Cl)cc(Br)c3)c2)n1,,,CHEMBL4673191,RSC Med Chem,2021,,CHEMBL4791811,,CHEMBL4803759,4.56,0,http://www.openphacts.org/units/Nanomolar,3513607,=,1,1,=,,IC50,nM,,27600.0,CHEMBL352,Staphylococcus aureus,Staphylococcus aureus,1280,,,IC50,uM,UO_0000065,,27.6,27600.0,4.559090917934782
905,,,10928315,[],CHEMBL2044658,Inhibition of type 1 pili formation in uropathogenic Escherichia coli isolate UTI89 assessed as inhibition of biofilm formation after 24 hrs by crystal violet staining method,F,,,BAO_0000188,BAO_0000218,organism-based format,Cc1ccc(Cn2cc(-c3c(Cc4cccc5ccccc45)cc(=O)n4c3SC[C@H]4C(=O)O)nn2)cc1,,,CHEMBL2040841,Eur J Med Chem,2012,,CHEMBL2043377,,CHEMBL2043377,4.12,0,http://www.openphacts.org/units/Nanomolar,1651269,=,1,1,=,,EC50,nM,,75000.0,CHEMBL354,Escherichia coli,Escherichia coli,562,,,EC50,uM,UO_0000065,,75.0,75000.0,4.1249387366083
795,,,6306957,[],CHEMBL1815005,Antimicrobial activity against Salmonella Typhimurium ATCC 14028 assessed as inhibition of biofilm formation after 24 hrs by spectrophotometry,F,,,BAO_0000190,BAO_0000218,organism-based format,CN1c2nccc[n+]2C[C@@]1(O)c1ccc([N+](=O)[O-])cc1.[Br-],Outside typical range,"Values for this activity type are unusually large/small, so may not be accurate",CHEMBL1811868,Bioorg Med Chem,2011,,CHEMBL1814027,,CHEMBL1851698,,0,http://www.openphacts.org/units/Nanomolar,1448533,=,1,1,=,,IC50,nM,,698300.0,CHEMBL351,Salmonella enterica subsp. enterica serovar Typhimurium,Salmonella typhimurium,90371,,,IC50,uM,UO_0000065,,698.3,698300.0,3.155957957958983
273,,,5190365,[],CHEMBL1663615,Antibiofilm activity in Salmonella Typhimurium ATCC 14028 assessed as inhibition of biofilm formation at 25 degC after 24 hrs,F,,,BAO_0000190,BAO_0000218,organism-based format,CCCCCCCCCCCn1c(-c2ccc(Cl)cc2)cnc1N,,,CHEMBL1649413,J Med Chem,2011,,CHEMBL1649809,,CHEMBL1649809,5.39,0,http://www.openphacts.org/units/Nanomolar,1322087,=,1,1,=,,IC50,nM,,4100.0,CHEMBL351,Salmonella enterica subsp. enterica serovar Typhimurium,Salmonella typhimurium,90371,,,IC50,uM,UO_0000065,,4.1,4100.0,5.3872161432802645
6520,,,22905978,"[{'comments': None, 'relation': '=', 'result_flag': 0, 'standard_relation': '=', 'standard_text_value': None, 'standard_type': 'TIME', 'standard_units': 'hr', 'standard_value': '24.0', 'text_value': None, 'type': 'Time', 'units': 'hrs', 'value': '24.0'}]",CHEMBL4733169,Antibiofilm activity against Staphylococcus aureus ATCC 25923 after 24 hrs by crystal violet staining based assay,F,,,BAO_0000179,BAO_0000218,organism-based format,COc1ccc2c(c1)c(C(=O)c1nc(-c3cn(C)c4ccc(F)cc34)no1)cn2C,,,CHEMBL4732050,Eur J Med Chem,2021,,CHEMBL4759703,,CHEMBL4759703,,0,http://www.openphacts.org/units/Micromolar,3556007,=,1,0,=,,MBIC50,uM,,39.6,CHEMBL352,Staphylococcus aureus,Staphylococcus aureus,1280,,,MBIC50,uM,UO_0000064,,39.6,39600.0,4.402304814074488
6523,,,22905981,"[{'comments': None, 'relation': '=', 'result_flag': 0, 'standard_relation': '=', 'standard_text_value': None, 'standard_type': 'TIME', 'standard_units': 'hr', 'standard_value': '24.0', 'text_value': None, 'type': 'Time', 'units': 'hrs', 'value': '24.0'}]",CHEMBL4733169,Antibiofilm activity against Staphylococcus aureus ATCC 25923 after 24 hrs by crystal violet staining based assay,F,,,BAO_0000179,BAO_0000218,organism-based format,COc1ccc2c(c1)c(C(=O)c1nc(-c3cn(C)c4ccc(OC)cc34)no1)cn2C,,,CHEMBL4732050,Eur J Med Chem,2021,,CHEMBL4777989,,CHEMBL4777989,,0,http://www.openphacts.org/units/Micromolar,3556011,=,1,0,=,,MBIC50,uM,,2.2,CHEMBL352,Staphylococcus aureus,Staphylococcus aureus,1280,,,MBIC50,uM,UO_0000064,,2.2,2200.0,5.657577319177793
2452,,,16531894,[],CHEMBL3791790,Antibiofilm activity against Bacillus subtilis MTCC 121 after 24 hrs by crystal violet staining based assay,F,,,BAO_0000190,BAO_0000218,organism-based format,CCCCCCCCCCCC[N+](C)(C)CCCCCCCCCCC(=O)OC.[Cl-],,,CHEMBL3784971,Bioorg Med Chem Lett,2016,,CHEMBL3785885,,CHEMBL3787737,,0,http://www.openphacts.org/units/MicrogramPerMilliliter,2768103,=,1,1,=,,IC50,ug.mL-1,,8.5,CHEMBL359,Bacillus subtilis,Bacillus subtilis,1423,,,IC50,ug ml-1,UO_0000274,,8.5,18965.763450073173,4.7220296704681495
272,,,5190364,[],CHEMBL1663615,Antibiofilm activity in Salmonella Typhimurium ATCC 14028 assessed as inhibition of biofilm formation at 25 degC after 24 hrs,F,,,BAO_0000190,BAO_0000218,organism-based format,CCCCCCCCCCn1c(-c2ccc(Cl)cc2)cnc1N,,,CHEMBL1649413,J Med Chem,2011,,CHEMBL1649808,,CHEMBL1649808,5.39,0,http://www.openphacts.org/units/Nanomolar,1322086,=,1,1,=,,IC50,nM,,4100.0,CHEMBL351,Salmonella enterica subsp. enterica serovar Typhimurium,Salmonella typhimurium,90371,,,IC50,uM,UO_0000065,,4.1,4100.0,5.3872161432802645
3550,,,18570344,[],CHEMBL4220815,Antibiofilm activity against Staphylococcus aureus SH1000 after 48 hrs by crystal violet staining based assay,F,,,BAO_0000190,BAO_0000218,organism-based format,c1ccc(-c2cnc(NCCCCNc3ncc(-c4ccccc4)[nH]3)[nH]2)cc1,,,CHEMBL4219072,Bioorg Med Chem,2018,,CHEMBL4225379,,CHEMBL4225379,4.54,0,http://www.openphacts.org/units/Nanomolar,3083441,=,1,1,=,,IC50,nM,,28600.0,CHEMBL352,Staphylococcus aureus,Staphylococcus aureus,1280,,,IC50,uM,UO_0000065,,28.6,28600.0,4.543633966870957
2931,,,18119820,[],CHEMBL4026372,Antibiofilm activity against methicillin-resistant Staphylococcus aureus BAA-44 after 24 hrs by crystal violet staining based assay,F,,,BAO_0000190,BAO_0000019,assay format,CCCCOc1cc(Br)cc(/C=C(\C)Cn2cc(CCCCCc3c[nH]c(N)n3)nn2)c1F,,,CHEMBL4024742,J Med Chem,2017,,CHEMBL4079678,,CHEMBL4079678,5.35,0,http://www.openphacts.org/units/Nanomolar,3004687,=,1,1,=,,IC50,nM,,4500.0,CHEMBL352,Staphylococcus aureus,Staphylococcus aureus,1280,,,IC50,uM,UO_0000065,,4.5,4500.0,5.346787486224656
313,,,5190405,[],CHEMBL1663615,Antibiofilm activity in Salmonella Typhimurium ATCC 14028 assessed as inhibition of biofilm formation at 25 degC after 24 hrs,F,,,BAO_0000190,BAO_0000218,organism-based format,Nc1ncc(-c2ccccc2)n1C1CCCCC1,,,CHEMBL1649413,J Med Chem,2011,,CHEMBL1649849,,CHEMBL1649849,4.07,0,http://www.openphacts.org/units/Nanomolar,1322127,=,1,1,=,,IC50,nM,,85200.0,CHEMBL351,Salmonella enterica subsp. enterica serovar Typhimurium,Salmonella typhimurium,90371,,,IC50,uM,UO_0000065,,85.2,85200.0,4.069560405233299
3411,,,18570205,[],CHEMBL4220812,Antibiofilm activity against Salmonella typhimurium ATCC 14028 after 24 hrs by crystal violet staining based assay,F,,,BAO_0000190,BAO_0000218,organism-based format,Clc1ccc(-c2cnc(NCCCNc3ncc(-c4ccc(Cl)cc4)[nH]3)[nH]2)cc1,,,CHEMBL4219072,Bioorg Med Chem,2018,,CHEMBL4228735,,CHEMBL4228735,5.57,0,http://www.openphacts.org/units/Nanomolar,3083454,=,1,1,=,,IC50,nM,,2700.0,CHEMBL351,Salmonella enterica subsp. enterica serovar Typhimurium,Salmonella typhimurium,90371,,,IC50,uM,UO_0000065,,2.7,2700.0,5.568636235841012
336,,,5190428,[],CHEMBL1663615,Antibiofilm activity in Salmonella Typhimurium ATCC 14028 assessed as inhibition of biofilm formation at 25 degC after 24 hrs,F,,,BAO_0000190,BAO_0000218,organism-based format,COc1ccc(CCn2c(-c3ccccc3)cnc2N)cc1OC,Outside typical range,"Values for this activity type are unusually large/small, so may not be accurate",CHEMBL1649413,J Med Chem,2011,,CHEMBL1649871,,CHEMBL1649871,,0,http://www.openphacts.org/units/Nanomolar,1322150,=,1,1,=,,IC50,nM,,185000.0,CHEMBL351,Salmonella enterica subsp. enterica serovar Typhimurium,Salmonella typhimurium,90371,,,IC50,uM,UO_0000065,,185.0,185000.0,3.7328282715969863
3248,,,18511437,[],CHEMBL4191874,Antibiofilm activity against Staphylococcus aureus SH1000 after 48 hrs by crystal violet staining based method,F,,,BAO_0000179,BAO_0000218,organism-based format,Cc1ccc(NC(=O)Cn2c(N)nc(CC3CC3)c2-c2ccccc2Br)cc1,,,CHEMBL4190235,Eur J Med Chem,2017,,CHEMBL4203019,,CHEMBL4203019,,0,http://www.openphacts.org/units/Micromolar,3073312,=,1,0,=,,MBIC50,uM,,21.9,CHEMBL352,Staphylococcus aureus,Staphylococcus aureus,1280,,,MBIC50,uM,UO_0000064,,21.9,21900.0,4.6595558851598815
821,,,6306984,[],CHEMBL1815005,Antimicrobial activity against Salmonella Typhimurium ATCC 14028 assessed as inhibition of biofilm formation after 24 hrs by spectrophotometry,F,,,BAO_0000190,BAO_0000218,organism-based format,CCCCCCCCCCCCCCN1c2nccc[n+]2C[C@@]1(O)c1ccccc1.[Br-],Outside typical range,"Values for this activity type are unusually large/small, so may not be accurate",CHEMBL1811868,Bioorg Med Chem,2011,,CHEMBL1814013,,CHEMBL1851696,,0,http://www.openphacts.org/units/Nanomolar,1448519,=,1,1,=,,IC50,nM,,179600.0,CHEMBL351,Salmonella enterica subsp. enterica serovar Typhimurium,Salmonella typhimurium,90371,,,IC50,uM,UO_0000065,,179.6,179600.0,3.7456936676687143
2842,,,17987948,[],CHEMBL3999630,Antibiofilm activity against Bacillus subtilis MTCC 121 after 24 hrs by crystal violet staining based assay,F,,,BAO_0000190,BAO_0000019,assay format,Cc1ccc(-c2nn(-c3ccccc3)cc2C2c3c(n(C)c(=O)n(C)c3=O)N=CN2c2ccc(C)cc2)cc1,,,CHEMBL3997821,Bioorg Med Chem Lett,2017,,CHEMBL4061194,,CHEMBL4061194,,0,http://www.openphacts.org/units/MicrogramPerMilliliter,2979982,=,1,1,=,,IC50,ug.mL-1,,3.6,CHEMBL359,Bacillus subtilis,Bacillus subtilis,1423,,,IC50,ug ml-1,UO_0000274,,3.6,6968.573668470103,5.156856104441868
278,,,5190370,[],CHEMBL1663615,Antibiofilm activity in Salmonella Typhimurium ATCC 14028 assessed as inhibition of biofilm formation at 25 degC after 24 hrs,F,,,BAO_0000190,BAO_0000218,organism-based format,CCCCn1c(-c2ccc(-c3ccccc3)cc2)cnc1N,,,CHEMBL1649413,J Med Chem,2011,,CHEMBL1649814,,CHEMBL1649814,4.68,0,http://www.openphacts.org/units/Nanomolar,1322092,=,1,1,=,,IC50,nM,,21100.0,CHEMBL351,Salmonella enterica subsp. enterica serovar Typhimurium,Salmonella typhimurium,90371,,,IC50,uM,UO_0000065,,21.1,21100.0,4.675717544702307
6513,,,22905971,"[{'comments': None, 'relation': '=', 'result_flag': 0, 'standard_relation': '=', 'standard_text_value': None, 'standard_type': 'TIME', 'standard_units': 'hr', 'standard_value': '24.0', 'text_value': None, 'type': 'Time', 'units': 'hrs', 'value': '24.0'}]",CHEMBL4733169,Antibiofilm activity against Staphylococcus aureus ATCC 25923 after 24 hrs by crystal violet staining based assay,F,,,BAO_0000179,BAO_0000218,organism-based format,Cn1cc(C(=O)c2nc(-c3cn(C)c4ccccc34)no2)c2cc(Br)ccc21,,,CHEMBL4732050,Eur J Med Chem,2021,,CHEMBL4751150,,CHEMBL4751150,,0,http://www.openphacts.org/units/Micromolar,3555999,=,1,0,=,,MBIC50,uM,,39.5,CHEMBL352,Staphylococcus aureus,Staphylococcus aureus,1280,,,MBIC50,uM,UO_0000064,,39.5,39500.0,4.403402904373539
703,,,6305751,[],CHEMBL1815005,Antimicrobial activity against Salmonella Typhimurium ATCC 14028 assessed as inhibition of biofilm formation after 24 hrs by spectrophotometry,F,,,BAO_0000190,BAO_0000218,organism-based format,O=[N+]([O-])c1ccc([C@]2(O)C[n+]3cccnc3N2C23CC4CC(CC(C4)C2)C3)cc1.[Br-],,,CHEMBL1811868,Bioorg Med Chem,2011,,CHEMBL1814227,,CHEMBL1851855,5.06,0,http://www.openphacts.org/units/Nanomolar,1448766,=,1,1,=,,IC50,nM,,8800.0,CHEMBL351,Salmonella enterica subsp. enterica serovar Typhimurium,Salmonella typhimurium,90371,,,IC50,uM,UO_0000065,,8.8,8800.0,5.055517327849833
3941,,,18935636,[],CHEMBL4326949,Antibiofilm activity against methicillin-resistant Staphylococcus aureus,F,,,BAO_0000190,BAO_0000218,organism-based format,O=C(Oc1c(Br)cc(Br)c2nc3ccccc3nc12)c1ccco1,,,CHEMBL4325854,Eur J Med Chem,2019,,CHEMBL4469218,,CHEMBL4469218,5.85,0,http://www.openphacts.org/units/Nanomolar,3159078,=,1,1,=,,IC50,nM,,1400.0,CHEMBL352,Staphylococcus aureus,Staphylococcus aureus,1280,,,IC50,uM,UO_0000065,2.9,1.4,1400.0,5.853871964321762
322,,,5190414,[],CHEMBL1663615,Antibiofilm activity in Salmonella Typhimurium ATCC 14028 assessed as inhibition of biofilm formation at 25 degC after 24 hrs,F,,,BAO_0000190,BAO_0000218,organism-based format,Nc1ncc(-c2ccc(Cl)cc2)n1C1CCCCCCCCCCC1,Outside typical range,"Values for this activity type are unusually large/small, so may not be accurate",CHEMBL1649413,J Med Chem,2011,,CHEMBL1649858,,CHEMBL1649858,,0,http://www.openphacts.org/units/Nanomolar,1322136,=,1,1,=,,IC50,nM,,120200.0,CHEMBL351,Salmonella enterica subsp. enterica serovar Typhimurium,Salmonella typhimurium,90371,,,IC50,uM,UO_0000065,,120.2,120200.0,3.9200955323332796
5403,,,19241873,[],CHEMBL4399782,Antibiofilm activity against Klebsiella planticola MTCC 530 assessed as inhibition of biofilm formation by crystal violet staining-based microtitre plate assay,F,,,BAO_0000190,BAO_0000218,organism-based format,O=C(c1cn(-c2ccc(Br)cc2)nn1)c1c(-c2ccc(Cl)cc2)nc2sccn12,,,CHEMBL4396937,Bioorg Med Chem Lett,2019,,CHEMBL4454220,,CHEMBL4454220,,0,http://www.openphacts.org/units/MicrogramPerMilliliter,3211954,=,1,1,=,,IC50,ug.mL-1,,20.5,CHEMBL613271,Raoultella planticola,Raoultella planticola,575,,,IC50,ug ml-1,UO_0000274,,20.5,42288.4443215902,4.373778291088049
673,,,6305665,[],CHEMBL1815005,Antimicrobial activity against Salmonella Typhimurium ATCC 14028 assessed as inhibition of biofilm formation after 24 hrs by spectrophotometry,F,,,BAO_0000190,BAO_0000218,organism-based format,O[C@@]1(c2ccc3c(c2)OCO3)C[n+]2cccnc2N1Cc1ccc2c(c1)OCO2.[Br-],,,CHEMBL1811868,Bioorg Med Chem,2011,,CHEMBL1814237,,CHEMBL1851767,4.27,0,http://www.openphacts.org/units/Nanomolar,1448776,=,1,1,=,,IC50,nM,,53700.0,CHEMBL351,Salmonella enterica subsp. enterica serovar Typhimurium,Salmonella typhimurium,90371,,,IC50,uM,UO_0000065,,53.7,53700.0,4.270025714300444
3701,,,18730770,[],CHEMBL4260145,Antibiofilm activity against Salmonella typhimurium ATCC 14028 after 24 hrs by crystal violet staining based assay,F,,,BAO_0000190,BAO_0000218,organism-based format,CCCCCCn1c(N)nc2ccc(NC(=O)c3ccc(CCCCC)cc3)cc21.Cl,,,CHEMBL4257552,Medchemcomm,2018,,CHEMBL4276713,,CHEMBL4302585,5.0,0,http://www.openphacts.org/units/Nanomolar,3111833,=,1,1,=,,IC50,nM,,10000.0,CHEMBL351,Salmonella enterica subsp. enterica serovar Typhimurium,Salmonella typhimurium,90371,,,IC50,uM,UO_0000065,15.0,10.0,10000.0,5.0
804,,,6306966,[],CHEMBL1815005,Antimicrobial activity against Salmonella Typhimurium ATCC 14028 assessed as inhibition of biofilm formation after 24 hrs by spectrophotometry,F,,,BAO_0000190,BAO_0000218,organism-based format,CCCCCCN1c2nccc[n+]2C[C@@]1(O)c1ccc(Cl)cc1.[Br-],,,CHEMBL1811868,Bioorg Med Chem,2011,,CHEMBL1814018,,CHEMBL1851751,4.86,0,http://www.openphacts.org/units/Nanomolar,1448524,=,1,1,=,,IC50,nM,,13700.0,CHEMBL351,Salmonella enterica subsp. enterica serovar Typhimurium,Salmonella typhimurium,90371,,,IC50,uM,UO_0000065,,13.7,13700.0,4.863279432843593
6052,,,22446282,[],CHEMBL4679608,Antibiofilm activity against Streptococcus mutans UA159 assessed as inhibition of biofilm formation by serial dilution method,F,,,BAO_0000190,BAO_0000218,organism-based format,NC(=O)c1ccccc1NC(=O)c1ccc2ccccc2c1,,,CHEMBL4673385,ACS Med Chem Lett,2021,,CHEMBL1407779,,CHEMBL1407779,4.08,0,http://www.openphacts.org/units/Nanomolar,3517941,=,1,1,=,,IC50,nM,,84100.0,CHEMBL612426,Streptococcus mutans,Streptococcus mutans,1309,,,IC50,uM,UO_0000065,,84.1,84100.0,4.075204004202088
1914,,,15087769,[],CHEMBL3388394,Inhibition of biofilm formation in methicillin-resistant Staphylococcus aureus MTCC 96 after 36 hr incubation by tissue culture plate method,F,,,BAO_0000190,BAO_0000218,organism-based format,O=C(O)CCCC(=O)Nc1ccc(-c2nc3cc([N+](=O)[O-])ccc3[nH]2)cc1,,,CHEMBL3352166,Bioorg Med Chem,2014,,CHEMBL3344021,,CHEMBL3344021,4.21,0,http://www.openphacts.org/units/Nanomolar,2266634,=,1,1,=,,IC50,nM,,62310.0,CHEMBL352,Staphylococcus aureus,Staphylococcus aureus,1280,,,IC50,uM,UO_0000065,,62.31,62310.0,4.205442248745238
716,,,6305764,[],CHEMBL1815005,Antimicrobial activity against Salmonella Typhimurium ATCC 14028 assessed as inhibition of biofilm formation after 24 hrs by spectrophotometry,F,,,BAO_0000190,BAO_0000218,organism-based format,O[C@@]1(c2ccccc2)C[n+]2cccnc2N1C1CCC1.[Br-],Outside typical range,"Values for this activity type are unusually large/small, so may not be accurate",CHEMBL1811868,Bioorg Med Chem,2011,,CHEMBL1814214,,CHEMBL1851768,,0,http://www.openphacts.org/units/Nanomolar,1448753,=,1,1,=,,IC50,nM,,493000.0,CHEMBL351,Salmonella enterica subsp. enterica serovar Typhimurium,Salmonella typhimurium,90371,,,IC50,uM,UO_0000065,,493.0,493000.0,3.3071530807227703
